{
  "type": "FeatureCollection",
  "name": "empire",
  "crs": {
    "type": "name",
    "properties": { "name": "urn:ogc:def:crs:OGC:1.3:CRS84" }
  },
  "features": [
    {
      "type": "Feature",
      "properties": { "fid": 1.0, "NAME": "French", "Empire": "f" },
      "geometry": {
        "type": "MultiPolygon",
        "coordinates": [
          [
            [
              [57.357758008952011, -20.42742278351097],
              [57.377452019120469, -20.243096614228371],
              [57.410492384362364, -20.189222918695677],
              [57.463877800832485, -20.161553652485846],
              [57.493825716628635, -20.122328379214409],
              [57.528086784980928, -20.030857028804697],
              [57.580332879678828, -19.999932556914704],
              [57.607106972606104, -19.979424795092523],
              [57.679698113679997, -19.999932556914704],
              [57.708832226987575, -20.089939059872886],
              [57.733653191316357, -20.096123959210814],
              [57.744476759203678, -20.14381276006575],
              [57.795746289380126, -20.222751553721082],
              [57.778168164305271, -20.304782805090969],
              [57.78150475526342, -20.335707302780079],
              [57.71225019651304, -20.387465107191638],
              [57.723317903269411, -20.43425870450081],
              [57.672211134997362, -20.479668888085573],
              [57.630973600326207, -20.492040129685154],
              [57.503591343113762, -20.517347926288515],
              [57.399261916760608, -20.497979442883263],
              [57.378103061801887, -20.507012636146673],
              [57.303477408771037, -20.430922120480826],
              [57.357758008952011, -20.42742278351097]
            ]
          ],
          [
            [
              [63.343272318565901, -19.70973060226763],
              [63.389170775268269, -19.684747061172548],
              [63.454274938797482, -19.669854450939525],
              [63.476247604700596, -19.677829802715422],
              [63.4939071020721, -19.681898742995465],
              [63.469411663127659, -19.72291439630186],
              [63.366384307427879, -19.767185120865584],
              [63.332286016095821, -19.736423547292855],
              [63.343272318565901, -19.70973060226763]
            ]
          ],
          [
            [
              [45.162608267357349, -25.598565347339065],
              [45.136078320880983, -25.58416106486278],
              [45.118174675053446, -25.52955494651259],
              [45.087657096462074, -25.508233325824378],
              [44.980967645234017, -25.471856389935581],
              [44.937998895513722, -25.438164986696243],
              [44.925547721503698, -25.407810149167481],
              [44.834727408505472, -25.344008056339955],
              [44.727793815631692, -25.303643487852721],
              [44.369476758656425, -25.256768484568948],
              [44.296397332112825, -25.153497004137506],
              [44.384043815243892, -25.220879808429117],
              [44.409434441126805, -25.210544530269129],
              [44.404958530711447, -25.18816497913873],
              [44.389008009565877, -25.191013284678473],
              [44.318044466628358, -25.144219655248794],
              [44.247569206617321, -25.127211192125223],
              [44.187185091973213, -25.06698984172656],
              [44.10857181112096, -25.04802825423619],
              [44.028819199765913, -24.998955913589914],
              [44.000987174810348, -24.865411064025064],
              [43.918304884615672, -24.741957296488412],
              [43.918304883750551, -24.619073172342986],
              [43.855479375657097, -24.551202216723212],
              [43.839854367337509, -24.5057919717004],
              [43.706716354856574, -24.406182689970077],
              [43.67286218449162, -24.334893592007482],
              [43.656260614123632, -24.185316677462399],
              [43.6696069621837, -24.01327884988185],
              [43.652110219948568, -23.916436432770848],
              [43.665212446479671, -23.878594777961915],
              [43.624766469293263, -23.761895409979903],
              [43.639008006330663, -23.741306217372163],
              [43.64161218437394, -23.638930054340719],
              [43.748301620135933, -23.57008218730132],
              [43.734629759481976, -23.509209957802973],
              [43.76124108080311, -23.463799724033116],
              [43.701426630062166, -23.395440375467832],
              [43.631032737169868, -23.344821745220713],
              [43.58318119409995, -23.075860381367335],
              [43.487559439097602, -23.001560130973129],
              [43.361175983860086, -22.843194353082211],
              [43.315684442031952, -22.645277614807672],
              [43.284922723973644, -22.58749767859425],
              [43.278005399737694, -22.425876493832387],
              [43.222911004976147, -22.254815375397744],
              [43.246836785275946, -22.218357032508337],
              [43.274099159965068, -22.215997066112593],
              [43.295176630414765, -22.234470327957244],
              [43.301768429626449, -22.218845368762562],
              [43.295176628499746, -22.166110928627603],
              [43.260915556190277, -22.165622592690358],
              [43.247243683636349, -22.125583561802046],
              [43.262705930277406, -21.959893555920889],
              [43.288340692483011, -21.938897413092175],
              [43.282481311614681, -21.898369993429245],
              [43.302093951756419, -21.864434577332261],
              [43.308848505708674, -21.93206147799398],
              [43.329274937655114, -21.905043248320553],
              [43.347341345133572, -21.75025811161758],
              [43.431488477842422, -21.662286076936599],
              [43.47266686360279, -21.672051698814855],
              [43.472666864595233, -21.405206008890911],
              [43.507497588739085, -21.309502820187131],
              [43.523285354175009, -21.326755495527827],
              [43.542246937736536, -21.309502820187131],
              [43.586924678860207, -21.274834944645384],
              [43.680023635868615, -21.266045855469979],
              [43.734629755679059, -21.281670852948849],
              [43.812754752107772, -21.224297759260903],
              [43.863780141823597, -21.076267156451703],
              [43.901540562812244, -20.882907833872963],
              [43.964610224568084, -20.767347948874466],
              [44.036387566924937, -20.725518500191043],
              [44.090342643974893, -20.630547783667556],
              [44.125824415188077, -20.498304948484058],
              [44.151703321705114, -20.465997012315615],
              [44.158539259733658, -20.493340762686692],
              [44.196787957263922, -20.421644793484848],
              [44.254730665270188, -20.376071876565774],
              [44.26124108199248, -20.307549737899517],
              [44.334239128328313, -20.169610275125116],
              [44.438975457154989, -20.055352474043968],
              [44.473887561534305, -19.986260616092576],
              [44.471853071660156, -19.879489982741891],
              [44.45337975464787, -19.877048443556347],
              [44.43978925652474, -19.842217673284765],
              [44.398285360762273, -19.824151415933922],
              [44.370860211880704, -19.774020957961373],
              [44.409678578092667, -19.701429894248793],
              [44.404958537950598, -19.610121457422927],
              [44.43295333055935, -19.589044004707524],
              [44.448415559405134, -19.544366122854793],
              [44.483734567304019, -19.523207241023378],
              [44.479746941299211, -19.483982032966129],
              [44.444672073491297, -19.385837531105544],
              [44.37810304983352, -19.312595161215942],
              [44.344004759662035, -19.235528328596089],
              [44.271798041986777, -19.146050568640877],
              [44.22754966906389, -19.054619970268195],
              [44.257334843086348, -18.803887777607201],
              [44.185883011747457, -18.610772431311602],
              [44.0417586525598, -18.396905104030537],
              [44.041840040030571, -18.198011977420506],
              [44.000987174864093, -17.937920829107366],
              [44.035655148297408, -17.769463860150154],
              [43.929209829776873, -17.601657778599822],
              [43.932627796842098, -17.484958547184867],
              [44.012054879621161, -17.334079622561209],
              [44.036468947645297, -17.329522417450995],
              [44.138194211764059, -17.170505535247528],
              [44.15170332081302, -17.094414969311309],
              [44.179698114490776, -17.095147415412317],
              [44.23804771720183, -16.970961126743703],
              [44.430674673489897, -16.70037198098461],
              [44.43978926143501, -16.655531543578885],
              [44.411794468227306, -16.573011995027667],
              [44.428477406045104, -16.537692908806612],
              [44.439789262061907, -16.566989886964205],
              [44.45557702152454, -16.540948212115111],
              [44.462901238034846, -16.485446873512625],
              [44.400645375195246, -16.372816608428174],
              [44.398203969360054, -16.34042730266772],
              [44.436045767328238, -16.278985259017407],
              [44.444672069268336, -16.195733304990515],
              [44.536957226551841, -16.176527595273249],
              [44.794444204735818, -16.191664287249207],
              [44.854258660397484, -16.225355732902894],
              [44.877777540841826, -16.209161078509723],
              [45.040212435246765, -16.118096601779378],
              [45.138682485615007, -15.990899311246826],
              [45.26636803437335, -15.923923425588269],
              [45.297862173517323, -16.111993075030746],
              [45.32894941309727, -16.110121323822302],
              [45.358083532497254, -16.076836884037927],
              [45.406260614798207, -16.054864217679924],
              [45.410411005277297, -16.030531526980035],
              [45.370778843097142, -15.994561472357265],
              [45.379405145576328, -15.973809526530355],
              [45.570078972674992, -15.943047794055012],
              [45.590342642832283, -15.987562740663716],
              [45.580414258858582, -16.040785412906747],
              [45.59791100570272, -16.032403278194938],
              [45.612071160165883, -16.049574479449952],
              [45.61158288024658, -15.980889599504275],
              [45.638356967676017, -15.943047794055012],
              [45.646250847617672, -15.891208601219027],
              [45.621429882052738, -15.850762598835043],
              [45.660899282769883, -15.803806214515047],
              [45.704274937547346, -15.782484656245224],
              [45.802012567035725, -15.816582956487263],
              [45.897959829824494, -15.774590720435265],
              [45.948578321786663, -15.774183863761372],
              [45.958750844584706, -15.839939024063519],
              [46.066091340116067, -15.861911689078228],
              [46.049815300168817, -15.826348568508699],
              [46.070974155907876, -15.778578396533701],
              [46.00993899900994, -15.814385690036127],
              [46.015798373672254, -15.79225026802305],
              [46.074473503110163, -15.730889567688076],
              [46.1442163414684, -15.703708584043405],
              [46.235524937609242, -15.717461871011169],
              [46.249034048724589, -15.758070552030993],
              [46.207367381774844, -15.819512595022413],
              [46.331065297701805, -15.977227438404082],
              [46.337901236169138, -15.936211820163175],
              [46.365082224852792, -15.963555565604278],
              [46.384938995700985, -15.959161032389414],
              [46.385590038473026, -15.902113517587642],
              [46.411957228296892, -15.899672152026046],
              [46.468760613532893, -15.95671966677649],
              [46.479177279151564, -15.948907146612157],
              [46.444346549387994, -15.881036057015091],
              [46.383148632122008, -15.834893460302956],
              [46.299001497567779, -15.815687751604573],
              [46.35564212533049, -15.732517219644565],
              [46.344737174546658, -15.71705493925087],
              [46.303721552247076, -15.710219041496936],
              [46.332692907050792, -15.630140913734742],
              [46.482432487207397, -15.491143476030862],
              [46.488617384917823, -15.511651313833461],
              [46.604746941629593, -15.424248965530502],
              [46.680430535671505, -15.415459904155611],
              [46.636241082149745, -15.398532812268924],
              [46.643321161194784, -15.378025016139489],
              [46.700938346470323, -15.364353114958233],
              [46.879405144315292, -15.225030210822249],
              [46.949473504353612, -15.198418883412682],
              [46.971446160353771, -15.198418883412682],
              [46.997325065714648, -15.282159108664914],
              [47.074717645104663, -15.323988556690693],
              [47.049815299935005, -15.374769789020963],
              [47.011566601687171, -15.40545012329668],
              [46.967051629470276, -15.492282817025874],
              [46.958262566430761, -15.54957448340789],
              [46.997243686140969, -15.494724219103853],
              [47.147634311201969, -15.44646575601659],
              [47.180023634544476, -15.457126568120612],
              [47.232106967299778, -15.433282163474246],
              [47.235362175679434, -15.415459904155611],
              [47.195811394907103, -15.39568451659075],
              [47.162282748046607, -15.292657159703875],
              [47.111827019480721, -15.306247661267514],
              [47.119883660565634, -15.257907818584494],
              [47.087901238597929, -15.254652611083049],
              [47.055918815754644, -15.193617442248955],
              [47.091970247841445, -15.134942313565723],
              [47.205739779932294, -15.046644788954778],
              [47.241384315058198, -14.969659175996812],
              [47.291758668254168, -14.923435282527752],
              [47.371836789387011, -14.890557618396972],
              [47.368337432498322, -14.846612183184027],
              [47.308604356875392, -14.875176595249348],
              [47.283702024696645, -14.84693784733054],
              [47.444834840439491, -14.671563542998959],
              [47.465342634731023, -14.665459746810077],
              [47.496104364127277, -14.711602489813341],
              [47.493011918339491, -14.783379868436006],
              [47.517100461426153, -14.819594077236976],
              [47.420664914735653, -14.965590175261463],
              [47.410411003851145, -15.08782317272045],
              [47.427744987923838, -15.107598564835342],
              [47.48243248814164, -15.080254818164915],
              [47.522959828598601, -14.998711794646365],
              [47.551280153311673, -14.97665795351659],
              [47.56251060852501, -14.985039903095117],
              [47.570567251409393, -14.933282118931302],
              [47.651866087689399, -14.758884462233539],
              [47.797129762930524, -14.56633894210114],
              [47.85914147999997, -14.640801817273129],
              [47.914398624608225, -14.66204177721257],
              [47.920664916127613, -14.70973082299307],
              [47.93628991852691, -14.671563542998959],
              [47.914398642009239, -14.640801817273129],
              [47.942149282417653, -14.619235894228941],
              [47.968597854848909, -14.622165667940116],
              [47.996267123844014, -14.675388292241724],
              [48.000254759831613, -14.762302432772383],
              [48.016856322885808, -14.737074584388893],
              [48.013031440308829, -14.630059413368462],
              [47.926035998556564, -14.566501473616828],
              [47.853770372657543, -14.594496251454606],
              [47.803884313240843, -14.54558688271802],
              [47.752940308972512, -14.600518630458863],
              [47.721364775542092, -14.54534263481651],
              [47.735606311654628, -14.524834824503865],
              [47.701508010301886, -14.446384393984179],
              [47.721934437148107, -14.33806725331743],
              [47.773692254400416, -14.290297139536154],
              [47.790863479002951, -14.223239874890877],
              [47.814463729549367, -14.215996864199324],
              [47.861013224655451, -14.248793352236717],
              [47.926768420073145, -14.246270360491533],
              [47.94353274167338, -14.232517081523593],
              [47.955332872377504, -14.185235175237469],
              [47.941742386303318, -14.134860973013218],
              [47.906993032005154, -14.099704635373975],
              [47.920095246019848, -14.086032777155557],
              [48.01368249597509, -14.140557681354691],
              [47.975271030922706, -14.288262643003534],
              [47.98275801361082, -14.325372077709517],
              [47.996267115656238, -14.32561602504204],
              [48.003103054600416, -14.28525145596616],
              [48.033946164787949, -14.262383799946118],
              [48.010508662786172, -14.209568012601018],
              [48.050954631659494, -14.13030378665257],
              [48.048187696756003, -14.084079697507171],
              [48.031079180933965, -14.063598348724208],
              [47.941091348697512, -14.004083052885512],
              [48.017100457272015, -13.965427346551927],
              [48.017100450360871, -13.952813297733888],
              [47.917491085749539, -13.897637691292211],
              [47.891286661518038, -13.849704795579509],
              [47.875824415966591, -13.784275014503601],
              [47.88379967073179, -13.728448101749651],
              [47.927500843359844, -13.709242383472525],
              [47.89519290012381, -13.678968923945558],
              [47.904307495714512, -13.603204167904705],
              [47.91781661034122, -13.582614987023844],
              [47.952972845354473, -13.590264465623862],
              [47.965586776423251, -13.520765733153704],
              [47.984873896355843, -13.506768529195368],
              [48.003103052856872, -13.517347772795565],
              [47.982595248963889, -13.543145457797619],
              [47.98951256939116, -13.558363599006121],
              [48.010508664356344, -13.551527677816187],
              [48.015310090836138, -13.580173414799932],
              [48.050954631257994, -13.544122146700701],
              [48.031260618023623, -13.517185241675993],
              [48.068369979845841, -13.517347772795565],
              [48.099375844864277, -13.599379128065264],
              [48.127126495883331, -13.58700933637283],
              [48.14242597833713, -13.595391557110473],
              [48.175303575442996, -13.715996891019399],
              [48.194021023377829, -13.726983218067344],
              [48.181325724384337, -13.746758847728355],
              [48.192393419562322, -13.766859540610444],
              [48.24822024679851, -13.79998135767212],
              [48.298675984852814, -13.798272526737259],
              [48.341156449882135, -13.755547849824957],
              [48.324554875767078, -13.729668738012528],
              [48.332041865319916, -13.661390922692306],
              [48.359548370852757, -13.599379128065264],
              [48.333343940333634, -13.546319170991739],
              [48.364268418884144, -13.543552236257796],
              [48.39356529969082, -13.585707284678257],
              [48.427582235206522, -13.524183993961458],
              [48.489756698774343, -13.517347772795565],
              [48.489756705825563, -13.497002842656043],
              [48.534190291321522, -13.520765733153704],
              [48.482269724818984, -13.415134334920953],
              [48.482269733243925, -13.360446982578615],
              [48.507009307949993, -13.373142131563762],
              [48.524424670191898, -13.410902518094918],
              [48.604991082209331, -13.44548919463351],
              [48.71094811025683, -13.432305549408358],
              [48.780121297554082, -13.383884504468901],
              [48.805023642274257, -13.352960038353306],
              [48.78760826242317, -13.333103007999657],
              [48.839203320997285, -13.260430596951034],
              [48.818695506651522, -13.176364800341421],
              [48.843516473690578, -13.080824507248087],
              [48.905528195989923, -12.961114281202724],
              [48.941661000969582, -12.928399292083537],
              [48.955332886820145, -12.811700271282062],
              [48.914724161512012, -12.749607149137621],
              [48.901866080446254, -12.682386948137696],
              [48.865896028729033, -12.647230703292344],
              [48.886973506451064, -12.564629862069411],
              [48.867930535658935, -12.551446234404652],
              [48.839203323448665, -12.564629862069411],
              [48.838715033087531, -12.535251429565754],
              [48.773692255493636, -12.435235312499143],
              [48.770843944453901, -12.454766504551822],
              [48.72999108575879, -12.434991215787432],
              [48.759613474100142, -12.398125853446087],
              [48.852712435348693, -12.413750896565022],
              [48.904063346065413, -12.488946204307689],
              [48.945811391577578, -12.479912973140229],
              [48.984629754995503, -12.333428663103494],
              [49.024180534703717, -12.325778898312523],
              [49.065196163247599, -12.277276362569655],
              [49.079925979285271, -12.295179989937491],
              [49.119802279775051, -12.242608326655114],
              [49.151215036482554, -12.250746284168331],
              [49.16822350116059, -12.21591556807247],
              [49.161387563044251, -12.181735877618969],
              [49.201508009052468, -12.146661067020144],
              [49.14087975163865, -12.098565316756826],
              [49.093028188640965, -12.098565316756826],
              [49.161387566773499, -12.050713815211898],
              [49.22339928791569, -12.106052398957036],
              [49.216807484797734, -12.065036654175572],
              [49.181895381288683, -12.043877908025779],
              [49.215993688403607, -12.009698222416842],
              [49.212575713205077, -11.985935078949693],
              [49.260020378660244, -11.943617439257324],
              [49.288340694592172, -11.954847986150938],
              [49.322601755254951, -12.000095236205953],
              [49.373057489827566, -12.198174773266835],
              [49.329437699224279, -12.15715917553049],
              [49.28492272160112, -12.17839933927316],
              [49.263845250990997, -12.140232087182449],
              [49.240000846397798, -12.162855715305573],
              [49.249196813863598, -12.180271147498466],
              [49.229665557513258, -12.222100451676754],
              [49.291758658242472, -12.239434469164783],
              [49.271250845457352, -12.26360439536133],
              [49.281504756732261, -12.284844711370154],
              [49.30713952120967, -12.255140925455882],
              [49.325856970264816, -12.277276362569655],
              [49.319509313296408, -12.295179989937491],
              [49.349375846719752, -12.298516528642361],
              [49.366872591338726, -12.291599204353966],
              [49.358409052710506, -12.246189112072825],
              [49.38135826644757, -12.222832891870789],
              [49.421722851406777, -12.274346601648201],
              [49.456228062302436, -12.373467730658437],
              [49.496592643370512, -12.34612394405749],
              [49.539398632761241, -12.378187734595269],
              [49.538096552693837, -12.406996402749815],
              [49.50098717103247, -12.39739341312659],
              [49.490407750691269, -12.406996402749815],
              [49.527679881242967, -12.442640831229552],
              [49.558604362718761, -12.420668221709336],
              [49.586436392643186, -12.482028878649995],
              [49.592458534876442, -12.542657249549647],
              [49.574717636620484, -12.529717568745262],
              [49.572113473273298, -12.48951581340657],
              [49.566091344691102, -12.516696923124156],
              [49.580902544056578, -12.573663094113556],
              [49.565440302978331, -12.63982518280925],
              [49.574717637637548, -12.656670714125996],
              [49.60027102870994, -12.647230703292344],
              [49.635508652784701, -12.674574349006814],
              [49.675303586315259, -12.757094086333636],
              [49.654795761648408, -12.804864058109896],
              [49.688812688643416, -12.804864058109896],
              [49.719493040843986, -12.739922890167996],
              [49.744151245101591, -12.743422261907396],
              [49.73666426332057, -12.757094086333636],
              [49.804942246626226, -12.804864058109896],
              [49.814707878955147, -12.865817966195099],
              [49.873789905142083, -12.888360197276864],
              [49.87452232998406, -12.908461160081385],
              [49.852549675490131, -12.924411725722331],
              [49.90447024923057, -12.96233491579676],
              [49.942149283609254, -13.033868072551979],
              [49.942149276698757, -13.219496208656146],
              [49.973155152617792, -13.271091551983785],
              [49.97689862598483, -13.34612381935464],
              [50.024099146977242, -13.34612381935464],
              [50.032888225545889, -13.360528398328334],
              [50.024099149075901, -13.411553543725468],
              [50.040537955788004, -13.497002842656043],
              [50.072520387605437, -13.544122146700701],
              [50.079356310705251, -13.606133634109861],
              [50.099294464348965, -13.615166881048941],
              [50.097422721643063, -13.675713794115524],
              [50.142914266293531, -13.783135793917751],
              [50.153493684726236, -13.982517164618221],
              [50.176280149632284, -14.085625998221737],
              [50.164235870577102, -14.223077043092415],
              [50.212901228447457, -14.287204536571156],
              [50.189219606497673, -14.439141679602566],
              [50.210785350185581, -14.615166897637543],
              [50.240896026718843, -14.705987188954341],
              [50.232269727515551, -14.738213807684041],
              [50.209727415227825, -14.750665049874753],
              [50.265310097572005, -14.797784195558728],
              [50.283702009331016, -14.879164178833889],
              [50.355235222014336, -15.033135675207012],
              [50.42204837288287, -15.118096611317817],
              [50.440440299972394, -15.168064059605008],
              [50.476573113534357, -15.195082297610616],
              [50.498301628917766, -15.252048433833554],
              [50.483409051251584, -15.443454702465477],
              [50.462901238688183, -15.470147403586195],
              [50.429860873701031, -15.600274356673777],
              [50.340993683332805, -15.763604388570498],
              [50.336761914390948, -15.811293218708451],
              [50.230153844452694, -15.970961229084022],
              [50.168142125290672, -15.98463310190801],
              [50.130869987316387, -15.919366134726078],
              [50.106700064197042, -15.922539947536727],
              [50.038910352994222, -15.859470323566683],
              [50.024668817814764, -15.771172808927869],
              [49.970225455359191, -15.718031485347007],
              [49.97584069206475, -15.62664154879684],
              [49.905609570236315, -15.561618737317549],
              [49.901133660395772, -15.422295836595573],
              [49.717784049890575, -15.446709892449517],
              [49.638438348137797, -15.544610300020363],
              [49.662119989558327, -15.64177827476883],
              [49.647959829438527, -15.683037983314929],
              [49.677256709154669, -15.719333621917372],
              [49.733734570502477, -15.905694262190179],
              [49.692637565469937, -15.991469000781372],
              [49.683116082686041, -16.053643497302616],
              [49.702647329422653, -16.115004130201761],
              [49.822764517121541, -16.179864165806233],
              [49.84571373532291, -16.212090717185156],
              [49.826914910799694, -16.373304956593884],
              [49.832367380513226, -16.40797286890589],
              [49.863129100324116, -16.44451260590704],
              [49.849457229321693, -16.552422814419462],
              [49.79664147647906, -16.64104588945353],
              [49.723155140709203, -16.708103080149748],
              [49.724945514024391, -16.754001625255771],
              [49.768321154724582, -16.81560630976778],
              [49.840342642848917, -16.827569254142873],
              [49.778330920800514, -16.855564005809939],
              [49.624522327425893, -16.885674678885323],
              [49.595713732296034, -16.912041851341471],
              [49.43132571288627, -17.283868044653826],
              [49.421397328002001, -17.355157108278849],
              [49.456228063790867, -17.417168913284392],
              [49.475013729306653, -17.51368508345324],
              [49.509613476145304, -17.727715742341566],
              [49.413910348423023, -18.067071177853997],
              [49.440765824069608, -18.154229462753342],
              [49.414561400859732, -18.170098650370868],
              [49.384125198669103, -18.225518520790541],
              [49.35922285341384, -18.424004833275081],
              [49.243174671178025, -18.656833545479724],
              [49.191172729496792, -18.842543317939946],
              [49.076914898152801, -19.065606234626969],
              [48.985850460041739, -19.378838836676927],
              [48.859629755936929, -19.684665646320237],
              [48.823741088940977, -19.902764664453493],
              [48.791351769312129, -19.993096736982142],
              [48.759532085413099, -19.955498816560329],
              [48.750498893009137, -19.965752851073404],
              [48.781748894043169, -20.037204685517956],
              [48.699229362953865, -20.199883721444223],
              [48.616221551268907, -20.419773060237063],
              [48.462412954171789, -20.932224183290135],
              [48.430186392588453, -20.979180580184618],
              [48.434418164879055, -20.993584892559085],
              [48.4549259789408, -20.984551714102789],
              [48.455577017438657, -21.014092687427539],
              [48.37859134473981, -21.22389091543825],
              [48.356700070116858, -21.353692364556657],
              [48.201833533994282, -21.796156554470642],
              [47.947439000036901, -22.348239865211369],
              [47.900645383783541, -22.481133776181164],
              [47.882498734294252, -22.595605516593388],
              [47.833832230803658, -22.900974259113713],
              [47.762380404498309, -23.110121346508514],
              [47.738047711811596, -23.255466293478044],
              [47.619476764831894, -23.590590163984309],
              [47.59652755027453, -23.563165081467329],
              [47.574961794551349, -23.598728224553422],
              [47.616058783521694, -23.614434434254811],
              [47.620127787226053, -23.640394654710793],
              [47.568695509403781, -23.852634377214823],
              [47.496755392162846, -24.016371219410637],
              [47.448496930216145, -24.045098454748125],
              [47.428061662723607, -24.124792420982409],
              [47.370778841686068, -24.270114838811693],
              [47.324717650790582, -24.269626629023445],
              [47.338389511940484, -24.324313988571713],
              [47.312266460687972, -24.485935040961124],
              [47.203379748268034, -24.716485227669825],
              [47.194102406740669, -24.778252831128231],
              [47.142832883619256, -24.814060199080519],
              [47.128916877409466, -24.844903393301983],
              [47.12614993948236, -24.934340135650928],
              [47.105642107893161, -24.879164174261849],
              [47.087250201623853, -24.968357083231375],
              [47.040863462091458, -24.98853917734122],
              [46.964691601872097, -25.065687756772967],
              [46.954844596912118, -25.070977471157256],
              [46.941172721828174, -25.044203381348435],
              [46.926605665212399, -25.043715104041222],
              [46.769786004119119, -25.153497004137506],
              [46.741465690749209, -25.149590750600392],
              [46.653656445898143, -25.183851820026078],
              [46.502207879386411, -25.161797787710132],
              [46.38656660265039, -25.164808858259427],
              [46.237640820114258, -25.198174732348761],
              [45.774180536256132, -25.408135687002531],
              [45.674001497107845, -25.494398687516661],
              [45.611582878774286, -25.516534110853986],
              [45.56120852976229, -25.559991141745989],
              [45.162608267357349, -25.598565347339065]
            ]
          ],
          [
            [
              [49.817393419446397, -17.06715253115803],
              [49.857269728232019, -16.91969168081885],
              [49.955821165360149, -16.779717775198431],
              [49.973155146562213, -16.721123989171748],
              [50.024099157864093, -16.690362275105031],
              [49.90845787619633, -16.96697353012193],
              [49.826182487788977, -17.094414969311309],
              [49.817393419446397, -17.06715253115803]
            ]
          ],
          [
            [
              [48.206309433213136, -13.382582152847078],
              [48.203868028238929, -13.269789200621583],
              [48.188731308534436, -13.264255333966313],
              [48.198903848751343, -13.251071993430751],
              [48.276866074520761, -13.264255333966313],
              [48.264659057962426, -13.212579176364015],
              [48.280446810071133, -13.196384356371079],
              [48.32642662609485, -13.212823123123467],
              [48.314952021252601, -13.246758762100447],
              [48.354177285697318, -13.312269890712177],
              [48.332041869224589, -13.360446982578615],
              [48.36500085307415, -13.387953489578868],
              [48.338633658760138, -13.41448330928613],
              [48.235850459925324, -13.387139632469051],
              [48.224619980756593, -13.400485807684495],
              [48.206309433213136, -13.382582152847078]
            ]
          ],
          [
            [
              [43.63396243788273, -12.301039361692396],
              [43.635752803194094, -12.236911786474991],
              [43.727224153630928, -12.26360439536133],
              [43.788747588862051, -12.308037951461817],
              [43.850108268442327, -12.34612394405749],
              [43.858164910205844, -12.371351825393948],
              [43.665212438173363, -12.352471659701814],
              [43.658946161847702, -12.318291964843249],
              [43.63396243788273, -12.301039361692396]
            ]
          ],
          [
            [
              [44.206390823238863, -12.160577129434856],
              [44.323090036748681, -12.187920761034453],
              [44.343516471496415, -12.17424894515319],
              [44.373545766252875, -12.180352412906601],
              [44.415293814620547, -12.119317286172505],
              [44.411794466880096, -12.085544526397509],
              [44.467051626913673, -12.064385629693131],
              [44.529063344727874, -12.232842657549389],
              [44.528493685429595, -12.354750245981998],
              [44.511485221803788, -12.380303639874629],
              [44.385264521634987, -12.251722971261785],
              [44.268402540294446, -12.20501068133149],
              [44.206390823238863, -12.160577129434856]
            ]
          ],
          [
            [
              [43.301768422116673, -11.849541859298244],
              [43.271006705911148, -11.828220285115945],
              [43.217784050825699, -11.750258090041095],
              [43.215993685666874, -11.715996995289482],
              [43.244151240134578, -11.672946922581973],
              [43.246836784164522, -11.44060635812578],
              [43.276540562459644, -11.379571256911603],
              [43.3308211604703, -11.365004176249649],
              [43.374034052755292, -11.368584959828553],
              [43.39486738282698, -11.400160387077655],
              [43.377126497209083, -11.605075760556108],
              [43.46656334687529, -11.821709891160424],
              [43.498301626191811, -11.882012564506493],
              [43.479991079513219, -11.922784056980547],
              [43.437673373534224, -11.931573187034015],
              [43.369965037416641, -11.860609574290562],
              [43.301768422116673, -11.849541859298244]
            ]
          ],
          [
            [
              [56.535655143388304, -10.323907146485677],
              [56.569346550229568, -10.406508075651381],
              [56.524180535616011, -10.330010687594868],
              [56.535655143388304, -10.323907146485677]
            ]
          ],
          [
            [
              [42.771786742274699, 10.99646167273443],
              [42.72961877538981, 11.065010512780786],
              [42.608145088153421, 11.089087668802781],
              [42.479711548415118, 11.059119374455065],
              [42.391758260882611, 11.005892661400761],
              [42.338531534043376, 11.015504431709731],
              [42.221639446070661, 10.984343594345855],
              [42.096272419072569, 10.990260494253477],
              [42.038394816607358, 10.950443843634879],
              [41.937522418683336, 10.92982489694722],
              [41.766523098227943, 10.989466091482283],
              [41.785593707762963, 11.067387562347667],
              [41.787970825703724, 11.259727292646906],
              [41.749110145015656, 11.537953113198517],
              [41.808227987988751, 11.736235680601533],
              [41.92532677881966, 11.816437404899517],
              [41.974680252917494, 11.880909848747573],
              [42.379459271218231, 12.465906928565664],
              [42.43092898849455, 12.520322022501047],
              [42.475680784304778, 12.516343020413649],
              [42.521569461181734, 12.496241016220376],
              [42.678252399281661, 12.360021833246964],
              [42.69618712567592, 12.380125787265428],
              [42.79225060784821, 12.429164890171235],
              [42.785222616874329, 12.517221618441818],
              [42.868835081376758, 12.626155463412603],
              [42.900357704024671, 12.616388588592008],
              [43.11768638971526, 12.707912411956968],
              [43.283213740906596, 12.49652747311918],
              [43.31299889257545, 12.477687862516859],
              [43.329356315182949, 12.488755583541296],
              [43.367849153104352, 12.306870793799121],
              [43.411387566565466, 12.241766681355406],
              [43.418711785504044, 12.091253984177742],
              [43.377126496434016, 12.00482815693031],
              [43.288340694193785, 11.967434057936588],
              [43.206553579787467, 11.957831072019379],
              [43.086002407182164, 11.838841866504836],
              [43.041514521776165, 11.798529427968877],
              [42.98682702131827, 11.796088011498696],
              [42.942637565483622, 11.773830459042058],
              [42.896494991091679, 11.780585099610256],
              [42.803396030771125, 11.747992272958557],
              [42.754079624393938, 11.707953224633252],
              [42.677419464149253, 11.5736757802177],
              [42.627696161680397, 11.559068141058701],
              [42.526866081899492, 11.582464908602066],
              [42.514984569864865, 11.567206094887705],
              [42.528086782058367, 11.570217119785536],
              [42.532481314145755, 11.547471376641383],
              [42.538747591922892, 11.502997135146392],
              [42.603770379027502, 11.467759507660229],
              [42.644786005466379, 11.488226665196757],
              [42.681651235003784, 11.484523758112649],
              [42.687510614630241, 11.497219182054829],
              [42.665293818331861, 11.515570435788112],
              [42.694102412194859, 11.545965939312097],
              [42.829112175535748, 11.576971759688119],
              [42.855804887154314, 11.595770649517618],
              [42.900706435776939, 11.584051461116861],
              [43.081797725048524, 11.589545060686639],
              [43.103363477539219, 11.576971759688119],
              [43.151866080595276, 11.611761753093843],
              [43.173106315137566, 11.541652715661629],
              [43.240733270109637, 11.487860445267502],
              [43.188814684586788, 11.407764031918783],
              [42.923715453762966, 10.998787124052672],
              [42.908109169938633, 11.00418729037769],
              [42.873279256579181, 10.978245762576968],
              [42.771786742274699, 10.99646167273443]
            ]
          ],
          [
            [
              [10.646433931070508, -3.451913656276095],
              [10.635427280518337, -3.313653384005908],
              [10.553011442769336, -3.258689118505088],
              [10.45259353553579, -3.133279000569162],
              [9.961720742908065, -2.745406223601661],
              [9.902437516324385, -2.700431148812501],
              [9.703461134075313, -2.443047810375982],
              [9.750254754087937, -2.487237268204333],
              [9.794932487917746, -2.500909084946216],
              [9.840098503907241, -2.456719627056783],
              [9.830088738104084, -2.4927711274001],
              [9.833262566035415, -2.505140894975272],
              [9.847504102206663, -2.491469078227481],
              [9.850271029781902, -2.528415549741295],
              [9.917816601999087, -2.549981377673931],
              [9.936289910449302, -2.594496498499004],
              [9.97046959686601, -2.580254772232569],
              [9.977305535002488, -2.628676040773149],
              [10.011403842183007, -2.61500422384851],
              [10.011973504401778, -2.632419657518715],
              [10.052989128776188, -2.587090680667111],
              [10.147471549966559, -2.577569258236538],
              [10.162282747971883, -2.560316655922161],
              [10.080332879211561, -2.491469078227481],
              [10.094004753972104, -2.560316655922161],
              [10.043630405172484, -2.516290029017028],
              [10.008311394036051, -2.505140894975272],
              [9.984141471972412, -2.560316655922161],
              [9.957367384417067, -2.546156645760642],
              [9.955332879142457, -2.51523207650838],
              [9.991547071209684, -2.491469078227481],
              [9.90894616017639, -2.470391593969697],
              [9.874522331810239, -2.409356311871139],
              [9.847504101911083, -2.429457259126635],
              [9.822032096874549, -2.424248912257025],
              [9.751963738173597, -2.470391593969697],
              [9.726735873179729, -2.444512690794697],
              [9.747080925048886, -2.41334402519665],
              [9.723968945818582, -2.402113475644452],
              [9.723968945935258, -2.379082917837218],
              [9.698415561153498, -2.377536772015594],
              [9.703461133978715, -2.435723558498958],
              [9.628428581955919, -2.367364174995619],
              [9.668793164996687, -2.422621350802491],
              [9.646494987834137, -2.407647334793065],
              [9.597015821016566, -2.352227478029335],
              [9.565765821174478, -2.192559570781829],
              [9.395192905079879, -2.032321906671752],
              [9.402028842050235, -2.018487259275865],
              [9.380381707058879, -2.012627888043161],
              [9.354177280131749, -1.957126617610913],
              [9.273610873051641, -1.866957313703505],
              [9.359711133848089, -1.914727404302899],
              [9.380707226976684, -1.888278893480961],
              [9.377940300019498, -1.931817324562362],
              [9.388194207049017, -1.91562267572252],
              [9.467295768981264, -1.922458583738699],
              [9.478770379157304, -1.959568034797633],
              [9.456553581927189, -1.977634341738253],
              [9.508067254038322, -2.001560170143164],
              [9.51189212308088, -2.032321906671752],
              [9.543223503990825, -2.070896088218377],
              [9.566416863075771, -2.049574508127359],
              [9.563731316123416, -2.031670882113157],
              [9.548513217010052, -1.997735288211628],
              [9.498057488133815, -1.957126617610913],
              [9.517751498171917, -1.926446296892049],
              [9.466644726964502, -1.851332273872168],
              [9.45655358190557, -1.860935111297148],
              [9.43604576903593, -1.847263295333296],
              [9.436045768976564, -1.888278893480961],
              [9.374522332001558, -1.819268488686829],
              [9.340505404976756, -1.888278893480961],
              [9.305674675142377, -1.873956052938159],
              [9.314952019122281, -1.842868804521251],
              [9.292165560939393, -1.826104396652607],
              [9.255381707070191, -1.835219040754626],
              [9.250336133900451, -1.706963750403935],
              [9.220062696055871, -1.579766563840675],
              [9.016612174926923, -1.315850471867823],
              [8.983571811017853, -1.230889593233771],
              [9.019379101914533, -1.30478275449101],
              [9.082286003960785, -1.34351976533882],
              [9.159190299875279, -1.46803143627811],
              [9.264659050131382, -1.535333012664035],
              [9.280284050076981, -1.675062796794311],
              [9.297536654956462, -1.634535392574314],
              [9.31251061313062, -1.655450194317172],
              [9.350922070871876, -1.624769724062965],
              [9.402028841890495, -1.614434446640242],
              [9.395030143907675, -1.64690515925074],
              [9.415537956907867, -1.669691619012245],
              [9.415537956947281, -1.607598538776071],
              [9.559580924946486, -1.607598538776071],
              [9.502452019124323, -1.579847979461111],
              [9.484385613053231, -1.484144819207343],
              [9.456553581889207, -1.470472853381129],
              [9.432302280037298, -1.473077101724295],
              [9.434580925101312, -1.50457127724126],
              [9.379079623112865, -1.562920890872219],
              [9.299815300102448, -1.577406562341448],
              [9.286631706885949, -1.566094597932912],
              [9.278330925072586, -1.507989231150525],
              [9.25033613388414, -1.497735219211566],
              [9.248545769018461, -1.482028914368738],
              [9.297129753889418, -1.457696158957503],
              [9.285329623044159, -1.415785440827613],
              [9.334157748110021, -1.398614255762594],
              [9.354502800027021, -1.350518504332427],
              [9.33545983191194, -1.283379759901499],
              [9.326182488016443, -1.278008732459804],
              [9.322927280011015, -1.370863546587563],
              [9.302256706936896, -1.38111740823661],
              [9.278330925085616, -1.360609684944411],
              [9.233653191040087, -1.401625281765885],
              [9.185720248022571, -1.410577094372608],
              [9.157969596883166, -1.395196151662205],
              [9.146494988073213, -1.332289366920267],
              [9.107106967021354, -1.346368110307518],
              [9.030039910028943, -1.299086214780194],
              [9.018321160017958, -1.230889593233771],
              [9.037771030013538, -1.216729434312994],
              [9.03305097703104, -1.193454706763993],
              [8.997243685967867, -1.155205964604209],
              [9.009776238014064, -1.185316674913313],
              [8.99415123803756, -1.22039155991706],
              [8.966644727048976, -1.104424775182678],
              [8.867442254017465, -0.976983345972862],
              [8.907725457011141, -1.00855886120824],
              [8.935720247993967, -0.963474211729353],
              [8.877452019029384, -0.973728148284765],
              [8.856944206967654, -0.915948145293328],
              [8.839610222026153, -0.922458615762015],
              [8.695567254008083, -0.586602483395636],
              [8.709157748001214, -0.565606379711374],
              [8.707692905009973, -0.592217719992583],
              [8.750824414997989, -0.607110281155746],
              [8.750824414974984, -0.633884340037959],
              [8.772308789988276, -0.633233315528993],
              [8.806000196027915, -0.748304977042603],
              [8.837412957017854, -0.77157970417525],
              [8.844411655014218, -0.800225533763055],
              [8.860687696035685, -0.805108367817869],
              [8.866058789968974, -0.71949631626674],
              [8.914561394013642, -0.723239857415719],
              [8.88795006598945, -0.681573162163527],
              [8.929047070989029, -0.687269776838105],
              [8.957041862971833, -0.753513248238294],
              [9.004649285036278, -0.805108367817869],
              [8.998220248005737, -0.860446878437363],
              [9.01148522200875, -0.874607037142371],
              [9.018321159997729, -0.795179943581011],
              [9.047618035017695, -0.750176710065332],
              [9.052012566009344, -0.710625919545493],
              [9.087168816032076, -0.689629853346596],
              [9.08912194102594, -0.65992607147231],
              [9.100840691011772, -0.654880481311331],
              [9.11451256598918, -0.681573162163527],
              [9.092539909996839, -0.625664967846421],
              [9.100840691003544, -0.59970468960526],
              [9.160004102006194, -0.546807558857072],
              [9.292165560995048, -0.373711836691773],
              [9.30610660736682, -0.271648423771842],
              [9.305674675000294, -0.203057550758386],
              [9.345957879000448, -0.084730730245895],
              [9.334157748000033, -0.02540455449784],
              [9.355316602000062, 0.01618073058539],
              [9.29883873799872, 0.283514712310212],
              [9.309092644001849, 0.324530345162571],
              [9.34538821700311, 0.355780347583651],
              [9.365896030002641, 0.351548575639297],
              [9.378672722000639, 0.307562568362312],
              [9.360199414998418, 0.181097716129663],
              [9.380381707002563, 0.205389725122883],
              [9.424327018997767, 0.208197324627201],
              [9.460785352000579, 0.166489978287331],
              [9.488047721999555, 0.098334047979657],
              [9.50424238399987, 0.187974350220602],
              [9.56641686299891, 0.167466533819985],
              [9.586761915000725, 0.112290761312509],
              [9.628428581999763, 0.153794662480083],
              [9.662608269000758, 0.126532297866683],
              [9.712412957000307, 0.134833076222402],
              [9.812185092000048, 0.023504949885547],
              [9.758555535000424, 0.125555732945936],
              [9.803884310999317, 0.13324615705258],
              [9.819590691000577, 0.119086007949235],
              [9.908946159999884, 0.187974350220602],
              [9.970469597000481, 0.173651435598052],
              [10.025645378999876, 0.187974350220602],
              [9.936289909998022, 0.215969136189645],
              [9.882660351997798, 0.190415748440965],
              [9.792246940998364, 0.181097716129663],
              [9.711436394002943, 0.22321199034289],
              [9.668955924998958, 0.227240298346551],
              [9.586436393997568, 0.283636779404842],
              [9.566416862999803, 0.318304754343554],
              [9.498057488002654, 0.29096101162626],
              [9.398692254009083, 0.488714925141888],
              [9.370860221996697, 0.520086975970017],
              [9.319021029996602, 0.528631897948076],
              [9.305674674997444, 0.544256899213578],
              [9.315928581997252, 0.626166079466513],
              [9.402028842022707, 0.653509859914172],
              [9.44654381601857, 0.647284269054451],
              [9.539073113020601, 0.681463957083086],
              [9.559255405005086, 0.621527417181302],
              [9.477793815996193, 0.619086000166851],
              [9.464040560987458, 0.598863006846444],
              [9.516449414996266, 0.604152731190826],
              [9.539886915012417, 0.591253988915283],
              [9.545909050013838, 0.564764734506569],
              [9.573252799987355, 0.598863006846444],
              [9.587087436007696, 0.553697017447579],
              [9.573252799996913, 0.510077211299218],
              [9.582774285008313, 0.481634845864273],
              [9.607920769002087, 0.469183664194992],
              [9.603688998004728, 0.50535717096309],
              [9.642100456987256, 0.598863006846444],
              [9.625010613006411, 0.639308993497614],
              [9.618174675026543, 0.806789480145758],
              [9.566416862974529, 0.983099656712804],
              [9.592051628977581, 1.014349659697385],
              [9.642425976974454, 1.02228422754685],
              [9.686778190955588, 1.061265334506363],
              [9.761241081985139, 1.054754939107793],
              [9.792246940999618, 0.968817449629768],
              [9.804371181149353, 0.998353969286501],
              [9.849610230024812, 0.989243080958],
              [9.908624714983935, 0.935086148027345],
              [9.944074746987337, 0.924854217738228],
              [9.971773315008255, 0.939840399506339],
              [9.980765014999143, 0.997201232290075],
              [10.000383931971459, 0.9997420905511],
              [10.415045497725103, 1.002233753950986],
              [10.963834080945265, 1.000425185611269],
              [11.336341187051634, 0.999164970986261],
              [11.33200087014075, 1.732611323430334],
              [11.322078491197294, 2.165760461437729],
              [10.409685689877698, 2.165654410827751],
              [10.189982611163019, 2.165616557068949],
              [9.990996948197669, 2.165605441282633],
              [9.872141153831551, 2.211235593984603],
              [9.810852904806138, 2.264875722477103],
              [9.799571159089393, 2.341742287092357],
              [9.819183790080199, 2.376939223382758],
              [9.822927280034964, 2.562933672632856],
              [9.874278191126244, 2.75454340048922],
              [9.87777753994175, 2.881415088379187],
              [9.903330924860986, 2.968329128019235],
              [9.955739780412209, 3.050482607316305],
              [9.919688347260015, 3.228094865799231],
              [9.902110222476328, 3.25169518508166],
              [9.929453971601809, 3.269015084397451],
              [9.887950066019858, 3.285223705409746],
              [9.780935091537192, 3.436753524078549],
              [9.642100456797291, 3.53904851605479],
              [9.688649936032645, 3.556097731601362],
              [9.770762566318123, 3.618719876201684],
              [9.819590691049678, 3.627875079731826],
              [9.787608268914187, 3.637111698912713],
              [9.706879102480469, 3.600531442422028],
              [9.626231316170959, 3.600002390989273],
              [9.625987175546456, 3.626451057130339],
              [9.642100457446121, 3.634670431470793],
              [9.545909050539336, 3.819647665502995],
              [9.594248894484085, 3.758205595141646],
              [9.624278191349743, 3.750189609533732],
              [9.66260826848465, 3.750718360551715],
              [9.61101321740213, 3.770575364721799],
              [9.589203320943811, 3.809637747694397],
              [9.621104363506539, 3.874823435912946],
              [9.659027539899489, 3.841009807747482],
              [9.679698113337794, 3.836086414678631],
              [9.689789258736413, 3.86058170723945],
              [9.744476759550524, 3.819647665502995],
              [9.738291862735112, 3.86058170723945],
              [9.751963737734739, 3.86058170723945],
              [9.682871941081606, 3.890448329243464],
              [9.676280143947638, 3.909002984007274],
              [9.715017122795953, 3.931341813831665],
              [9.764414909491064, 3.936346622617138],
              [9.764414909621273, 3.957464818757776],
              [9.664805534909107, 3.940375044554423],
              [9.618907097463801, 3.960354022568605],
              [9.63990319045913, 4.008774999687183],
              [9.754567905004411, 4.135687568034981],
              [9.703461134619316, 4.093939668451249],
              [9.696625196271967, 4.114447398019703],
              [9.628428581524123, 4.031927685880178],
              [9.579356315624288, 4.013006810566266],
              [9.559336784604783, 4.016790985624339],
              [9.55958092488507, 4.03937406277045],
              [9.545909050110598, 4.025702243221168],
              [9.50855553545478, 4.054185400934843],
              [9.502792975167042, 4.102320672980694],
              [9.478526238360752, 4.111395663273259],
              [9.452888335135526, 4.076975772664746],
              [9.484385612550538, 4.059881792152306],
              [9.532481316055133, 3.989447346657943],
              [9.518565300007442, 3.970445055833042],
              [9.497080924400267, 3.977687743328391],
              [9.45036868553289, 4.031927685880178],
              [9.429209831794886, 4.026556656835414],
              [9.422373893963718, 4.008368221898732],
              [9.456553582314264, 3.984076317650581],
              [9.453298373539353, 3.932115112217488],
              [9.476898633840344, 3.915838893648501],
              [9.412119988060381, 3.902167074373517],
              [9.331581478441217, 3.921855239197243],
              [9.302582227122292, 3.964992611199825],
              [9.326182487539072, 4.031927685880178],
              [9.301442905043322, 4.026353267940592],
              [9.250336134101259, 3.960842215996275],
              [9.210703972049902, 3.964260170844482],
              [9.210622591546835, 4.008123974969638],
              [9.196462436216709, 4.018866333458076],
              [9.123383008729451, 4.017889646166805],
              [8.971202019464531, 4.100775578299559],
              [8.990977409463721, 4.217474540805999],
              [8.91895592541287, 4.318060718136705],
              [8.894786004417167, 4.460516772470222],
              [8.935720247795013, 4.553290055974759],
              [8.900563997929051, 4.521633187537232],
              [8.901621941323453, 4.587388492857671],
              [8.847015821153816, 4.639715924480345],
              [8.835703972605774, 4.629624890028115],
              [8.866709831974294, 4.582709045682781],
              [8.867849155255584, 4.544582486893987],
              [8.798594597245375, 4.601141729413267],
              [8.812836134324186, 4.56635171004916],
              [8.788422071202385, 4.541449336264557],
              [8.724131707284242, 4.580471166767584],
              [8.655121289996424, 4.738267319103024],
              [8.638682487979608, 4.713080139932922],
              [8.645355665510937, 4.684068227762132],
              [8.685720247800754, 4.561224627025982],
              [8.716563346553222, 4.539007768026741],
              [8.722666863137087, 4.513129007419675],
              [8.57667076937863, 4.491888835989907],
              [8.570323112527898, 4.509670194207914],
              [8.593760613121235, 4.53278232481481],
              [8.570567254563491, 4.538560432588677],
              [8.548350456865734, 4.507798535535223],
              [8.510264519334998, 4.52704507508571],
              [8.509938998429922, 4.56883383591155],
              [8.525563998313606, 4.56635171004916],
              [8.552093945884248, 4.614732134700979],
              [8.525726759568329, 4.604437711380834],
              [8.51368248788021, 4.642320023641892],
              [8.573252800536972, 4.704087766016167],
              [8.578379754332447, 4.804673651951076],
              [8.594167514208685, 4.815293738287831],
              [8.595113159141427, 4.815314467735017],
              [8.61216638186205, 4.831876695209678],
              [8.608445679111769, 4.84621696632763],
              [8.605448445484978, 4.860040503435964],
              [8.602244506299844, 4.881331148062788],
              [8.611029501316935, 4.896653214024573],
              [8.638314656410262, 4.916781207180646],
              [8.644412474757408, 4.9348678004615],
              [8.683686563643514, 4.996879492944525],
              [8.683686563606702, 4.997034513163909],
              [8.698569375997804, 5.017808532452662],
              [8.707871134001106, 5.037548930251788],
              [8.722650594001498, 5.081189677335894],
              [8.72885176499978, 5.094548034934714],
              [8.74828210401861, 5.124210311342986],
              [8.758307332015532, 5.134881493611158],
              [8.769469442019071, 5.139945785417694],
              [8.781251667985655, 5.141986996645347],
              [8.791690306988885, 5.146741229392457],
              [8.798925008025734, 5.159634507937419],
              [8.825693400023766, 5.295491847372539],
              [8.824659870986236, 5.306137183854323],
              [8.816391641992936, 5.330295917387879],
              [8.815254761037069, 5.343499255373414],
              [8.821662638038687, 5.367683825720993],
              [8.843160033962395, 5.409980968541086],
              [8.849774617933038, 5.432356858001465],
              [8.849257853076544, 5.45346671206392],
              [8.845743855014556, 5.472793684218468],
              [8.844296915063955, 5.492353224194603],
              [8.850498087058408, 5.514005648926729],
              [8.865484252962306, 5.533461804663015],
              [8.884294473922226, 5.551445193876225],
              [8.89948734498466, 5.57095306061839],
              [8.903931519000928, 5.595085958178471],
              [8.89369958502234, 5.621751001845404],
              [8.874889363034743, 5.641439725547163],
              [8.852565144852198, 5.658673775735168],
              [8.832411336094031, 5.678155843503037],
              [8.819285522140129, 5.703451467522118],
              [8.826933635044718, 5.717817494702194],
              [8.844606973965355, 5.730865775470573],
              [8.862176961008203, 5.752337343753838],
              [8.866621135111798, 5.777452111029498],
              [8.857836140869312, 5.794892854893202],
              [8.847087443058367, 5.810757560521941],
              [8.845227091083645, 5.831040565915365],
              [8.855872437109992, 5.847499515495318],
              [8.891219115922247, 5.871115604476413],
              [8.90465498815475, 5.888117199727578],
              [8.921708210855218, 5.904472727455639],
              [8.943205606993006, 5.901423847509068],
              [8.965013061047696, 5.893594878995612],
              [8.982686401149845, 5.895765311391555],
              [8.986303752068199, 5.908813592248583],
              [8.988474161942134, 5.937287279910554],
              [8.993848510820586, 5.944082705616133],
              [9.009868204000181, 5.952350973017945],
              [9.022477254159806, 5.965812716074939],
              [9.043871297069886, 5.996689366385509],
              [9.043871297026941, 5.996844386541586],
              [9.136165404987654, 6.092523292506555],
              [9.273314657153785, 6.202774994192547],
              [9.298842814163612, 6.238431732899022],
              [9.327368205098129, 6.29850557294748],
              [9.341010783036392, 6.313982652994014],
              [9.354756713073609, 6.321501581126108],
              [9.366538939708223, 6.322690068976756],
              [9.379147990041309, 6.321604927895732],
              [9.394960977758823, 6.32253504882233],
              [9.422866252068705, 6.339355787061562],
              [9.453148641151316, 6.39767265653425],
              [9.482604206999147, 6.415991922827224],
              [9.488590225258935, 6.418208020038388],
              [9.548956747265747, 6.44317377535958],
              [9.60301029403899, 6.515184842136648],
              [9.644805967872093, 6.521225520804574],
              [9.693979989761088, 6.534304745247719],
              [9.788528686194729, 6.794754367945553],
              [9.851160521880274, 6.77788195719929],
              [9.874621623003842, 6.787700500655612],
              [10.142925658569689, 7.007687002257487],
              [10.165043172059395, 6.988515126748984],
              [10.179409219997847, 6.914927876630077],
              [10.21082849104792, 6.879167793917839],
              [10.495979044834577, 6.874671909318463],
              [10.500733275836783, 6.912809117797964],
              [10.537423543351638, 6.9521349639725],
              [10.551789591441548, 7.066339893308567],
              [10.578661336094028, 7.13083202560875],
              [10.62062259933619, 7.043757274557166],
              [10.831875854092614, 6.945210280331652],
              [10.877454466849221, 6.816096676389688],
              [10.909390503335475, 6.784264070532985],
              [11.00261478703422, 6.76726247630283],
              [11.036721231539124, 6.740545685278477],
              [11.05594486530201, 6.700367377094936],
              [11.060595743962811, 6.573966771104816],
              [11.097079304987471, 6.449116514981568],
              [11.140384155369375, 6.43028051489734],
              [11.202276466657704, 6.436739237303107],
              [11.319494669655137, 6.437282558905415],
              [11.389361206241885, 6.473921241546802],
              [11.416749714734527, 6.572003032313768],
              [11.509767293906698, 6.612310674861267],
              [11.562373900544882, 6.712485386196564],
              [11.571468954443798, 6.766229008657774],
              [11.538085977774202, 6.823899807682385],
              [11.561753784279105, 6.876067240827157],
              [11.692495157837492, 6.991615679773084],
              [11.741071003511435, 6.997506745534825],
              [11.751509643137272, 7.023965168421263],
              [11.808870484290438, 7.071920918701695],
              [11.872225789373006, 7.079362335953009],
              [11.881320842448625, 7.102048301285883],
              [11.868918496523365, 7.127111241921165],
              [11.780241739702037, 7.241057799889231],
              [11.736626830977999, 7.263278703950933],
              [11.903545283289596, 7.453556896774205],
              [12.021053914663403, 7.57623113716079],
              [12.018986856368912, 7.718858053086802],
              [12.192102905990746, 7.960652159857668],
              [12.18259444135863, 8.093486352185261],
              [12.233713188850709, 8.188454779716466],
              [12.227036172407169, 8.386310864631485],
              [12.271787962830047, 8.427781135226315],
              [12.331319214621697, 8.424293183813703],
              [12.4038729247701, 8.496536737797062],
              [12.36883630526502, 8.609579102729212],
              [12.424440146130719, 8.599786402143721],
              [12.482524453359057, 8.623247304442522],
              [12.557972046678495, 8.605677464420703],
              [12.660394733893417, 8.659317404678784],
              [12.708867229098946, 8.750914119790862],
              [12.772946003377516, 8.759052972095114],
              [12.794546752708607, 8.788611927824928],
              [12.828239786500461, 9.019967294057412],
              [12.822141966545511, 9.09681005098688],
              [12.898416383274629, 9.262433294314329],
              [12.891285032541809, 9.331989499229572],
              [12.881569866408949, 9.352221108623903],
              [12.848393594762669, 9.359946571264357],
              [12.855421590870842, 9.378110946843121],
              [12.929008829016889, 9.416118779910507],
              [12.98244226090377, 9.474590749590366],
              [13.195452516301552, 9.542209495197806],
              [13.262941936928842, 9.801728500709167],
              [13.212712441428739, 9.870147865525979],
              [13.246405475996632, 9.97347494599949],
              [13.230179076988355, 10.04533111494332],
              [13.247955769980194, 10.079411721214136],
              [13.392671965956733, 10.116957414169946],
              [13.450837442981536, 10.187157082385324],
              [13.444842975993808, 10.245473937453976],
              [13.538790730191307, 10.621419998821631],
              [13.749838822134505, 10.942441833585692],
              [13.765908650111792, 11.033901273701636],
              [13.820065552092149, 11.069273790121819],
              [13.873188924069256, 11.166502996275879],
              [13.98232954914489, 11.276263743836138],
              [14.122579386249486, 11.235723590554507],
              [14.165470826180455, 11.238333245372546],
              [14.232133422016993, 11.290293811842776],
              [14.279158975885826, 11.301843558649573],
              [14.368249145619648, 11.383001376607895],
              [14.5937650958615, 11.496431163287539],
              [14.62756148334997, 11.584358647245812],
              [14.610198202028425, 11.646835499892685],
              [14.541881957096173, 11.709828937793645],
              [14.590664509199016, 11.783157802466043],
              [14.627148070572458, 11.950072705446972],
              [14.604307088379265, 12.030429611159549],
              [14.622187132131582, 12.042005048517334],
              [14.637173299622249, 12.124222351800226],
              [14.668282512267288, 12.178069170388222],
              [14.65153934786616, 12.193778780287333],
              [14.610611612915129, 12.183546849453469],
              [14.604100381547973, 12.204320751520752],
              [14.548496541422464, 12.241579515543709],
              [14.562139119036283, 12.255842121298755],
              [14.514390096997936, 12.289380252911229],
              [14.514390096093798, 12.323538316074318],
              [14.487104940035595, 12.337801073166458],
              [14.188931924272588, 12.370408785976823],
              [14.177356402123321, 12.545591818128418],
              [14.064908489505598, 13.077988476570875],
              [13.607313678876888, 13.704099969014502],
              [13.329914589880671, 13.709422639866274],
              [13.259221231940483, 13.62896250127233],
              [13.257257525952582, 13.594235813466602],
              [13.230179075570437, 13.577751069931301],
              [13.246405476839266, 13.571084889872882],
              [13.228112021619001, 13.54803731429382],
              [13.150183960780051, 13.522664132697795],
              [13.143982787299228, 13.550620988443066],
              [13.123518921778535, 13.522664132697795],
              [13.123518923109435, 13.536952751485838],
              [13.088275592396345, 13.530596312415469],
              [13.082487833302496, 13.550620988443066],
              [13.054892620311023, 13.548373191932489],
              [12.939344117922298, 13.495068992795884],
              [12.883843629095136, 13.495999115393571],
              [12.870614463287621, 13.478868456533972],
              [12.842295774907646, 13.489125942050524],
              [12.870201049340247, 13.461246599794332],
              [12.829273316225969, 13.406624735948391],
              [12.794546754309311, 13.396056910767902],
              [12.805192096623113, 13.3729832056133],
              [12.777390177335308, 13.386703412268929],
              [12.740803263960379, 13.3348202493406],
              [12.69005700761403, 13.311979377711351],
              [12.67434737001008, 13.28371219305242],
              [12.630008991537713, 13.310377200016598],
              [12.620190471940953, 13.281438560914966],
              [12.56107262937674, 13.242758575797184],
              [12.538335002491197, 13.193356051861198],
              [12.554251343992171, 13.187542488355261],
              [12.547946820062231, 13.165450887457371],
              [12.499784383630375, 13.135969383831402],
              [12.486658567694997, 13.0708052675711],
              [12.386741696913012, 13.078580317717508],
              [12.325738159643347, 13.078815251614447],
              [12.301036826826593, 13.09811648355258],
              [12.269204141124689, 13.085868976675727],
              [12.263209674778226, 13.101862808096776],
              [12.201404663733284, 13.125427400292732],
              [12.116448607006314, 13.102844603498257],
              [12.0576408273302, 13.116771497613385],
              [11.852795451501542, 13.245394222391081],
              [11.742311236674892, 13.289448247320651],
              [11.44000411132683, 13.364430946640756],
              [10.95300541128459, 13.361898646427832],
              [10.771311075393035, 13.38269841814745],
              [10.647881837706533, 13.369406320244867],
              [10.119774618778996, 13.250096807184455],
              [9.930122111770348, 13.145968796368738],
              [9.89973636831116, 13.084318773452662],
              [9.819327839056763, 13.029205746619724],
              [9.647657342730056, 12.830537936941196],
              [9.590297891384511, 12.801390222365901],
              [9.377907756249089, 12.825781578782836],
              [9.269387248567169, 12.809787753892467],
              [8.977871813822597, 12.843182903925509],
              [8.679345743379232, 12.923579242760816],
              [8.642655477330823, 12.944353162883653],
              [8.596766805457236, 13.011403346786519],
              [8.533514850669963, 13.064629991141013],
              [8.482665240902712, 13.081553943953978],
              [8.405150593087408, 13.07085694101071],
              [8.246727826901818, 13.211291546056517],
              [8.201442097350951, 13.22637718978277],
              [8.077522012261207, 13.310015485795493],
              [7.789684284970607, 13.341977324355929],
              [7.391982462124928, 13.112533974844093],
              [7.324803098794753, 13.102844603498257],
              [7.198195840305286, 13.117391578934182],
              [7.137424357584838, 13.047240977836347],
              [7.062920946794288, 12.995139734217926],
              [6.970509480836201, 12.99184375027316],
              [6.906637410079452, 13.006855784107321],
              [6.837907755245969, 13.063493175481673],
              [6.753879128234868, 13.174899617739854],
              [6.672543171071569, 13.321177554149736],
              [6.509297322526059, 13.496050788871271],
              [6.368944134149492, 13.62627547974256],
              [6.284207678421748, 13.667656333936881],
              [6.229831177097496, 13.679192141432619],
              [6.142394652425362, 13.640822168474463],
              [5.52176070017258, 13.880290710589037],
              [5.374069458588558, 13.855253689917749],
              [5.34626753773855, 13.841559307222482],
              [5.304202921212562, 13.773940613514485],
              [5.227618448506269, 13.74133282945785],
              [5.08437137720851, 13.747533950282406],
              [4.925104614536027, 13.733090605376882],
              [4.856891723222751, 13.774095634034058],
              [4.625844677827224, 13.723150967011438],
              [4.452575317204927, 13.673765823491985],
              [4.248453408381994, 13.494138569772632],
              [4.125773558438629, 13.472977079445974],
              [4.120324551547057, 13.210607774107146],
              [4.088773234118672, 12.996236292547911],
              [3.929093057625946, 12.750385555067918],
              [3.641565388978234, 12.517996719455599],
              [3.651487264240597, 12.26901973631854],
              [3.623995402032762, 12.094249988698417],
              [3.653554321191668, 11.986814728036766],
              [3.603944946192866, 11.905579377486847],
              [3.612936644784547, 11.838968346091296],
              [3.66699019394259, 11.759696741382571],
              [3.647766561109862, 11.726003753068376],
              [3.596400187075795, 11.695773031089406],
              [3.495424439098187, 11.837521491725141],
              [3.3809094652572, 11.895037408693588],
              [3.341635376147037, 11.882893415237245],
              [3.307012165801213, 11.902375327972681],
              [3.26990848813361, 11.956532327851301],
              [3.25202844182074, 12.024125008537725],
              [3.063409463972101, 12.193778780287333],
              [3.00935591678807, 12.276305984412852],
              [2.944967081101345, 12.292480806441491],
              [2.912617635053874, 12.346327633356251],
              [2.844301391875517, 12.399244342089291],
              [2.832415812151611, 12.384051463023845],
              [2.768543741953689, 12.380072311311986],
              [2.732266885970593, 12.346792693879243],
              [2.700434203917329, 12.347102734228027],
              [2.663847289823025, 12.291550535232103],
              [2.586125935838725, 12.294031008103424],
              [2.523700806142738, 12.269174756481158],
              [2.495072061939476, 12.283230669053296],
              [2.477708780959967, 12.257599166667973],
              [2.45951867711982, 12.266745957056084],
              [2.443705689070681, 12.249227627369905],
              [2.370015096100866, 12.236256856350458],
              [2.371875446959994, 12.140448694787803],
              [2.405568480911302, 12.046707626303286],
              [2.457348266863613, 11.996219733022594],
              [2.456728149149194, 11.979063271116104],
              [2.428926227956441, 11.980355105493221],
              [2.407428832132915, 11.951209669888698],
              [2.380867145877068, 11.947902273527365],
              [2.390168903967196, 11.896535936484536],
              [2.338079060907921, 11.940099143446567],
              [2.051791625944703, 12.341935094667557],
              [2.069258259874667, 12.383327885302883],
              [2.145015910171709, 12.411750054643472],
              [2.223254028102578, 12.409734642030529],
              [2.24495812987079, 12.424152270358277],
              [2.246301717117683, 12.465906928565664],
              [2.210851683995808, 12.523061013189237],
              [2.199999632841605, 12.595924717995663],
              [2.109049113288593, 12.705633974966204],
              [1.971693155867204, 12.724237305038057],
              [1.934486123851283, 12.693541495210059],
              [1.911438436104116, 12.696642200356404],
              [1.843742308874843, 12.606104979824357],
              [1.59703902119387, 12.623675139854399],
              [1.535854125863089, 12.647497782713875],
              [1.304806448959765, 12.838507961365982],
              [1.113967733032339, 12.996236292547911],
              [0.983536418037798, 13.032358126666788],
              [0.971661195808106, 13.085782453705034],
              [0.970410604080091, 13.328334929419244],
              [0.983536417850243, 13.368409803470282],
              [1.160683228200618, 13.31130762272759],
              [1.187658325163303, 13.364120905850037],
              [1.241505167937225, 13.335543677814703],
              [1.26868697093066, 13.346059828379568],
              [1.234270466919414, 13.377582444527206],
              [1.157169229976148, 13.392646161457426],
              [1.015265747005289, 13.465664982293267],
              [0.991391234878964, 13.541112466783195],
              [0.896926716885987, 13.614932247354606],
              [0.775693806941463, 13.635292804399029],
              [0.763498168985074, 13.68203418373975],
              [0.594309529924145, 13.688881222520228],
              [0.580460244988095, 13.713789351025287],
              [0.600510700907678, 13.768721288957686],
              [0.499925936925977, 13.851014959526312],
              [0.448633666015571, 13.909617235774459],
              [0.456695190019748, 13.94685011270653],
              [0.411865886032799, 13.97842444079026],
              [0.401866494940316, 14.013796775864535],
              [0.369155313984256, 14.039066636807826],
              [0.378457072005993, 14.07043427741762],
              [0.339157144966871, 14.125779647377762],
              [0.388792358063604, 14.251611964848097],
              [0.34636600701258, 14.307577442091935],
              [0.202382347897552, 14.43554465711817],
              [0.158832234030735, 14.496119025039473],
              [0.152941121016115, 14.546710182724709],
              [0.219707071981949, 14.73122074322756],
              [0.184102009991419, 14.819561630996185],
              [0.218466838044372, 14.910977424599665],
              [-0.236699178000192, 15.065618999998632],
              [-0.425731567999888, 15.002599588947817],
              [-0.458649454999562, 15.075463358396233],
              [-0.500343260235411, 15.079721115192863],
              [-0.719718791002226, 15.078460594342037],
              [-0.771271819237028, 15.056619152818262],
              [-1.043138154383724, 14.818061593219458],
              [-1.116697143965035, 14.780442582682559],
              [-1.350274617853872, 14.714968485834284],
              [-1.696920125328103, 14.496119025039473],
              [-1.83696325665241, 14.479582273003011],
              [-1.967032836811838, 14.48374229774082],
              [-1.997056844110784, 14.470694114576604],
              [-2.02341182517397, 14.198643561659598],
              [-2.085007890281545, 14.159668182626239],
              [-2.151879436087593, 14.156139660174988],
              [-2.385611939003615, 14.264711814212943],
              [-2.461679647013918, 14.280912378446514],
              [-2.516146606409113, 14.267864202117055],
              [-2.59738195884428, 14.222311252956269],
              [-2.676264864978286, 14.141729048615861],
              [-2.840855469163869, 14.042994126057742],
              [-2.867287964081393, 14.000541913770304],
              [-2.855376545885529, 13.99617519988438],
              [-2.894469767181202, 13.866570790814519],
              [-2.928059447738387, 13.799623849089947],
              [-2.895244913678413, 13.65164836608934],
              [-2.930473114265116, 13.638522698071274],
              [-2.9723203128285, 13.624466607139919],
              [-3.019113322404201, 13.637515064976599],
              [-3.067508301216251, 13.606767535629164],
              [-3.08221024568682, 13.646222348879148],
              [-3.125101683824516, 13.67727992164434],
              [-3.195820883343666, 13.674902940827582],
              [-3.267056844388966, 13.717045081964612],
              [-3.286952269964031, 13.69776966500303],
              [-3.259718790510819, 13.658314847644332],
              [-3.283955038535257, 13.54219791033697],
              [-3.248634196044753, 13.292781485816823],
              [-3.44854447425379, 13.265780602202575],
              [-3.439475259696055, 13.184855168568491],
              [-3.449474649795189, 13.168809661551325],
              [-3.473921514245414, 13.167601344071025],
              [-3.545050210677656, 13.174494041256549],
              [-3.596881673937293, 13.199402145949941],
              [-3.798626464509986, 13.347144971112755],
              [-3.892600056393356, 13.378925954654145],
              [-3.971613322092293, 13.386755085736139],
              [-3.984041504298331, 13.396470298512778],
              [-3.918593302778956, 13.440317641398954],
              [-3.956058715683459, 13.46165998758897],
              [-3.965467787185821, 13.489217271916893],
              [-3.98125097653236, 13.498970340369432],
              [-3.997968303260207, 13.480522007769199],
              [-3.971613322278883, 13.469954181140913],
              [-3.976910155962625, 13.460626518102977],
              [-4.104266723768584, 13.38269841814745],
              [-4.166020059766411, 13.278156995941668],
              [-4.205500854748998, 13.272989349810251],
              [-4.238780476781441, 13.246789405660666],
              [-4.258107462181322, 13.214129980765112],
              [-4.230021322225221, 13.193149358061875],
              [-4.234801391297719, 13.175605020394421],
              [-4.327043823816743, 13.168551294312673],
              [-4.35107336330998, 13.118321700916539],
              [-4.22131384240094, 12.921253638072878],
              [-4.213278157562192, 12.807177945769295],
              [-4.245471963182356, 12.728936281025099],
              [-4.29722652221068, 12.712145125419188],
              [-4.368850056894158, 12.738990966137765],
              [-4.464370141545319, 12.717250578823265],
              [-4.485251220488064, 12.714677122666334],
              [-4.491323200630675, 12.662794013173688],
              [-4.422490193314918, 12.597216553137891],
              [-4.387246866808384, 12.533964701772481],
              [-4.451635701200484, 12.435314474940434],
              [-4.40613460324091, 12.307466990550981],
              [-4.435822712706829, 12.301730793698784],
              [-4.462487752154765, 12.328189221634933],
              [-4.48817093911148, 12.320696129400762],
              [-4.493545288939228, 12.272843717216418],
              [-4.585529337702718, 12.197241047232232],
              [-4.56046626824494, 12.14949213745351],
              [-4.636120564922899, 12.117556035044743],
              [-4.652736853501744, 12.071626812499328],
              [-4.714617065942902, 12.059006641313676],
              [-4.732280931523183, 12.03726311486219],
              [-4.76128088366377, 12.006606682432128],
              [-4.806807819715169, 11.996271406398296],
              [-4.847244629005368, 12.013066305100088],
              [-4.889955199972899, 11.997925104635213],
              [-4.953749756104569, 12.005108154526051],
              [-5.00470271781352, 11.98066514574391],
              [-5.089322876243531, 11.979269964616368],
              [-5.167819377267826, 11.943664906658807],
              [-5.275151326181398, 11.837418144984749],
              [-5.306518920851843, 11.846048048469768],
              [-5.369874227026671, 11.820158187937189],
              [-5.412352254778135, 11.828529724482266],
              [-5.370649373607658, 11.791064278510767],
              [-5.334269164686416, 11.790805911666904],
              [-5.287140259158465, 11.758921640864743],
              [-5.280680704739884, 11.699493663667711],
              [-5.307604126012285, 11.617638246348895],
              [-5.233913534370005, 11.575987111732658],
              [-5.218307251231789, 11.422198023799695],
              [-5.263472452981028, 11.390184424297026],
              [-5.262852335879031, 11.251588212912255],
              [-5.306725627007573, 11.19939504152382],
              [-5.3325121668728, 11.121570307657173],
              [-5.390131387976183, 11.094698584314717],
              [-5.489763549966992, 11.082115370611042],
              [-5.505602480136409, 11.047984817335836],
              [-5.501804157830117, 10.970210029669134],
              [-5.479118205127111, 10.975532761071705],
              [-5.431420857989244, 10.844688006857078],
              [-5.482632201999653, 10.684232686948709],
              [-5.475914265925142, 10.650384607738541],
              [-5.460566366147384, 10.64457105418559],
              [-5.477412883064132, 10.619559645144895],
              [-5.468111124920845, 10.587830285733771],
              [-5.52257808504587, 10.425488799527695],
              [-5.487489786942981, 10.392932626085734],
              [-5.474157267998986, 10.350325418804326],
              [-5.437828735047303, 10.340015981059695],
              [-5.402533732009498, 10.300561017051839],
              [-5.327086140977462, 10.302576391108804],
              [-5.296648722011979, 10.32304026564373],
              [-5.21758378099431, 10.319939675763463],
              [-5.168439494018202, 10.291336776104316],
              [-5.152058065011676, 10.305625307650997],
              [-5.119882392134731, 10.293983271281229],
              [-5.117073121004861, 10.208034364138037],
              [-5.084413614985258, 10.22743886063431],
              [-5.090718139998954, 10.177932840776588],
              [-5.063949748036093, 10.179043893406396],
              [-5.070719361029177, 10.161008815795912],
              [-5.039455118991529, 10.134343768043587],
              [-5.07009924300601, 10.110159201419556],
              [-5.042865763004678, 10.103337912116784],
              [-5.056482504013391, 10.097110904158978],
              [-5.048343466018187, 10.085354516294593],
              [-5.015580608013274, 10.097110904158978],
              [-4.963335733997895, 10.040318501515582],
              [-4.96020930999916, 10.00848581882922],
              [-4.981396646999142, 10.00773651081527],
              [-4.952948771690011, 9.95337282967728],
              [-4.966074585367434, 9.901024768597251],
              [-4.936670694687888, 9.873997827259668],
              [-4.898016723685827, 9.888906477248987],
              [-4.838459634593238, 9.869450275891825],
              [-4.8175565183589, 9.836455066865724],
              [-4.79846207709018, 9.842526980919461],
              [-4.775905314057624, 9.788008335819802],
              [-4.810115112355088, 9.781781401578625],
              [-4.796446695750986, 9.754496091163814],
              [-4.783191691011235, 9.758371889900173],
              [-4.769962524267737, 9.737365487216358],
              [-4.738336548065751, 9.753152585080276],
              [-4.681079061388714, 9.682071737999408],
              [-4.604029500318111, 9.727159407291655],
              [-4.578320476489441, 9.69651533038547],
              [-4.552198039496527, 9.696463657072306],
              [-4.539098063730309, 9.744703397863061],
              [-4.509952554652189, 9.745065111041882],
              [-4.515921183591953, 9.675689482886629],
              [-4.501710163755328, 9.655018955432338],
              [-4.409105998253549, 9.647732717603244],
              [-4.371175496251277, 9.582956310085592],
              [-4.365026001967074, 9.624168183600544],
              [-4.322476994086391, 9.608980735016859],
              [-4.270328938906971, 9.743928298193834],
              [-4.196974242673478, 9.764960537427125],
              [-4.150258747953731, 9.818290697413268],
              [-4.059876668381732, 9.796276666172643],
              [-4.034968628090475, 9.817618944404852],
              [-3.994609334450042, 9.820771316636732],
              [-3.984041504337229, 9.851157024069222],
              [-3.891624634213319, 9.893900161443705],
              [-3.823482829352604, 9.895702117749744],
              [-3.7696101481815, 9.931332964141214],
              [-3.706461548072475, 9.941823245599888],
              [-3.679641480016104, 9.932211410303761],
              [-3.6616580806783, 9.948928625204102],
              [-3.606260945859634, 9.918181207002212],
              [-3.3891682538626, 9.913246106011073],
              [-3.348343872104678, 9.886994564945866],
              [-3.317182984195639, 9.901334808426922],
              [-3.3017317312915, 9.841131801620378],
              [-3.277857218912375, 9.84345710045133],
              [-3.214760295285627, 9.91562337843957],
              [-3.202564656878243, 9.908233495043465],
              [-3.200006673610631, 9.845369012820267],
              [-3.136935587762777, 9.829530242777256],
              [-3.094560912953773, 9.733851401599548],
              [-3.077094278879373, 9.719407809622407],
              [-3.005677449914105, 9.724162054768358],
              [-2.989993652033459, 9.708426629867953],
              [-2.91015356521339, 9.542726228388343],
              [-2.810418049791119, 9.411106167076639],
              [-2.763676717697181, 9.391882488759519],
              [-2.689210978087495, 9.488724304247571],
              [-2.675671752708563, 9.471722579814017],
              [-2.672416138066071, 9.374028453731054],
              [-2.714997517812979, 9.311060600062467],
              [-2.659807088203513, 9.27289774427765],
              [-2.661150675077977, 9.253906594132291],
              [-2.704817261137648, 9.218404913421567],
              [-2.755201782159251, 9.143138199114468],
              [-2.774838826902959, 9.054978082595158],
              [-2.660788940901366, 9.014903006580401],
              [-2.637689575271185, 8.931471594509642],
              [-2.61717403184661, 8.915012433947862],
              [-2.595573283026823, 8.828066929141263],
              [-2.617225707874778, 8.789180334611817],
              [-2.603118042025734, 8.785149513328932],
              [-2.50632808391419, 8.209267427086852],
              [-2.55810787003221, 8.167693805512751],
              [-2.610662800799131, 8.164851470255218],
              [-2.621876587207102, 8.135732029239662],
              [-2.599759074163889, 8.070387157460987],
              [-2.610559448167521, 8.040001417433611],
              [-2.690864625159478, 8.009744860431097],
              [-2.771221476947889, 7.93073147875729],
              [-2.790625977237313, 7.943289007861786],
              [-2.801193806892888, 7.850219566967995],
              [-2.840002806845566, 7.820247211222326],
              [-2.838168295192719, 7.796837973777359],
              [-2.941521158813561, 7.577161257860819],
              [-2.990458740019312, 7.270668447484322],
              [-2.97281123799837, 7.214961242173803],
              [-3.027536580029233, 7.138428462896527],
              [-3.045933390870346, 7.071249014557591],
              [-3.096592622955447, 7.054476947186113],
              [-3.097274114353584, 7.054053345644977],
              [-3.241683715965843, 6.810903201085889],
              [-3.243078980025229, 6.774755567364403],
              [-3.210419475047738, 6.715999476644327],
              [-3.230056518924181, 6.661119039361806],
              [-3.261114054113827, 6.633937337695238],
              [-3.171721891015726, 6.249584697015527],
              [-3.139364380057131, 6.219285617126156],
              [-3.118073690033095, 6.163475056455725],
              [-3.087765463023744, 5.996689366385509],
              [-3.022523966978663, 5.854501634728879],
              [-3.029758666974717, 5.704252404988],
              [-2.964801391051911, 5.709781832706196],
              [-2.9749041339437, 5.64727911844386],
              [-2.969503946978419, 5.621440923984457],
              [-2.945861979014333, 5.608289296543449],
              [-2.877494059970539, 5.636814657192469],
              [-2.806258098012715, 5.618495390849168],
              [-2.7855875250039, 5.595034284793979],
              [-2.761713013008182, 5.454913641916557],
              [-2.730138712979068, 5.373161504773693],
              [-2.74259273298913, 5.343137504138522],
              [-2.789566608995743, 5.346858213041133],
              [-2.796129516008803, 5.284975694363723],
              [-2.774890503000994, 5.239577942789786],
              [-2.778817912006788, 5.201001491041287],
              [-2.75701045699288, 5.179865819809358],
              [-2.780884968997201, 5.150875344011559],
              [-2.843698697002638, 5.149115303947796],
              [-2.846180792987685, 5.176988014264143],
              [-2.879383918011556, 5.181341872213999],
              [-2.946685351011678, 5.177069411106445],
              [-2.94351152299774, 5.136786198484177],
              [-2.977772590000494, 5.114976304398549],
              [-3.062814908001668, 5.156642972143255],
              [-3.139149543004725, 5.14232005712519],
              [-3.205067512002823, 5.21865469183744],
              [-3.172718879004193, 5.252183337701078],
              [-3.159087693990431, 5.3074404909673],
              [-3.127919074976561, 5.324896537060811],
              [-3.127756313988942, 5.359605202979959],
              [-3.146066860990136, 5.36884185778443],
              [-3.189768033016227, 5.354641028182045],
              [-3.220529752004992, 5.362046620122851],
              [-3.262074347995374, 5.340887759201718],
              [-3.246937629014076, 5.29759350073634],
              [-3.28262285099661, 5.280178124967629],
              [-3.289418098004346, 5.252183337701078],
              [-3.240956183995778, 5.231675520421891],
              [-3.27578691298599, 5.225490618391429],
              [-3.303049283002611, 5.190130928635702],
              [-3.320708788011798, 5.193508212251339],
              [-3.303089972997066, 5.155707096226745],
              [-3.275786913003063, 5.149115303947796],
              [-3.312163866001211, 5.119940497787555],
              [-3.538751071159095, 5.157289593538233],
              [-3.718006965003451, 5.188706774930756],
              [-3.721424934010538, 5.238511465766587],
              [-3.75552324100296, 5.190130928635702],
              [-3.987049933987384, 5.243963927657616],
              [-4.00194251200185, 5.266506252975166],
              [-3.962310350990048, 5.262437236976569],
              [-3.932972786016172, 5.286932692295504],
              [-3.902902798984953, 5.258978575257393],
              [-3.899525520016037, 5.286932692295504],
              [-3.775380011983267, 5.244777727099509],
              [-3.782215950001738, 5.266506252975166],
              [-3.728871223001747, 5.266506252975166],
              [-3.715687628998169, 5.282294011038975],
              [-3.758900520013608, 5.366197014246217],
              [-3.804921028025287, 5.375962645277426],
              [-3.814035611011285, 5.359808666926281],
              [-3.735015429015347, 5.286932692295504],
              [-3.743967251984861, 5.273993222891331],
              [-3.79649817601323, 5.272691155044583],
              [-3.86668860600169, 5.303615627922724],
              [-3.878407355991853, 5.326646221841867],
              [-3.891997851000071, 5.313625393073477],
              [-3.906320766974903, 5.348374729196757],
              [-3.920969205014306, 5.316229566335932],
              [-4.009348111000096, 5.313625393073477],
              [-3.983998175993189, 5.300930076597707],
              [-3.954741990988035, 5.3074404909673],
              [-3.940541144989424, 5.293158264640422],
              [-3.989084439014256, 5.269110426219837],
              [-4.060902472989626, 5.299546611901987],
              [-4.078521288007597, 5.287787180776172],
              [-4.125477667987505, 5.3074404909673],
              [-4.160145637013625, 5.293402417618441],
              [-4.200550910987298, 5.3074404909673],
              [-4.24103756398504, 5.283921609932253],
              [-4.255767382017498, 5.286932692295504],
              [-4.248931443987153, 5.3074404909673],
              [-4.274566209988222, 5.312404684509945],
              [-4.297352668004303, 5.29999421004822],
              [-4.321441209988673, 5.310980530778313],
              [-4.351307746015148, 5.272691155044583],
              [-4.39240475200443, 5.29999421004822],
              [-4.423817511996964, 5.28156158965946],
              [-4.42650305900443, 5.29999421004822],
              [-4.463531053982748, 5.298244525273719],
              [-4.481678840015602, 5.272691155044583],
              [-4.463775193982099, 5.276109108960743],
              [-4.453724738982828, 5.258978575257393],
              [-4.543771939002154, 5.266506252975166],
              [-4.56362871000459, 5.29999421004822],
              [-4.55748450400215, 5.266506252975166],
              [-4.612131314013119, 5.238511465766587],
              [-4.651966926014078, 5.249172274130156],
              [-4.687163865993957, 5.231675520421891],
              [-4.714466926006255, 5.252183337701078],
              [-4.667307095006206, 5.252183337701078],
              [-4.68716386601634, 5.272691155044583],
              [-4.673451301000112, 5.313625393073477],
              [-4.702504035979121, 5.278306373097758],
              [-4.749256965016539, 5.272691155044583],
              [-4.722157355999368, 5.2522647157677],
              [-4.803822395004056, 5.204413154736526],
              [-4.808583136983282, 5.180487364970912],
              [-4.747670051001961, 5.172349351864627],
              [-4.742421027984548, 5.197577209429105],
              [-4.704741991016467, 5.211330478117647],
              [-4.687163865984751, 5.197577209429105],
              [-4.608306443984486, 5.211167703208787],
              [-4.559559699980034, 5.196966855158101],
              [-4.536366340003802, 5.204413154736526],
              [-4.571034309001112, 5.218003648531258],
              [-4.530140753994167, 5.231675520421891],
              [-4.522694465001103, 5.218003648531258],
              [-4.412831184012512, 5.238511465766587],
              [-4.40807044200716, 5.223618885313882],
              [-4.385568814005826, 5.252183337701078],
              [-4.305816209991256, 5.244574281933192],
              [-4.183827277995682, 5.280178124967629],
              [-4.060454882017025, 5.283351963463226],
              [-4.029204882014033, 5.272691155044583],
              [-4.070220507001902, 5.266506252975166],
              [-3.995757615994838, 5.231675520421891],
              [-4.620513476013445, 5.180731517944635],
              [-4.892648891992891, 5.128648176051048],
              [-4.982004360993087, 5.136135155186961],
              [-4.968983528004657, 5.149115303947796],
              [-5.003773566978309, 5.16058990219766],
              [-5.009917772983697, 5.197577209429105],
              [-4.997059700014368, 5.212795320860913],
              [-5.064279752017619, 5.209214592069461],
              [-5.112294074985677, 5.183294983344377],
              [-5.15786699100661, 5.212225655621456],
              [-5.22158769398243, 5.211167703208787],
              [-5.234050636133852, 5.22306527412204],
              [-5.253041144975802, 5.214097388695595],
              [-5.321522589996426, 5.230210677674217],
              [-5.323963996004479, 5.204413154736526],
              [-5.338286912982034, 5.211167703208787],
              [-5.32448258232696, 5.190827129818097],
              [-5.323963996004207, 5.190130928635702],
              [-5.31696529902236, 5.194159255554931],
              [-5.311512825008876, 5.195786854425886],
              [-5.297352667982756, 5.197577209429105],
              [-5.297352668004186, 5.190130928635702],
              [-5.305002408001108, 5.181626695443946],
              [-5.328439908012257, 5.170070709699004],
              [-5.338286912975355, 5.163478898627115],
              [-5.338286912985073, 5.183294983344377],
              [-5.352528449991928, 5.141831769957628],
              [-5.359364386992178, 5.128648176051048],
              [-5.392893033021452, 5.177069411106445],
              [-5.400380012021449, 5.177069411106445],
              [-5.40078691298859, 5.173976950729657],
              [-5.400380011975049, 5.163478898627115],
              [-5.41392981699434, 5.170314843895635],
              [-5.398996549006498, 5.141994535476254],
              [-5.357899543001291, 5.123521226524512],
              [-5.308827278003594, 5.118150133419941],
              [-5.269398566992334, 5.128648176051048],
              [-5.28547115799204, 5.140773826945835],
              [-5.302357550990322, 5.14044830529699],
              [-5.320139127011238, 5.137640696332509],
              [-5.338286913008107, 5.14232005712519],
              [-5.338286913005033, 5.149115303947796],
              [-5.328114386999082, 5.148504949681793],
              [-5.319935676008499, 5.149807036279122],
              [-5.312570766990092, 5.152573956216923],
              [-5.304798957002922, 5.156642972143255],
              [-5.299468554000629, 5.160956122268685],
              [-5.286854620983786, 5.174058328795255],
              [-5.283070442021006, 5.177069411106445],
              [-5.268137174003917, 5.173732816532874],
              [-5.251616990988397, 5.165432028528261],
              [-5.235463020023955, 5.161322342339733],
              [-5.221587693994535, 5.170314843895635],
              [-5.209339973018117, 5.162827874103544],
              [-5.197132942007182, 5.16014232283792],
              [-5.186919726019807, 5.164252027802283],
              [-5.180653450020567, 5.177069411106445],
              [-5.198963996009721, 5.174383859834317],
              [-5.207020636994474, 5.182440494877674],
              [-5.21377519400271, 5.193019925079523],
              [-5.228423631982993, 5.197577209429105],
              [-5.228423632004409, 5.204413154736526],
              [-5.214751756983039, 5.197577209429105],
              [-5.181385870999212, 5.202337957723703],
              [-5.120757615980623, 5.166978249325879],
              [-5.094960090003756, 5.173732816532874],
              [-5.080922003982637, 5.184759826080911],
              [-5.067738410980438, 5.186957090186383],
              [-5.033192511985902, 5.183294983344377],
              [-5.029123502013476, 5.175726635470229],
              [-5.023426887019585, 5.158514723976724],
              [-5.014881964991599, 5.140082094615601],
              [-5.002430792992698, 5.128648176051048],
              [-5.255360480999469, 5.121039129827855],
              [-5.294300911004005, 5.106024482574333],
              [-5.42831604237882, 5.098875567937477],
              [-5.495676236006396, 5.095282296404627],
              [-5.550526496000998, 5.114976304398549],
              [-5.578439908008241, 5.094549875047846],
              [-5.550526495988749, 5.087713929871579],
              [-5.630238411005826, 5.063218494152563],
              [-5.858684318527914, 5.02769240427483],
              [-6.412220832107955, 4.823879334551077],
              [-6.441517706726015, 4.793931291941278],
              [-6.583851692084455, 4.76040276329016],
              [-6.626820442163964, 4.724595497841205],
              [-6.903146939431791, 4.662014199553057],
              [-7.058216925638092, 4.539007768026741],
              [-7.173451300814805, 4.518784841483722],
              [-7.232818162887332, 4.493312858796038],
              [-7.255238411097688, 4.465521581710481],
              [-7.35985266793488, 4.416083055384905],
              [-7.438710089564426, 4.350978776878971],
              [-7.540666124703685, 4.352844727390326],
              [-7.579196736669294, 4.387149255771767],
              [-7.564313925124553, 4.42582919953056],
              [-7.572478801054667, 4.723356237433723],
              [-7.579558472181549, 4.784282785819824],
              [-7.605996506831826, 4.817363378312309],
              [-7.605500040112902, 4.897428315105826],
              [-7.574959270433911, 4.921561297629728],
              [-7.549534463884426, 4.913887196039897],
              [-7.571600300898504, 4.975382154196856],
              [-7.575786091999142, 5.07206878578607],
              [-7.546847290003437, 5.097700298944932],
              [-7.515841431007765, 5.091809186139321],
              [-7.488918009997408, 5.140669250311378],
              [-7.475688842970247, 5.264227591998577],
              [-7.439928752002705, 5.290169169749421],
              [-7.428508259997063, 5.256140238225868],
              [-7.418793091027617, 5.260455228533941],
              [-7.389750935947547, 5.317144252809113],
              [-7.396933960023746, 5.366443589416519],
              [-7.429696818974974, 5.374298394312658],
              [-7.449953978951181, 5.422770882038596],
              [-7.4098518602475, 5.513416962902528],
              [-7.419981649003592, 5.523126526973065],
              [-7.393626668956032, 5.523979175365027],
              [-7.411920125933141, 5.560359378417521],
              [-7.405098835948541, 5.572399990487964],
              [-7.384118205002433, 5.568963522659696],
              [-7.417962620984157, 5.627756680886943],
              [-7.449488891917287, 5.732364378741607],
              [-7.446543335865094, 5.845949163724944],
              [-7.478582722882124, 5.85987596722166],
              [-7.494395710927039, 5.806184165508169],
              [-7.531085978885096, 5.842021761127445],
              [-7.527778687125366, 5.85884249951657],
              [-7.559146281099016, 5.839851403841318],
              [-7.587206584055344, 5.866774814793889],
              [-7.584157673971172, 5.883698824858608],
              [-7.680482543991265, 5.940930478896971],
              [-7.717172810849856, 5.90075201839341],
              [-7.786625936134812, 5.95816460440296],
              [-7.800681925983384, 5.981729020044321],
              [-7.786470905960806, 6.025111380679018],
              [-7.80967362490379, 6.071206744247374],
              [-7.828380494071977, 6.080715248001123],
              [-7.850911416860824, 6.067563545261367],
              [-7.861815144879746, 6.081490348780987],
              [-7.846622273856459, 6.197478096681622],
              [-7.914370076755659, 6.271737107207588],
              [-8.033019164899155, 6.301761146408437],
              [-8.170581827820646, 6.274010886359398],
              [-8.295070353199792, 6.313362572375946],
              [-8.302718465706922, 6.340647621680265],
              [-8.322355510154278, 6.336461927301917],
              [-8.352947956693553, 6.36105981034669],
              [-8.411807413873618, 6.340027541063301],
              [-8.423692993087792, 6.351990680694084],
              [-8.405967977118324, 6.37224784918975],
              [-8.419042115196474, 6.407646220596494],
              [-8.40508947801073, 6.436326601294923],
              [-8.418266968119879, 6.451209437258568],
              [-8.467514608061679, 6.487072868876808],
              [-8.497228556971038, 6.431365655969285],
              [-8.556501425079832, 6.487021195492701],
              [-8.618719848871114, 6.492834751629558],
              [-8.441645674037725, 6.655310139952817],
              [-8.337496704071146, 6.777261876613319],
              [-8.314965780300643, 6.850280721364416],
              [-8.33367264778941, 6.882578387294259],
              [-8.319978394210654, 6.959989768452907],
              [-8.286647094999656, 6.993786111952787],
              [-8.284114949646504, 7.017867258958796],
              [-8.305353962825953, 7.146903347603912],
              [-8.387674519717784, 7.314955084794245],
              [-8.425605021999017, 7.501920470830277],
              [-8.443640095294899, 7.537111990724203],
              [-8.485446330732534, 7.557989535429861],
              [-8.566526651265399, 7.623411629485143],
              [-8.567405151052739, 7.688213942102504],
              [-8.686571003261069, 7.694363373588249],
              [-8.727576252951772, 7.622016448456099],
              [-8.729617472273285, 7.508690133383777],
              [-8.790388957109791, 7.450812499835436],
              [-8.799225626280695, 7.412210235861433],
              [-8.860617227855924, 7.357639846932882],
              [-8.85782670110947, 7.273045573030975],
              [-8.925419473799694, 7.248602563596162],
              [-8.957200479872652, 7.286481402040875],
              [-8.981023314984103, 7.250566302139595],
              [-9.106085324189822, 7.202974971335185],
              [-9.125407267777206, 7.190208192114111],
              [-9.119619506955237, 7.237957247041451],
              [-9.153079997152332, 7.275474371952924],
              [-9.18147619708194, 7.275681065459973],
              [-9.206280884140764, 7.298367029710035],
              [-9.234341185577357, 7.381307604808398],
              [-9.29950516831622, 7.376605177441713],
              [-9.319400594385641, 7.411951868987314],
              [-9.349217895696546, 7.42156356733136],
              [-9.37515946460343, 7.419289788631328],
              [-9.407353881817349, 7.378052031951114],
              [-9.438101358693723, 7.42156356733136],
              [-9.487098761344219, 7.373204198105169],
              [-9.353507039546065, 7.622429835427736],
              [-9.374694376852199, 7.646924515528271],
              [-9.355470744334911, 7.741905878033661],
              [-9.367753447778936, 7.757545183728658],
              [-9.438669799333917, 7.866239212053049],
              [-9.448436645807543, 7.907838975959438],
              [-9.424148722091148, 8.026177891412692],
              [-9.451537231983481, 8.051757708424534],
              [-9.474223184095811, 8.028813232958282],
              [-9.459805460277265, 8.068784982789895],
              [-9.481406209328517, 8.164696450173423],
              [-9.530137085097081, 8.185496179424931],
              [-9.509156453376796, 8.265594692986895],
              [-9.539387166968778, 8.314584040301712],
              [-9.49913122651045, 8.343471249254778],
              [-9.600158650798409, 8.410883047047461],
              [-9.619537311991291, 8.392718661101553],
              [-9.677259887458005, 8.391530173933692],
              [-9.645117147912597, 8.443413526521837],
              [-9.650543172425781, 8.464807496591996],
              [-9.70325313249343, 8.487260770161491],
              [-9.722115030985584, 8.435636085904804],
              [-9.773584757422325, 8.563018410100559],
              [-9.790586304528048, 8.565395684655435],
              [-9.806812703971318, 8.506251928882204],
              [-9.858644164573075, 8.487054076750795],
              [-9.872803507323512, 8.500360866299413],
              [-9.944168660026735, 8.488345910567295],
              [-10.06168086628578, 8.422174275859582],
              [-10.0793542082932, 8.43995111138684],
              [-10.069277302637049, 8.486873220016417],
              [-10.091084757472141, 8.510101894041568],
              [-10.164878703727734, 8.524648843873814],
              [-10.23241979951681, 8.477054682129467],
              [-10.24027461801956, 8.493746376764003],
              [-10.282235880604237, 8.484625429173477],
              [-10.34429927690412, 8.499069032490832],
              [-10.389774536863833, 8.489095474606943],
              [-10.460209513152675, 8.392150254195272],
              [-10.554363971960584, 8.311845051949657],
              [-10.572657429918138, 8.304584644835412],
              [-10.659783895625816, 8.333265160499396],
              [-10.707894654562221, 8.303137790830611],
              [-10.715181029760901, 8.269599678673137],
              [-10.735283162856897, 8.287299005469958],
              [-10.669085653534813, 8.399075084623066],
              [-10.631878620712126, 8.532012596900874],
              [-10.565422729639279, 8.612782850387877],
              [-10.503307658252341, 8.631567314465764],
              [-10.481861937969482, 8.672469172975172],
              [-10.599684202998178, 8.815380222084459],
              [-10.611879841382247, 8.945139793724017],
              [-10.592179110718194, 9.041657477615512],
              [-10.593100657037242, 9.047616735176179],
              [-10.629346476473149, 9.070351801274237],
              [-10.746341919230398, 9.08381360640694],
              [-10.742569540569587, 9.163292000621327],
              [-10.685208699006834, 9.224502666849975],
              [-10.6751317950622, 9.306461373487437],
              [-10.765462199659114, 9.385216329448184],
              [-10.831763063216753, 9.392141155808657],
              [-10.81145422464509, 9.40826413426044],
              [-10.854862426594178, 9.455263725485551],
              [-10.852588665170797, 9.512082147298555],
              [-10.877703410836483, 9.53267516694522],
              [-10.886333374406073, 9.568409369844934],
              [-10.921680053065664, 9.595901076917702],
              [-10.940128539606835, 9.639696916235723],
              [-10.968498900820945, 9.654243855710515],
              [-11.044928345608595, 9.787129889557271],
              [-11.160270141980771, 9.872757667913568],
              [-11.188537149644795, 9.972596499866246],
              [-11.272666382437968, 9.996006007568386],
              [-11.449172865717523, 9.995040137436154],
              [-11.587518915163548, 9.994283063490608],
              [-11.91009517457586, 9.992517759320517],
              [-11.921774048090189, 9.922212025152835],
              [-12.10980705099192, 9.881675819579476],
              [-12.174833536086393, 9.879191294934406],
              [-12.276739459805507, 9.929265731565419],
              [-12.472334758869492, 9.881258527592879],
              [-12.514321859955883, 9.851312043990193],
              [-12.522460896434584, 9.734471481339749],
              [-12.601551678329534, 9.65171186328277],
              [-12.602766072820598, 9.609362877218189],
              [-12.633849447750862, 9.597864963389988],
              [-12.64992081829336, 9.552105536615437],
              [-12.668627687158464, 9.542364515154986],
              [-12.722939617465668, 9.392089482484094],
              [-12.75975907502065, 9.382839356505],
              [-12.764151572126167, 9.34767355550391],
              [-12.795260782684561, 9.335090199254527],
              [-12.835826780572152, 9.281966713873938],
              [-12.917527220536156, 9.26700638393465],
              [-12.937009237490763, 9.287082974234021],
              [-12.957912354271821, 9.272432684318726],
              [-12.978350383993318, 9.212849729942382],
              [-12.959152589968182, 9.177838944927226],
              [-12.984163982276753, 9.172309597966875],
              [-13.028864094001339, 9.095983277631671],
              [-13.11591304613262, 9.04394522445844],
              [-13.20753535853463, 9.076707921960468],
              [-13.301096156637346, 9.041489839698333],
              [-13.321603971278924, 9.056626822525844],
              [-13.322173630957803, 9.083075158396863],
              [-13.300648566667547, 9.084621452907404],
              [-13.243072068743944, 9.169745158641826],
              [-13.157704231513787, 9.18549230614491],
              [-13.259510872136371, 9.196356624105466],
              [-13.232818163107607, 9.267401444560114],
              [-13.280629036285715, 9.165025160243168],
              [-13.315297004707226, 9.182074355587361],
              [-13.307932096040011, 9.250311692617599],
              [-13.322173632294021, 9.261216567668809],
              [-13.325347460187849, 9.311021244214249],
              [-13.318674282231763, 9.329494458656338],
              [-13.301096156632045, 9.315863215242715],
              [-13.301096158803489, 9.356838360634315],
              [-13.352853970484949, 9.338771923769388],
              [-13.374501105365722, 9.272772466498026],
              [-13.407785612155457, 9.287014176605105],
              [-13.4319962224713, 9.371079769501737],
              [-13.396636524480833, 9.439357955776124],
              [-13.465402800097715, 9.41815837406366],
              [-13.513986783899107, 9.449611805637003],
              [-13.520741339984383, 9.495103255546161],
              [-13.486683722551598, 9.569077818290845],
              [-13.515614388577111, 9.524481641103964],
              [-13.547474738491475, 9.500189472521747],
              [-13.588449673472759, 9.569077818290845],
              [-13.643266997594704, 9.542543569214033],
              [-13.722401495838845, 9.505804740160649],
              [-13.673329229870777, 9.573797815375388],
              [-13.625803188279813, 9.647284181211445],
              [-13.623199024362584, 9.727362495424694],
              [-13.561105924986675, 9.78823485718836],
              [-13.604115362889317, 9.78017802684297],
              [-13.651193814440294, 9.842840926304161],
              [-13.66478430778993, 9.83661519403401],
              [-13.650542773280776, 9.777004324249999],
              [-13.661284958857101, 9.7545432580813],
              [-13.728911913189018, 9.744086021963771],
              [-13.749826627338294, 9.799872167124875],
              [-13.681996223320251, 9.913478936307254],
              [-13.690362453731472, 9.950763327884175],
              [-13.702015752325627, 9.911688396221976],
              [-13.749745247393697, 9.86347089323667],
              [-13.784657355391296, 9.850246432246225],
              [-13.827707486748009, 9.855373505827709],
              [-13.927642380305324, 9.935939699242546],
              [-13.945383267915735, 9.966945783941467],
              [-14.058338995987587, 10.025295313952471],
              [-14.046131965031694, 10.079494535686726],
              [-14.020334439018047, 10.094427803530202],
              [-13.993763801013149, 10.076157946121073],
              [-14.028187628975548, 10.116603905943597],
              [-14.041615363984564, 10.101304427703106],
              [-14.068348761946675, 10.118109437525082],
              [-13.999908006930239, 10.199693095165022],
              [-14.089344855967166, 10.138251041257744],
              [-14.092274542998137, 10.068589584849978],
              [-14.130279100981932, 10.048895573482673],
              [-14.179798956987504, 10.090277409959413],
              [-14.178781704947575, 10.110296937628549],
              [-14.123646614013085, 10.162583727095925],
              [-14.137766079911723, 10.179185281669406],
              [-14.153146938976082, 10.156317448014002],
              [-14.18492591101761, 10.15192292046804],
              [-14.182484504037108, 10.129543364094905],
              [-14.222401496041552, 10.106105864466716],
              [-14.25059973903009, 10.140529692496131],
              [-14.243885871043011, 10.18231843055292],
              [-14.270130989013666, 10.159735420132675],
              [-14.376698370908443, 10.234442442569675],
              [-14.43195553290812, 10.234442442569675],
              [-14.452544725922371, 10.214585672720263],
              [-14.46304277285323, 10.330023493276988],
              [-14.548003710221286, 10.425604576407434],
              [-14.53559322839984, 10.507473061528534],
              [-14.596424933860703, 10.47597889714757],
              [-14.644276495933855, 10.4877383428733],
              [-14.65119381416377, 10.475083738724649],
              [-14.663807745944093, 10.529201560692449],
              [-14.650461392099256, 10.570257887635945],
              [-14.596424933953735, 10.603745831448832],
              [-14.628651496138803, 10.617254960642281],
              [-14.615223762275233, 10.691310960951158],
              [-14.607289191769057, 10.705389698447254],
              [-14.590240037919591, 10.699367573881112],
              [-14.568511523142895, 10.73102449186845],
              [-14.500233527588035, 10.891099320067127],
              [-14.519927537624692, 10.885402707839903],
              [-14.521351692448611, 10.850816181790261],
              [-14.573475715137816, 10.812404700389953],
              [-14.629709438899992, 10.706447650412898],
              [-14.699818489431618, 10.643133888827686],
              [-14.703724738825214, 10.670843803755631],
              [-14.678334113652181, 10.693101277655698],
              [-14.705718553553584, 10.68634671322639],
              [-14.719349738918886, 10.699367573881112],
              [-14.699086067151891, 10.756252357418649],
              [-14.651356575018454, 10.80996328439053],
              [-14.664702928639732, 10.81663643304147],
              [-14.723133918488605, 10.765122825628533],
              [-14.760324673918667, 10.699367573881112],
              [-14.795074022618762, 10.768255898579511],
              [-14.754139777510023, 10.802964548505022],
              [-14.740467903440553, 10.87189365462028],
              [-14.77257239455477, 10.836493197994052],
              [-14.808705207200449, 10.823472412850023],
              [-14.795074022918726, 10.89858632402777],
              [-14.819732225614333, 10.91201403672715],
              [-14.808705207300404, 10.939601976983525],
              [-14.731760219703526, 10.966457402259767],
              [-14.71629798141749, 11.000962662547531],
              [-14.664702928983417, 11.035793359792571],
              [-14.685170051290992, 11.06366610419769],
              [-14.694976365510266, 11.038478872267381],
              [-14.726796028291691, 11.025824307274384],
              [-14.741525844629638, 10.989081094923213],
              [-14.801258918194867, 10.980536214210119],
              [-14.795480924106901, 10.999701246783514],
              [-14.810658331567611, 11.014471715618852],
              [-14.843495245579312, 10.967474646388279],
              [-14.874623176288475, 10.973293381942833],
              [-14.894439256953861, 11.030259503680163],
              [-14.918568489434021, 11.028957455233231],
              [-14.898793097654412, 10.993231487012991],
              [-14.911122199493308, 10.960028350267827],
              [-14.959584114196971, 10.980536214210119],
              [-14.911122200174217, 10.925930092684007],
              [-14.939808723049126, 10.889105539586051],
              [-14.980051236340875, 10.874986094826321],
              [-14.973215299429832, 10.820054460500117],
              [-14.945912238631637, 10.792792031885709],
              [-14.959584113614538, 10.768255898579511],
              [-15.031564907629535, 10.792792031885709],
              [-15.079457161143242, 10.858710038384832],
              [-15.074330207025874, 10.89687734787228],
              [-15.027821417944271, 10.929348044983877],
              [-15.02098548057428, 10.967474646388279],
              [-14.959056355619044, 11.035761589690299],
              [-14.863144896761247, 11.218644494097264],
              [-14.828211628785235, 11.334787277941858],
              [-14.711061159042274, 11.497568127460239],
              [-14.64538041106397, 11.515060461763641],
              [-14.520943563918049, 11.512890180555384],
              [-14.432267987074122, 11.560575531168103],
              [-14.339223388548596, 11.610610218183586],
              [-14.289691527518841, 11.668849555166794],
              [-14.161844034783456, 11.660943079627712],
              [-14.11856502292502, 11.637998753656724],
              [-14.015134644645755, 11.637120306456868],
              [-13.945423137167328, 11.675670890057464],
              [-13.923744873594268, 11.665025575913559],
              [-13.886408651253362, 11.675567543326224],
              [-13.870053060460727, 11.743677096134471],
              [-13.846281900485867, 11.737269147946032],
              [-13.815766967323825, 11.686832937915209],
              [-13.770007486866771, 11.688693329301866],
              [-13.7299324131464, 11.709828937793645],
              [-13.723937948118476, 12.00278270239281],
              [-13.734919189061152, 12.019267410702909],
              [-13.807757120391127, 12.04427882734182],
              [-13.842406169472094, 12.091304455850727],
              [-13.918396362894452, 12.137761528734995],
              [-13.972527423974306, 12.151559072734688],
              [-13.943924520416205, 12.218635180388002],
              [-13.840003214524454, 12.277132908832797],
              [-13.795690673136743, 12.278734783859944],
              [-13.808558106070503, 12.256100638446597],
              [-13.740836142342804, 12.256927412637442],
              [-13.695324440977449, 12.292492523081949],
              [-13.660711833327193, 12.458672202243939],
              [-13.73463496829676, 12.585331069051202],
              [-13.728278766582372, 12.673387663123648],
              [-14.343107646678117, 12.675897128235126],
              [-14.872159688523142, 12.678108569961527],
              [-15.146228391765645, 12.67922705896637],
              [-15.223794720690186, 12.675196532922465],
              [-15.42173078190967, 12.557121896796669],
              [-15.677048705303443, 12.439293476670745],
              [-15.883964192131575, 12.442182530261379],
              [-15.973258014791382, 12.437226390602298],
              [-16.090511840844112, 12.464304903017847],
              [-16.181875773320556, 12.443375975424802],
              [-16.222390094847157, 12.455054763997859],
              [-16.412300985217108, 12.361727205402637],
              [-16.53332718774427, 12.347826161708896],
              [-16.668874471123264, 12.35671458594177],
              [-16.728436776929591, 12.332530837939355],
              [-16.744130012851755, 12.37885167761158],
              [-16.798736132425503, 12.430894296587613],
              [-16.800770638078475, 12.494452275398677],
              [-16.731678838481518, 12.552069319507678],
              [-16.678822392650869, 12.550238218398581],
              [-16.645375130624302, 12.570746250617718],
              [-16.579741989738913, 12.632798500576504],
              [-16.533314581745067, 12.56533436283566],
              [-16.50475013107528, 12.598049336165525],
              [-16.370961064694225, 12.550238218398581],
              [-16.309559702050706, 12.598049336165525],
              [-16.246693487684315, 12.587958000760398],
              [-16.212228972233483, 12.606350128077452],
              [-16.192860482117254, 12.577582161325104],
              [-16.029774543033231, 12.632961331896951],
              [-15.963863380573695, 12.60224569740835],
              [-15.939605273702956, 12.580633896464954],
              [-15.863880990094575, 12.577582161325104],
              [-15.839995900469484, 12.557074429368084],
              [-15.768788217470837, 12.592596890593148],
              [-15.699452276035366, 12.58372618923017],
              [-15.656890427580494, 12.537583642472597],
              [-15.587717253707675, 12.558010258735985],
              [-15.509836392701979, 12.635809678302989],
              [-15.529855921766496, 12.665757423150609],
              [-15.53490149421402, 12.783026330595129],
              [-15.46642005169101, 12.79645420913856],
              [-15.44615637892352, 12.824611716567514],
              [-15.406809048264085, 12.799709334108565],
              [-15.391590948465536, 12.838202126811066],
              [-15.407053187345783, 12.82233297879603],
              [-15.453033006507953, 12.831447629498035],
              [-15.549468554342745, 12.794338302809045],
              [-15.54246985520151, 12.649400085187896],
              [-15.641021290341531, 12.559475139636245],
              [-15.672108529529293, 12.570746250617718],
              [-15.666411913829394, 12.600653435479526],
              [-15.76768958215918, 12.625392980224943],
              [-15.833485481171055, 12.591253982906263],
              [-15.860463021076455, 12.611721158081997],
              [-15.913319464924349, 12.601223044652203],
              [-15.953277148161041, 12.625392980224943],
              [-15.95270748674063, 12.643744250334352],
              [-15.981190556693713, 12.652655209535967],
              [-16.022124805442736, 12.728990057427138],
              [-16.048898891962462, 12.656398827872634],
              [-16.076812302606506, 12.6389833869355],
              [-16.155018685096422, 12.611721158081997],
              [-16.323841923755484, 12.609564394211453],
              [-16.370961065783593, 12.564520506726641],
              [-16.489572721923878, 12.631822113508045],
              [-16.492827929735466, 12.648911891643516],
              [-16.46719316129985, 12.67377341114218],
              [-16.49229895533966, 12.68170798354952],
              [-16.501332159360111, 12.707912411956968],
              [-16.508168098166657, 12.625392980224943],
              [-16.570220506607299, 12.693589563500192],
              [-16.598784957399786, 12.664007737453257],
              [-16.634673633742313, 12.669379068266103],
              [-16.637928839605681, 12.693589563500192],
              [-16.59072832008092, 12.762030399727134],
              [-16.59691321429985, 12.797308623111762],
              [-16.60374915247197, 12.762518593342453],
              [-16.651031056014876, 12.705267754675191],
              [-16.647206183696852, 12.632228891381962],
              [-16.754628061308889, 12.572211131539907],
              [-16.780873173353594, 12.608831953717345],
              [-16.777088998126459, 12.678046081185581],
              [-16.735463019648932, 12.732896207042264],
              [-16.700550908393016, 12.721584235749432],
              [-16.698963996069207, 12.736395578749461],
              [-16.733957484515376, 12.751369452954712],
              [-16.796213347457932, 12.715318233503606],
              [-16.796213345406009, 12.748846768818217],
              [-16.77013098702372, 12.793361615110213],
              [-16.775054491839565, 12.810939890899272],
              [-16.794056770052279, 12.794989327800026],
              [-16.802967900949596, 12.814032184574724],
              [-16.755238413331494, 12.903469266711648],
              [-16.753651495493671, 13.065008829552252],
              [-16.748507855258428, 13.099227462553012],
              [-16.708406942911282, 13.156691637322314],
              [-16.673525348234168, 13.164313771187366],
              [-15.897441201337116, 13.157399142944897],
              [-15.826600302101864, 13.161678425377687],
              [-15.824367248958307, 13.248512054430924],
              [-15.82267289165677, 13.319420656473156],
              [-15.807118287244302, 13.339781202180188],
              [-15.692499960617431, 13.360348442483026],
              [-15.596123412869963, 13.355826713908158],
              [-15.519538941518, 13.386600065334513],
              [-15.342392129295119, 13.362570401471926],
              [-15.248341022555982, 13.398976461722741],
              [-15.227773802558373, 13.425176412947504],
              [-15.217955280261156, 13.514679979194151],
              [-15.181331442016486, 13.559843203125515],
              [-15.137650108086522, 13.589972750763504],
              [-14.949702919376417, 13.463081008135477],
              [-14.790332805183933, 13.417347581743455],
              [-14.731576702911113, 13.35900493240101],
              [-14.661606811094572, 13.34091801836421],
              [-14.592153689515259, 13.353139693769114],
              [-14.552109141075034, 13.323094279049347],
              [-14.470326496947166, 13.298259172880094],
              [-14.43143998222623, 13.261439731473326],
              [-14.368833984898533, 13.235704848922891],
              [-14.201686565800379, 13.229555407559435],
              [-14.116808025351071, 13.282161989321366],
              [-13.900567992361212, 13.3145630507332],
              [-13.851036132084936, 13.335750371664616],
              [-13.822562417521095, 13.378202526123848],
              [-13.818712524681578, 13.429362264529436],
              [-13.842690388615672, 13.476646196642564],
              [-13.882503704924751, 13.503781381533797],
              [-13.91808630412004, 13.554987698211988],
              [-13.988495445206768, 13.579146554478424],
              [-14.196828979513116, 13.51878832126056],
              [-14.347284910693876, 13.45235816143256],
              [-14.462134597295323, 13.516656189362902],
              [-14.523243161976982, 13.625655097425852],
              [-14.585539103134936, 13.660459297656217],
              [-14.667187869451945, 13.652888830361062],
              [-14.740930132608376, 13.615448982251356],
              [-14.796017212050678, 13.644697980841302],
              [-14.831312214042466, 13.735622606985803],
              [-14.86031380990012, 13.765595342285547],
              [-14.915803182601081, 13.792440930919762],
              [-15.016778932509879, 13.796885153103094],
              [-15.097704223590775, 13.819984413921777],
              [-15.267254596064975, 13.741797890984849],
              [-15.304461629574307, 13.781873097686175],
              [-15.3477664790163, 13.788642627629638],
              [-15.394068563708657, 13.77151195871442],
              [-15.46750077290363, 13.708285822877501],
              [-15.498030087681318, 13.641522164039602],
              [-15.502485716347948, 13.588267225265055],
              [-15.51819535225218, 13.583099576172174],
              [-16.085382943752666, 13.585168318195608],
              [-16.561399168845234, 13.586914100934973],
              [-16.575754359480289, 13.640326163033835],
              [-16.508168095627898, 13.687974232471355],
              [-16.529286259365211, 13.700995052675662],
              [-16.508900518029161, 13.740220347008464],
              [-16.529286260004053, 13.742621061905847],
              [-16.542103644380983, 13.693670935151447],
              [-16.598866342659925, 13.654201697612562],
              [-16.635568814912013, 13.67804601126797],
              [-16.629750130109574, 13.7604841716684],
              [-16.576405401623127, 13.838812499448771],
              [-16.549143035849998, 13.824530481254465],
              [-16.556548630363761, 13.845648424676819],
              [-16.521839974140939, 13.851792766099571],
              [-16.512928840657711, 13.813299904476155],
              [-16.487049933895268, 13.804632874821243],
              [-16.500599736911873, 13.872707321404542],
              [-16.515695766849923, 13.879787494640112],
              [-16.487049931103368, 14.002630786276205],
              [-16.549427862032307, 13.869289358576264],
              [-16.637928838355702, 13.845648424676819],
              [-16.700062626706504, 13.769028926574588],
              [-16.742421029007339, 13.839422967936493],
              [-16.746815557683206, 13.951361331721317],
              [-16.702504033389769, 13.989976178678079],
              [-16.646311004364307, 13.982977719977598],
              [-16.63792884182693, 13.961656080293455],
              [-16.598988408187424, 13.996812106206955],
              [-16.576405400501983, 13.988958931143356],
              [-16.576771615216391, 14.01097245673397],
              [-16.542347783801311, 14.037339478883139],
              [-16.568348764746052, 14.030341019420819],
              [-16.590728317659615, 14.04360579653544],
              [-16.441477014284022, 14.156561460558382],
              [-16.404693164859289, 14.145412591594306],
              [-16.372288352645814, 14.162652931100375],
              [-16.380215294733347, 14.168361957356055],
              [-16.427723761009712, 14.170111347462189],
              [-16.454741991054966, 14.180161853635617],
              [-16.452951628016784, 14.201849725599455],
              [-16.468739386768487, 14.193833714941613],
              [-16.474598764389931, 14.17938885331651],
              [-16.47150631582365, 14.164252107367702],
              [-16.460357226035267, 14.154120185695756],
              [-16.472767707928035, 14.147365671527838],
              [-16.483062302598036, 14.148138671787096],
              [-16.493072066978812, 14.151841442190003],
              [-16.504750129035376, 14.154120185695756],
              [-16.513172984097359, 14.151027884195202],
              [-16.51675371281333, 14.14345951166994],
              [-16.518788215177388, 14.134263422501366],
              [-16.521839971211325, 14.126165997273414],
              [-16.547515426325482, 14.081854430489102],
              [-16.556548635094781, 14.071519421773331],
              [-16.566802537056748, 14.06696193566893],
              [-16.588449674311928, 14.061957112981847],
              [-16.600331185324368, 14.054185352602568],
              [-16.60912024719967, 14.043199017642022],
              [-16.62157141680219, 14.019964853374358],
              [-16.631703253308512, 14.010077182723428],
              [-16.654164193315552, 14.002753060274777],
              [-16.675404427653859, 14.00690346641365],
              [-16.697010870643744, 14.014227588932123],
              [-16.721058725931734, 14.016302942265096],
              [-16.697580532751175, 14.05744048512665],
              [-16.6968481080152, 14.064683192634975],
              [-16.68000241058672, 14.069403510453284],
              [-16.652251759082663, 14.099514164286509],
              [-16.665638802208704, 14.095648562597665],
              [-16.678578252117738, 14.076117165220323],
              [-16.689686656119648, 14.071519421773331],
              [-16.711781376140621, 14.070868094817527],
              [-16.72052975009364, 14.068915015238753],
              [-16.727894658009635, 14.064683192634975],
              [-16.716135220377382, 14.051336999003944],
              [-16.717111783029882, 14.042385159428791],
              [-16.734120248746272, 14.023138870207102],
              [-16.737049932262686, 14.015448225959274],
              [-16.739613409976091, 14.001125344001782],
              [-16.744699671598482, 13.992743116018691],
              [-16.764556446153659, 13.970607918209707],
              [-16.768869596841348, 13.961656080293455],
              [-16.773426889305828, 13.933579930825777],
              [-16.768869593607189, 13.838812499448771],
              [-16.775054489606653, 13.838812499448771],
              [-16.780995246195303, 14.030747798302109],
              [-16.786000130793269, 14.059719228121999],
              [-16.802561002004236, 14.107855536202448],
              [-16.811279953597346, 14.12488467355397],
              [-16.829701301036071, 14.154120185695756],
              [-16.878732875793244, 14.17454656063931],
              [-16.898915167944029, 14.259955142413354],
              [-16.945464648263705, 14.301418373129204],
              [-16.93956457913534, 14.355861589889804],
              [-16.956532353499473, 14.390122675030083],
              [-17.07046464561941, 14.465399373959556],
              [-17.148410401376715, 14.613187678107149],
              [-17.206939260162613, 14.678900596370157],
              [-17.330555793136678, 14.736314200909945],
              [-17.417388476331023, 14.737697672234992],
              [-17.43980872417097, 14.722072708352446],
              [-17.41934160087402, 14.708970439573429],
              [-17.439808722720922, 14.688462619966099],
              [-17.426828580460082, 14.674872156884749],
              [-17.43980872060834, 14.653753869526975],
              [-17.536040818202192, 14.757391634995473],
              [-17.370961064942591, 14.800278950811835],
              [-17.322132945249162, 14.839016157183666],
              [-17.181979789834514, 14.897088327073257],
              [-17.138661265401154, 14.927720591085356],
              [-16.878244595170464, 15.233099684240607],
              [-16.735333043960569, 15.477330520420482],
              [-16.538929817549153, 15.774359464814259],
              [-16.54092521935954, 15.805650551365471],
              [-16.542347786686371, 15.80882398843772],
              [-16.527333137838866, 15.977362406379109],
              [-16.539214646520207, 16.267238614549179],
              [-16.467152471146001, 16.492865228208444],
              [-16.459217901197203, 16.64394758683429],
              [-16.357818161539704, 16.874660491717506],
              [-16.343088346563732, 16.94228756318585],
              [-16.278065559199149, 17.040716871787957],
              [-16.172596808276236, 17.262355832826906],
              [-16.04898027610669, 17.667181827791751],
              [-16.032103704272654, 17.886402525883945],
              [-16.024159307411416, 17.960150397323154],
              [-16.060117540809724, 18.390922697825712],
              [-16.069406705410433, 18.484035564380854],
              [-16.131988083400632, 18.628648119536916],
              [-16.172963017719326, 18.79311749575918],
              [-16.165598110560886, 18.844183644793826],
              [-16.210357222202283, 18.995876229666923],
              [-16.282785614234864, 19.130438661848032],
              [-16.368275519526861, 19.221502979883969],
              [-16.467193163011601, 19.259263414419397],
              [-16.504750126707066, 19.350002263904571],
              [-16.535471159711406, 19.380804816134937],
              [-16.521839977202596, 19.396429905211484],
              [-16.463734506080048, 19.381537251626415],
              [-16.407785608709293, 19.389227523549216],
              [-16.323231572164307, 19.457912399509485],
              [-16.284901498129141, 19.529283022064604],
              [-16.29255123890303, 19.546576343999813],
              [-16.391468878257896, 19.464056681293521],
              [-16.350493943230568, 19.546616901271953],
              [-16.364654100466815, 19.539252000801394],
              [-16.426258915186303, 19.482489223976959],
              [-16.439930792762496, 19.413234759474051],
              [-16.465077282070535, 19.412543181958643],
              [-16.467193162254457, 19.464056681293521],
              [-16.431630012230208, 19.505926833263537],
              [-16.422515428777007, 19.543849994000695],
              [-16.384632943782481, 19.573920053087019],
              [-16.233794722434588, 19.793646422946047],
              [-16.24803626076605, 19.827826194391879],
              [-16.23379472211542, 19.861965095482919],
              [-16.254872202017488, 19.848293433897819],
              [-16.257801883926597, 19.86416239099303],
              [-16.248036264032176, 19.902899554424504],
              [-16.266509573105175, 19.913723197137788],
              [-16.305572070171401, 19.873032987185887],
              [-16.313303186199914, 19.889715786230234],
              [-16.222482877003024, 20.003566799111052],
              [-16.218373175975429, 20.057928777113851],
              [-16.261138475922611, 20.13568756421418],
              [-16.233794725966099, 20.143133854779052],
              [-16.199696418228477, 20.215155349259664],
              [-16.237619595112903, 20.289984446068459],
              [-16.267486132146761, 20.298244538278727],
              [-16.347889778017461, 20.417547919626902],
              [-16.339955206992038, 20.441066798717479],
              [-16.391184048833509, 20.569484762087363],
              [-16.423898892360885, 20.601263751789055],
              [-16.429554815972072, 20.644232452622781],
              [-16.446685351293628, 20.636542069385165],
              [-16.467193163233993, 20.649603591263869],
              [-16.408680793486564, 20.675034915234029],
              [-16.480824347319491, 20.675116254008351],
              [-16.501332160604402, 20.725978894086772],
              [-16.529286262585007, 20.738959072541171],
              [-16.528431770193905, 20.598618888829808],
              [-16.542347785655611, 20.56085845387771],
              [-16.621164516666372, 20.646470433330894],
              [-16.672678189287208, 20.677557694011359],
              [-16.659006313220196, 20.697984089814078],
              [-16.671131965423445, 20.737128011743085],
              [-16.710194465416027, 20.7700056154404],
              [-16.775054492084589, 20.93764886734272],
              [-16.788685676671136, 20.923976978097411],
              [-16.803212043811488, 20.937445407894192],
              [-16.91759192503314, 21.159165724200598],
              [-17.01585852825724, 21.031236078712091],
              [-17.008412238777378, 21.013373106458179],
              [-16.997181770204016, 21.018500073919224],
              [-17.004383917667113, 20.932440485695381],
              [-17.049427863412301, 20.903509813077243],
              [-17.027902798292747, 20.854234092963811],
              [-17.056874153378079, 20.766913165857886],
              [-17.077428344141456, 20.904513215944171],
              [-16.958830931180781, 21.332859130773706],
              [-14.29559756595218, 21.333226093933842],
              [-13.015247355976452, 21.333427675825501],
              [-13.032092883379653, 21.58193921407565],
              [-13.09333044424659, 22.495475534809682],
              [-13.165496580596326, 22.75269495103592],
              [-13.119892129364699, 22.883539667919869],
              [-13.015247356105561, 23.01800185567015],
              [-12.619431720014454, 23.270828674607156],
              [-12.353892378215727, 23.322479484203463],
              [-12.13457759337186, 23.419346711074034],
              [-12.032723350202032, 23.44497842657146],
              [-12.019339149467601, 23.46099791939929],
              [-12.01530838898549, 25.994900172801145],
              [-8.687656209678526, 26.000016207553067],
              [-8.682385214132523, 27.285415800280827],
              [-8.682385213969297, 27.661439352049069],
              [-8.818449261156925, 27.659398181943295],
              [-8.7733874114593, 27.460030435530381],
              [-8.801706095458323, 27.360424111567106],
              [-8.795840819542526, 27.307688274386841],
              [-8.752871868560309, 27.190486213814697],
              [-8.752871865862447, 27.150462699416895],
              [-8.793902953197357, 27.12018032410349],
              [-9.000918740584162, 27.089923747718064],
              [-9.207469442007326, 27.099690654309907],
              [-9.412056435196758, 27.087960030566148],
              [-9.486315468745431, 27.049874522171454],
              [-9.73436234589261, 26.860428768702057],
              [-9.8168637695789, 26.849680058265442],
              [-9.899365193575292, 26.849680058265442],
              [-10.031708535686814, 26.910218964158688],
              [-10.188443155887597, 26.860428768702057],
              [-10.25045487388695, 26.860428768702057],
              [-10.550281534952564, 26.990291645266836],
              [-10.756780557619003, 27.019592170357768],
              [-10.921835084257735, 27.009825382401107],
              [-11.391573853686294, 26.882908044451653],
              [-11.36030961005018, 26.793042672241501],
              [-11.315867879026401, 26.744208476919862],
              [-11.315867879995213, 26.683643731751783],
              [-11.336900187996909, 26.632897475883997],
              [-11.51068802996175, 26.469806653563023],
              [-11.683545694072164, 26.212974719463546],
              [-11.717238729139233, 26.103575749915596],
              [-12.02975195242964, 26.030350221291922],
              [-12.055823329373727, 25.995829548344975],
              [-12.080058959054437, 25.870204943040701],
              [-12.169872600976102, 25.639728122420848],
              [-12.310019083871522, 25.110432225323628],
              [-12.399884397282301, 24.879955242728986],
              [-12.430140951306635, 24.830165149301816],
              [-12.499981650789605, 24.769600388119542],
              [-12.946880245428362, 24.496748147852237],
              [-13.060024983988299, 24.400475565575835],
              [-13.229962931397896, 24.089900184801806],
              [-13.310009724766321, 23.980552868368591],
              [-13.769981648462604, 23.790125204531442],
              [-13.839796512643678, 23.75007612074111],
              [-13.890129353272826, 23.690493036691809],
              [-14.019992229418655, 23.410251822864012],
              [-14.100064860878847, 23.099676407508699],
              [-14.169905561009328, 22.759852268741529],
              [-14.189904337857524, 22.45025868154573],
              [-14.220186727261781, 22.309647125081057],
              [-14.310052044279756, 22.190507150260611],
              [-14.43991491833625, 22.080152130241771],
              [-14.459913694165316, 22.04010277361678],
              [-14.629851645764504, 21.860423956457467],
              [-14.609827025441804, 21.75006884653547],
              [-14.669875041240635, 21.59966462127548],
              [-14.74997351102169, 21.500084127838537],
              [-14.839812987496639, 21.450267988417707],
              [-14.970166788357163, 21.440501176588143],
              [-15.459930174433831, 21.450267988417707],
              [-15.749964152910787, 21.490317313827433],
              [-16.040023966023625, 21.500084127838537],
              [-16.189885622860807, 21.480550500264723],
              [-16.729956014780907, 21.469801763518081],
              [-17.01374332427886, 21.419971060313923],
              [-16.971058723972888, 21.592596779416439],
              [-16.968006966110011, 21.697251731839991],
              [-16.947661915106096, 21.736029433868733],
              [-16.966908333471626, 21.781154738673919],
              [-16.921009893114064, 21.931301111863824],
              [-16.816639779114492, 22.130560650611006],
              [-16.706776498187491, 22.275458146812362],
              [-16.659006316133453, 22.295070775167893],
              [-16.631703254658902, 22.273911872731343],
              [-16.521839973264349, 22.31488679475942],
              [-16.466623500345207, 22.377386731175996],
              [-16.429351364545845, 22.510443379056966],
              [-16.357289188302083, 22.583075140030161],
              [-16.336822070669232, 22.753729613594214],
              [-16.296457487567125, 22.832098751143867],
              [-16.289621551244458, 22.899807105980766],
              [-16.238636844619204, 22.911566362808234],
              [-16.163238082108716, 22.993231417798857],
              [-16.159535287532595, 23.082464960669299],
              [-16.220204227448313, 23.075872999285398],
              [-16.213124157647464, 23.094427952002224],
              [-16.13927161565864, 23.178534300490625],
              [-16.06041419154516, 23.344549857423061],
              [-15.981190559960918, 23.445786881743665],
              [-15.956450979810612, 23.531724472373241],
              [-15.830393033730632, 23.685980559203234],
              [-15.772613082881447, 23.787827799976949],
              [-15.775135869516863, 23.911932637516053],
              [-15.795318166385892, 23.856634939428773],
              [-15.861724411547211, 23.836167664460035],
              [-15.888172979830264, 23.810736358326388],
              [-15.939605277356486, 23.696234579295599],
              [-15.994862436116401, 23.645005667714511],
              [-16.009755010126973, 23.655422209061374],
              [-16.003163212939228, 23.672105145204057],
              [-15.939605274311258, 23.774807074091576],
              [-15.840931767403514, 23.902655259901117],
              [-15.768137173056765, 23.959865597530673],
              [-15.620106570350513, 24.026271731089089],
              [-15.444691536907374, 24.221869236369603],
              [-15.298247848454857, 24.345160143450137],
              [-15.203968875402333, 24.467474564961289],
              [-15.153553836427225, 24.505601192712518],
              [-15.04832923215808, 24.538275494231822],
              [-15.014800581796703, 24.562445279765889],
              [-15.012249129120471, 24.59154561324404],
              [-14.976226362543299, 24.641424764262023],
              [-14.895619271831459, 24.705715293088595],
              [-14.836048958386655, 24.918687284622965],
              [-14.843495243768288, 24.987616209846276],
              [-14.82921302003361, 25.050238349023804],
              [-14.849720831855763, 25.214178773683138],
              [-14.819243944055319, 25.330226956645575],
              [-14.782053188558736, 25.446926160986461],
              [-14.714914516447525, 25.525580128738504],
              [-14.685170050929166, 25.590887759923682],
              [-14.62096106584978, 25.783596062639468],
              [-14.513905403406467, 25.93695710973314],
              [-14.486561652293425, 26.015448288700686],
              [-14.492827929007584, 26.132717190217917],
              [-14.466135218851093, 26.194240594408839],
              [-14.400746225620843, 26.266302876266085],
              [-14.298939582766176, 26.30223218580522],
              [-14.180246550170503, 26.424383889272235],
              [-14.046864389269196, 26.444403452014324],
              [-13.923736134334927, 26.500881319194601],
              [-13.619984502391937, 26.688910176370683],
              [-13.56110592576168, 26.749090938075163],
              [-13.480336069197742, 26.911688607318329],
              [-13.402455208627362, 27.177191519237091],
              [-13.301096157526207, 27.324448946583303],
              [-13.30793209334481, 27.344956726219326],
              [-13.240834113343903, 27.465399462526161],
              [-13.171254041328618, 27.685004121490408],
              [-13.045155403823028, 27.7598330980362],
              [-12.968088345644929, 27.914618248960675],
              [-12.83893795678302, 27.970404413956995],
              [-12.657826298638797, 27.998032878029999],
              [-12.513539191074781, 27.995428751452067],
              [-12.335031700268178, 28.047267833750976],
              [-12.061431441308669, 28.089015938398308],
              [-12.023101363208527, 28.119574203348563],
              [-11.78229803693122, 28.210141160959392],
              [-11.485585087577423, 28.325628898973086],
              [-11.340972464100204, 28.479681833569476],
              [-11.325917125065322, 28.515204293367709],
              [-11.266468875280415, 28.551581007893983],
              [-11.063099739459107, 28.752386800153133],
              [-10.573801233652896, 28.990423820493202],
              [-10.450917121923162, 29.092189875455471],
              [-10.399063956519216, 29.161245399267756],
              [-10.320871546011283, 29.257961234484132],
              [-10.248402470473614, 29.299383774906946],
              [-10.086984832599329, 29.509955228633572],
              [-10.05296790322361, 29.599920973180499],
              [-9.820220502508347, 29.838934491621306],
              [-9.655140753933127, 30.126898502839534],
              [-9.611643032447873, 30.404364307366084],
              [-9.666249152777059, 30.459295958945326],
              [-9.700062628518324, 30.542710663881191],
              [-9.829660610565961, 30.62860747562339],
              [-9.888539191754353, 30.648260801484245],
              [-9.886708135980777, 30.686672236874355],
              [-9.813710090610773, 30.81468335365722],
              [-9.823608998492505, 30.959954065003721],
              [-9.82770748548587, 31.067450246543405],
              [-9.847523566375548, 31.12128325132046],
              [-9.806630011215947, 31.343451215734014],
              [-9.847523565704892, 31.40241116184789],
              [-9.694203252181456, 31.625718438224389],
              [-9.667307096527109, 31.731146597036265],
              [-9.458767342609978, 31.944620572961419],
              [-9.366118941757456, 32.026312499770881],
              [-9.328114388668787, 32.130438593973281],
              [-9.277740036099779, 32.19660059598155],
              [-9.264759896262767, 32.330633893696103],
              [-9.291981573450876, 32.350816101941902],
              [-9.248850066330606, 32.452541477276334],
              [-9.278309700240857, 32.52952709211268],
              [-9.259917774263707, 32.576890404294701],
              [-9.112172007124746, 32.682847491235727],
              [-8.998524544924864, 32.79710526784713],
              [-8.867787238572003, 32.881903374002327],
              [-8.629139775940839, 33.127630863454115],
              [-8.62100175926971, 33.173529433968568],
              [-8.529164190546554, 33.268703472909742],
              [-8.451649539322089, 33.264227490828297],
              [-8.378773565153507, 33.304673511781672],
              [-8.284657353756309, 33.389837886726724],
              [-8.011572227163082, 33.466432600746863],
              [-7.886019306519701, 33.509147622226862],
              [-7.869740365680009, 33.526556763847047],
              [-7.700998499138803, 33.582749645048189],
              [-7.66755123539106, 33.612697637304386],
              [-7.606190555492673, 33.608343696807552],
              [-7.529123499239927, 33.632635713547565],
              [-7.406361457765997, 33.726996187822628],
              [-7.387115034498308, 33.732489202103643],
              [-7.373850062771169, 33.719305687771339],
              [-7.341135216308435, 33.731105730619596],
              [-7.229318810224556, 33.800929944999936],
              [-7.117014125451774, 33.834865560507438],
              [-6.92735754895899, 33.944159171300804],
              [-6.822092248711687, 34.03961810765167],
              [-6.722646035147698, 34.182442316653713],
              [-6.667795373959033, 34.280503532446907],
              [-6.547759568695958, 34.434719131310658],
              [-6.292103641407247, 34.880804613738803],
              [-6.249209009090389, 35.001396854258516],
              [-6.023915167970042, 35.50116608180236],
              [-5.927235480659004, 35.780747775264594],
              [-5.873402472617478, 35.801988007462334],
              [-5.769276495179836, 35.792792025070064],
              [-5.693511522990012, 35.83429596558512],
              [-5.598988411349705, 35.822333089893625],
              [-5.468861457650913, 35.910345798277071],
              [-5.41419843164939, 35.909398416619311],
              [-5.398858679593803, 35.924503879118262],
              [-5.340728318556724, 35.847357469235064],
              [-5.318755662931707, 35.701727602926908],
              [-5.304798956168874, 35.685207386441753],
              [-5.276763475173247, 35.685207386441753],
              [-5.249419725948472, 35.584621483640532],
              [-5.150786913303794, 35.516099365238894],
              [-5.06627356687103, 35.417466532834588],
              [-4.988514778063402, 35.387884836087693],
              [-4.909331834914711, 35.314520570776772],
              [-4.77049719985567, 35.241034239622827],
              [-4.495432094896098, 35.180772197349945],
              [-4.347645637075261, 35.150132558243492],
              [-4.269398567136273, 35.184881910808365],
              [-4.130604621011033, 35.20477936465754],
              [-3.919341600993762, 35.266831772616655],
              [-3.909413215027978, 35.255275784750538],
              [-3.929529453092523, 35.243819801748792],
              [-3.903901018995595, 35.214172585728718],
              [-3.821929491103052, 35.206773185591814],
              [-3.764800585089696, 35.218451244822575],
              [-3.747141079892689, 35.263657938022078],
              [-3.699574348082167, 35.290838939412446],
              [-3.590972459891328, 35.233303119618654],
              [-3.412912564067211, 35.197943431816491],
              [-3.319243943970681, 35.201808983846327],
              [-3.195139127068098, 35.238226635204811],
              [-3.118031379058489, 35.294134837571789],
              [-3.077056444114475, 35.287909256065724],
              [-3.045399543066269, 35.314439200300747],
              [-2.968576626890921, 35.446437884110978],
              [-2.95221920522278, 35.43305086627808],
              [-2.963042773197272, 35.373480552166328],
              [-2.947824674074524, 35.329779370151499],
              [-2.966920126098589, 35.313866280094771],
              [-2.963767862968313, 35.286219378404148],
              [-2.943045614097444, 35.267874256079615],
              [-2.912912563937629, 35.276922913786926],
              [-2.899037238932604, 35.259995829337271],
              [-2.91234290309686, 35.235785231123998],
              [-2.905140754029919, 35.173570056524149],
              [-2.856068489050357, 35.131293040325758],
              [-2.748117641965822, 35.115952863954924],
              [-2.868275520108266, 35.217352615223298],
              [-2.878407355985285, 35.246323958760506],
              [-2.761097786002634, 35.143255927239395],
              [-2.666737433977973, 35.108221744982366],
              [-2.517486131997434, 35.099351303756663],
              [-2.416737433987923, 35.149155990785268],
              [-2.2225642570296, 35.089300851276299],
              [-2.156890428961827, 35.10097890366638],
              [-2.052357551015165, 35.075018623821435],
              [-1.956450976014439, 35.075018623821435],
              [-1.812733528030156, 35.126532298089217],
              [-1.761138475976987, 35.129624738808118],
              [-1.712798632008614, 35.170599678240393],
              [-1.637684699998429, 35.194525457779278],
              [-1.510365364034381, 35.295477611552442],
              [-1.361975709806471, 35.31989864454512],
              [-1.267730272915471, 35.390326222840294],
              [-1.183338996007153, 35.576483467472244],
              [-1.148019985997824, 35.582098699553931],
              [-1.106353318973606, 35.623236389280429],
              [-1.032948370894298, 35.682603232483991],
              [-0.922678189082636, 35.725165127448939],
              [-0.887562629036663, 35.715969152905636],
              [-0.801665818942148, 35.773911833780168],
              [-0.711293098102728, 35.742987406562804],
              [-0.692453580041735, 35.719305745447215],
              [-0.606109178957749, 35.730943084346904],
              [-0.577259894965054, 35.770819388561478],
              [-0.523426887015026, 35.779689852895274],
              [-0.473784959938029, 35.891262079937171],
              [-0.418039517033139, 35.883775150878321],
              [-0.348540818983676, 35.907049860915926],
              [-0.301909960043935, 35.87759027067051],
              [-0.285552538036753, 35.82827386073383],
              [-0.113677538004876, 35.788804439379994],
              [-0.038482226000556, 35.813299875891467],
              [0.03451582099875, 35.863267310891658],
              [0.127289259011597, 36.050767341398334],
              [0.219493034988834, 36.116522515926476],
              [0.32105553497831, 36.15888091105235],
              [0.342295769000526, 36.205959377299962],
              [0.451345247996058, 36.223211978924958],
              [0.644053582070307, 36.328843517456569],
              [0.740407748179862, 36.337754680678238],
              [0.864756707175738, 36.377386833327776],
              [0.925140821222281, 36.418158325867509],
              [0.945567253713183, 36.452337887529197],
              [1.044769726728432, 36.486883795700805],
              [1.116953971655056, 36.487127925359601],
              [1.367686393699665, 36.54791896118909],
              [1.452810092399341, 36.528021615629669],
              [1.70093834656295, 36.547186531549485],
              [1.761241082263911, 36.561590921630561],
              [2.059906445722291, 36.570135777836157],
              [2.329600456718161, 36.637274453113136],
              [2.373301628553075, 36.633856468591254],
              [2.404063347750327, 36.599188616030148],
              [2.447276238030692, 36.590562244887735],
              [2.600759310548153, 36.596340195890356],
              [2.792979363775762, 36.692938607845392],
              [2.849864129697252, 36.754055136090429],
              [2.933116081683063, 36.808579795276572],
              [2.984873893258493, 36.814968109184051],
              [3.047862175803423, 36.794989385326282],
              [3.101817254208406, 36.751898520400594],
              [3.173269075635298, 36.742621134631655],
              [3.210459831227742, 36.757391613849187],
              [3.227305534268591, 36.8123232571618],
              [3.340505404483879, 36.780707062612471],
              [3.460703972507306, 36.775091897574434],
              [3.612071159609679, 36.808579795276572],
              [3.741872590809776, 36.891180658497689],
              [3.827484571545925, 36.912909279475002],
              [3.912608268362871, 36.911607126912358],
              [3.964040559739103, 36.891180658497689],
              [4.039463159163298, 36.896919782506963],
              [4.104828320628466, 36.883734421359527],
              [4.159515820596415, 36.904201542893723],
              [4.210459830660755, 36.891180658497689],
              [4.261973503305967, 36.911607126912358],
              [4.320323113365875, 36.898016688292252],
              [4.440684440276866, 36.911607126912358],
              [4.550547721588135, 36.883734421359527],
              [4.591481968327077, 36.895249807863685],
              [4.787119989516388, 36.895412574181655],
              [5.009287955549329, 36.816066732774175],
              [5.04590904995004, 36.788519595729092],
              [5.104828320001747, 36.781317405213052],
              [5.090179884653723, 36.716782974490926],
              [5.235850456883032, 36.650946350851555],
              [5.304372590302214, 36.643011712259238],
              [5.428038736493748, 36.663878388852325],
              [5.464854362199882, 36.665228549298092],
              [5.529144728596638, 36.697658662367708],
              [5.576182486376927, 36.761379232279459],
              [5.710459832793194, 36.825506934746535],
              [5.868825715213958, 36.822943357428237],
              [6.037119988639287, 36.853583099172042],
              [6.197032096203077, 36.902329790700094],
              [6.247830731786013, 36.935314610357288],
              [6.254405143972617, 36.998968816003668],
              [6.27442467301658, 37.024237300363609],
              [6.371592644193192, 37.083482170850061],
              [6.462412956939275, 37.093939517874269],
              [6.544200064084295, 37.058783203761948],
              [6.599457227284717, 36.973089920795836],
              [6.822032095486421, 36.952622738563015],
              [6.909434442953733, 36.893052540441175],
              [6.975596547781188, 36.891180658497689],
              [7.092295771045944, 36.92593014564887],
              [7.156993034385474, 36.914699591446769],
              [7.239024283162107, 36.971502939332012],
              [7.257334832797524, 37.004136484921752],
              [7.181651235612737, 37.082953116864353],
              [7.222666862844919, 37.089789125145757],
              [7.262676962295471, 37.076004811086783],
              [7.297699412574142, 37.082953116864353],
              [7.335948110684569, 37.069281245614924],
              [7.383474156540601, 37.082993929159777],
              [7.404633010573162, 37.051581170084624],
              [7.456065301108066, 37.041978290647826],
              [7.490244986884151, 37.054999057284505],
              [7.588877797822812, 36.987616212881349],
              [7.674489780436202, 36.986761798899714],
              [7.712738475093537, 36.963202159834694],
              [7.770762566462873, 36.970119546527641],
              [7.798594597374153, 36.993597733883995],
              [7.773773633831064, 36.889756573044657],
              [7.809906445266511, 36.868150110570177],
              [7.908457879524302, 36.849554770135811],
              [8.049978059571087, 36.877590195516731],
              [8.233164908174897, 36.958075211618642],
              [8.28809655239089, 36.92593014564887],
              [8.388845246713549, 36.923244498094249],
              [8.463226760876667, 36.901556758516797],
              [8.602510427169943, 36.939510725228381],
              [8.692149285290828, 36.969387118598107],
              [8.80201256637973, 36.973089920795836],
              [8.895998272648763, 37.018863218443393],
              [8.987640822978161, 37.116848098671731],
              [9.079429295156304, 37.166812796653218],
              [9.171397332110521, 37.198797921707929],
              [9.210703973352288, 37.233832130961943],
              [9.342539908963213, 37.235337607083117],
              [9.4191186867345, 37.275824303474714],
              [9.453868035131327, 37.268296620112224],
              [9.552744985571152, 37.309515635102628],
              [9.591481965821517, 37.302923867496624],
              [9.649261911862908, 37.331854486319955],
              [9.744639517284641, 37.345200874669921],
              [9.773448115544477, 37.330511844201652],
              [9.8588973341949, 37.328802851773936],
              [9.861664261761401, 37.27118567676451],
              [9.771820509948602, 37.213324307814077],
              [9.807790563549318, 37.155015425562929],
              [9.879893423944253, 37.150091839916726],
              [9.925303580809739, 37.196763387028639],
              [9.924978060376558, 37.213120820882423],
              [9.861175978447767, 37.233832130961943],
              [9.819590688699455, 37.227606459381768],
              [9.867442255087294, 37.261704844708014],
              [9.979828321197937, 37.246039134449255],
              [10.051280142215081, 37.266587592184578],
              [10.075856966147899, 37.244940478020617],
              [10.146250844458335, 37.236517588760741],
              [10.272146030342729, 37.178534254508691],
              [10.2112736359897, 37.158677519893544],
              [10.205821157722703, 37.175116227768122],
              [10.177989131158503, 37.177964632732291],
              [10.128103062973473, 37.158677519893544],
              [10.135427283138434, 37.142320123804794],
              [10.218190948553408, 37.12893295599018],
              [10.224375846373672, 37.095933321160054],
              [10.217539912155805, 37.11029698962993],
              [10.174327017509292, 37.076239291872028],
              [10.18238366276158, 37.027045050449111],
              [10.220062696326385, 36.976629957250509],
              [10.337002347229941, 36.891836087806062],
              [10.341970248933322, 36.86859774358858],
              [10.298838738471643, 36.821763424467719],
              [10.272146033197389, 36.829087703136722],
              [10.270192904476099, 36.848456110350611],
              [10.220469593759988, 36.83779524257492],
              [10.193614126689624, 36.8123232571618],
              [10.188487177248101, 36.79759354249483],
              [10.253881745506856, 36.791437341877526],
              [10.272146027025096, 36.816066732774175],
              [10.320078969020464, 36.748765300785912],
              [10.355316602780727, 36.731187259302118],
              [10.416750751507086, 36.729558052591095],
              [10.538232867734852, 36.772025904233942],
              [10.566905143174512, 36.86322661217087],
              [10.584971552149568, 36.876166129315067],
              [10.733465664006173, 36.895812187436981],
              [10.887543168549669, 37.006008278938474],
              [10.90211022031777, 37.048814160069647],
              [10.974131704502206, 37.061265315504599],
              [11.012705925160839, 37.084784250299016],
              [11.051036002439806, 37.080308303084443],
              [11.048350458873601, 37.02033116043345],
              [11.094493037176447, 36.918443145658493],
              [11.13622657752212, 36.870530111209526],
              [11.130545151837103, 36.854038856189618],
              [11.022139536585914, 36.788276149482783],
              [10.799928571663933, 36.451885163252712],
              [10.717153536510097, 36.43455129043727],
              [10.620440907529741, 36.390280408614451],
              [10.585564372271923, 36.398132087953385],
              [10.529378393177725, 36.35033237047864],
              [10.479266896513023, 36.216962030865893],
              [10.479527531824409, 36.079327300045513],
              [10.518565301429666, 35.979966571194637],
              [10.582286002332243, 35.921820342576787],
              [10.608571810205261, 35.855861703162724],
              [10.691335483017625, 35.789618231392645],
              [10.743619661769364, 35.769672048631314],
              [10.813812695523284, 35.784979548472414],
              [10.841420440446576, 35.766547648882586],
              [10.82452235655415, 35.733389168352737],
              [10.841156446152102, 35.698797922360157],
              [10.971815894911245, 35.654138133934019],
              [11.011973504132358, 35.657904366882939],
              [11.040998050769447, 35.637730399738444],
              [11.055021624722745, 35.614476337716653],
              [11.017100456809676, 35.602280987842967],
              [11.013925203333409, 35.562904746781406],
              [11.03923587274357, 35.518500061392736],
              [11.085057410607574, 35.506785412451507],
              [11.050666014256183, 35.459781751606741],
              [11.042232666353605, 35.334435379767868],
              [11.101328971982628, 35.266831772616655],
              [11.160781762106781, 35.238232142333516],
              [11.159159605860856, 35.218757083953797],
              [11.11157777579678, 35.205594665530505],
              [11.015879753814264, 35.092840882860841],
              [11.018105252999638, 35.034190913991011],
              [10.917653843066782, 34.957424245101642],
              [10.916335642606532, 34.873569176418471],
              [10.856293158676197, 34.830877852609241],
              [10.871420999899389, 34.797366945871424],
              [10.811262289991809, 34.768880122810508],
              [10.717295775238822, 34.664740447235324],
              [10.625254755278199, 34.633246191049153],
              [10.597023265361551, 34.544713218895353],
              [10.559376361510052, 34.523490477356731],
              [10.431895376864006, 34.496323908569529],
              [10.378723611351537, 34.423080323531224],
              [10.288096554604905, 34.414007992792961],
              [10.247243691640282, 34.372137900940999],
              [10.126719599263309, 34.325629029522126],
              [10.032777143552904, 34.184654986725178],
              [10.010091505823798, 34.173076514362769],
              [10.048838732452438, 33.983465745387953],
              [10.163096550004207, 33.836249091104591],
              [10.330251495163406, 33.702826167715763],
              [10.460215687376607, 33.652695940878772],
              [10.558372872844023, 33.655721214704378],
              [10.716644728284283, 33.706935971102858],
              [10.739991962751839, 33.671578419991732],
              [10.736923597499773, 33.602850350417896],
              [10.691416862853789, 33.576117251428172],
              [10.674082879198421, 33.545599681856913],
              [10.70362389520751, 33.496039159549142],
              [10.738129099845871, 33.478013361408465],
              [10.909434439758922, 33.539618201255358],
              [10.932790565720639, 33.574042171718432],
              [10.906504748238653, 33.616441010351892],
              [10.936208532789106, 33.636297985396169],
              [10.960622598143733, 33.627671762984797],
              [10.984629758377283, 33.643133959713104],
              [11.042816601253699, 33.617865284389438],
              [11.111582875041675, 33.54002503886344],
              [11.116621174920402, 33.489972757412787],
              [11.089929358101775, 33.454148809063497],
              [11.11078342228155, 33.392970427298543],
              [11.102073677670161, 33.364080938369568],
              [11.131114126241034, 33.371527345712572],
              [11.170664912399989, 33.331773235688559],
              [11.293711783048865, 33.286810568320178],
              [11.13363691551201, 33.311428139144063],
              [11.121836787958051, 33.280015437340481],
              [11.179535357094295, 33.211086450890448],
              [11.245371941775121, 33.21792228627897],
              [11.372243683796071, 33.18378321852046],
              [11.433116079224288, 33.193548830537829],
              [11.351898633545861, 33.258856501407891],
              [11.505111803530312, 33.181225327241933],
              [11.456540564045092, 32.902101269593636],
              [11.449925986834357, 32.637957298649027],
              [11.560616902661829, 32.507577607978192],
              [11.564130902330081, 32.465487218355015],
              [11.52608543594536, 32.417862677800883],
              [11.444034868924335, 32.368490448930949],
              [11.182341251082299, 32.262223296594428],
              [10.873216997165525, 32.136695789205184],
              [10.80562422717183, 32.03236114946062],
              [10.703098185039083, 31.962184551026976],
              [10.628477417107041, 31.974121808833317],
              [10.605946492214867, 31.953606268707833],
              [10.584552450698565, 31.840279891490418],
              [10.482543170014679, 31.733102871007368],
              [10.427766153699601, 31.714602754778237],
              [10.315421590565757, 31.715843012645408],
              [10.263951860482562, 31.680496247888886],
              [10.116880737680001, 31.494409504400984],
              [10.106235394475039, 31.429193898943254],
              [10.244831584906139, 31.078155849118328],
              [10.245038290162137, 30.985706719669636],
              [10.270153034729161, 30.915633406119412],
              [10.253926635848517, 30.84178781657516],
              [10.192224975401082, 30.731251915297968],
              [10.101171101168573, 30.641696681048813],
              [9.871314331575061, 30.355150876935745],
              [9.743466838413944, 30.331328037096171],
              [9.51970788518579, 30.228905341051632],
              [9.286543823074439, 30.117129214501741],
              [9.369485304389034, 30.022793077061053],
              [9.549680218953036, 29.802316484512751],
              [9.667709189229658, 29.608323100019426],
              [9.826149131296436, 29.128533301736386],
              [9.851263871062349, 28.785995855999875],
              [9.827275802661532, 28.618646618819337],
              [9.776953165264349, 28.267577996481975],
              [9.935909870584043, 27.866723923826775],
              [9.931273723487806, 27.818641959960402],
              [9.863356162608845, 27.619245601532814],
              [9.79390303272198, 27.569739358132484],
              [9.821601603573168, 27.505686565690645],
              [9.756282591126521, 27.423030057511429],
              [9.721349324800606, 27.291875337092822],
              [9.825529010367877, 26.920580074526789],
              [9.906661008776439, 26.857483167834783],
              [9.882579791594356, 26.701782068877961],
              [9.896325725102841, 26.652792871113505],
              [9.835760944189524, 26.504223091988038],
              [9.48260420821123, 26.352552846769456],
              [9.477643268369597, 26.315552442957809],
              [9.434751831062764, 26.271989240707228],
              [9.377804403591151, 26.168946457917102],
              [9.401162149529693, 26.113394246333577],
              [10.00794681819686, 25.331426501656086],
              [10.03202803408441, 24.85633917115857],
              [10.044533733113806, 24.829622548948425],
              [10.193361854802255, 24.749937340262079],
              [10.260334511872395, 24.576640472419026],
              [10.410506227184992, 24.473287758327956],
              [10.699067421734101, 24.556124924378299],
              [11.467240357722703, 24.326338636062427],
              [11.541393267742285, 24.297510181100851],
              [11.567128134595524, 24.266840378366151],
              [11.710140442526944, 24.000137259210359],
              [11.968860720039094, 23.517351305173513],
              [13.482256710095591, 23.179671417884133],
              [13.599562216766211, 23.119029303852216],
              [14.216217083189912, 22.616295109071483],
              [14.979909024367766, 22.995663667471629],
              [15.98510136232661, 23.444720057400705],
              [18.917118776348229, 21.996849739998893],
              [19.18583703183042, 21.864177116497348],
              [20.893328897573785, 21.020940235242072],
              [23.981305783008906, 19.496123685451323],
              [23.984406371152708, 15.721939922962212],
              [23.972624145647828, 15.691084686843384],
              [23.945545695282693, 15.692221587156142],
              [23.829067015798035, 15.731030544233697],
              [23.592699015217722, 15.749013954175803],
              [23.395811807166492, 15.688345821366761],
              [23.320570923784416, 15.681317874264382],
              [23.166781861173586, 15.71294386195628],
              [23.119249040633967, 15.707223534066534],
              [23.068493285444024, 15.686692182331578],
              [23.004517862873605, 15.611425472178123],
              [22.906746053599665, 15.541403929299346],
              [22.90684940602597, 15.481407572793113],
              [22.976405884283825, 15.373636381747964],
              [22.965657185729945, 15.223903901563364],
              [22.913257283133749, 15.121687932221629],
              [22.82902469906157, 15.071639303958216],
              [22.738901003006376, 14.979810347646531],
              [22.715336543975134, 14.899427461235886],
              [22.658905883807542, 14.857414679399241],
              [22.650844365526716, 14.816151170592851],
              [22.67657922787842, 14.688975450634386],
              [22.465429323168607, 14.629289115995345],
              [22.382333621234416, 14.579111335774172],
              [22.363523394612987, 14.543531955728819],
              [22.424914999654842, 14.470435746614671],
              [22.45095992053124, 14.345792152361645],
              [22.418093713414432, 14.305949724622971],
              [22.429049113203263, 14.264608467082992],
              [22.457677859111772, 14.241147467560969],
              [22.531885214328327, 14.220631862274336],
              [22.546354615337926, 14.139706569930512],
              [22.45871138720759, 14.096117530050224],
              [22.402280720834106, 14.0492985980909],
              [22.2435307190791, 13.97542707565025],
              [22.180762491685073, 13.920554898145863],
              [22.073721964679642, 13.771356938195686],
              [22.112892699309221, 13.72983487432913],
              [22.132116334249982, 13.638651881801511],
              [22.195885051475059, 13.58046422837293],
              [22.215625449137221, 13.464993227122102],
              [22.27598352146163, 13.376316444602878],
              [22.267611939340245, 13.334561882028648],
              [22.139971151620074, 13.193511072210741],
              [22.016051068469924, 13.140232743483399],
              [21.964064577921345, 13.098349014040881],
              [21.852960242948232, 12.905724871872104],
              [21.809448692164857, 12.793664745804669],
              [21.880142049928107, 12.676281674547655],
              [21.935952598028695, 12.639539777355887],
              [22.019668414997255, 12.631426451425561],
              [22.105864707214131, 12.650391794044184],
              [22.144105265737753, 12.6712690532931],
              [22.204876750593655, 12.743357670138366],
              [22.330140422086409, 12.661450504517864],
              [22.432459759506568, 12.623830160076574],
              [22.445688922730721, 12.611065927269079],
              [22.372825156491473, 12.463116414868301],
              [22.407965128672622, 12.399761076031801],
              [22.484032838235311, 12.1647366865182],
              [22.45809126858326, 12.030429611159549],
              [22.612397096666257, 12.072804334637784],
              [22.537052856054416, 11.680890200418423],
              [22.541703734818135, 11.632986136859225],
              [22.592346639852636, 11.543663470407038],
              [22.628106728776416, 11.509841151767723],
              [22.743035114789869, 11.466097097517144],
              [22.768769979140369, 11.442325999507077],
              [22.771870564436767, 11.40318102545484],
              [22.900441528427535, 11.408245315193797],
              [22.914807574790668, 11.396101324461402],
              [22.956458780291452, 11.208800118478743],
              [22.861064087013428, 10.919153747634622],
              [22.863234496449273, 10.891816888767234],
              [23.005551391717404, 10.686816505188661],
              [23.109421021273718, 10.614495355277864],
              [23.291218709794279, 10.439725637908875],
              [23.644788858671969, 9.863068322127885],
              [23.67403771817705, 9.690339768595804],
              [23.669076784153123, 9.652021903172137],
              [23.606134890382513, 9.53717104615369],
              [23.619984172949099, 9.447719119986619],
              [23.646339151408139, 9.425033029073393],
              [23.621844521837051, 9.340619545615466],
              [23.632179811186752, 9.277574480949498],
              [23.549497517163541, 9.185254368477795],
              [23.489449500584445, 9.176701831196443],
              [23.462821144043502, 9.153724923422663],
              [23.438289835436478, 8.994542509838544],
              [23.478080688981404, 8.958911639930461],
              [23.50546919469177, 8.961081920171207],
              [23.542572877834459, 8.997281497175495],
              [23.560142860416029, 8.99645442334263],
              [23.567480916078303, 8.974827929575447],
              [23.55363163244709, 8.883154016693345],
              [23.482318155667635, 8.783392619619367],
              [23.50526249394002, 8.710735689898955],
              [23.540505815753111, 8.704792654184912],
              [23.596419717584656, 8.734144917432211],
              [23.721269979609009, 8.702002293460744],
              [23.803435506598099, 8.722130263626505],
              [24.114010864853672, 8.681641793007994],
              [24.170328030513136, 8.689327302132689],
              [24.23576053948041, 8.6820035064395],
              [24.211265910012131, 8.627071432691018],
              [24.250540000199003, 8.579632593967876],
              [24.193179157929531, 8.532425983712706],
              [24.137161907798212, 8.438865970954577],
              [24.121555620694128, 8.372306484025813],
              [24.131374146719171, 8.343057862404002],
              [24.179949993638207, 8.297711787877338],
              [24.263185622332646, 8.268505525356847],
              [24.332085407090272, 8.245725084947116],
              [24.431097450643033, 8.271408246207351],
              [24.51284957028242, 8.207148819343473],
              [24.614858847405987, 8.217148215260243],
              [24.710563598071399, 8.204306484136074],
              [24.832106570300439, 8.165730217811703],
              [24.917992798092293, 8.087026881474543],
              [24.952616006503821, 7.996567251291364],
              [25.0293038342753, 7.918846003773925],
              [25.089558552803741, 7.884894499163974],
              [25.173171021175772, 7.8885636086156],
              [25.229705034655019, 7.851614747883951],
              [25.26990930429837, 7.760767859480678],
              [25.279417767166908, 7.659482045941105],
              [25.25254601877462, 7.622429835427736],
              [25.186503540712721, 7.600105737172374],
              [25.164592730109302, 7.567342716271082],
              [25.190430949663988, 7.501197043602033],
              [25.316211385868392, 7.417222853642084],
              [25.346803832513856, 7.345030792193056],
              [25.48116255662686, 7.266172563271061],
              [25.516767619854143, 7.269945020208664],
              [25.592421917079861, 7.211240608774489],
              [25.786208537041841, 7.142665980358972],
              [25.800781290668358, 7.104942160718996],
              [25.877469116125567, 7.08773387401613],
              [25.888734578355688, 7.051870445787695],
              [25.96046146681633, 7.024481902219424],
              [25.969453165368137, 7.003552981642919],
              [26.026090534664085, 6.996679971453131],
              [26.035805704268576, 6.922265947357892],
              [26.045417520968464, 6.89968332795243],
              [26.073632852490174, 6.895135769988663],
              [26.091202840573263, 6.8303335943495],
              [26.147633504733541, 6.804702094829916],
              [26.236206908050438, 6.720030150703176],
              [26.378007038561631, 6.653290071185701],
              [26.379224335520405, 6.631361930265814],
              [26.305039917498103, 6.496917249397344],
              [26.270210000890106, 6.465652899222644],
              [26.289123574881295, 6.459425955996452],
              [26.289640340667411, 6.387208195310543],
              [26.375836628111781, 6.312587321389996],
              [26.452007690604496, 6.280289653271184],
              [26.455625039633734, 6.230473505851826],
              [26.508955119326693, 6.205462160433093],
              [26.500066771699938, 6.167970866289322],
              [26.429270060806999, 6.113090501563755],
              [26.424825886693984, 6.072446980601998],
              [26.481049846226536, 6.104951492739628],
              [26.498826538247041, 6.099835527167916],
              [26.543578328400439, 6.030847501986726],
              [26.602179403284875, 6.010616169913019],
              [26.705015502908768, 6.009789320640619],
              [26.776328978802024, 5.981884040200393],
              [26.805061076228974, 5.957182734974655],
              [26.818910360339153, 5.89462842180827],
              [26.894254598219806, 5.889667476393053],
              [26.916475463603181, 5.84964403608935],
              [26.981071004145843, 5.85920421321335],
              [27.03605472831731, 5.785126059357753],
              [27.072744995530844, 5.791223894335452],
              [27.123801311169089, 5.768744619895708],
              [27.136307007428808, 5.734018077274387],
              [27.182350708285416, 5.707456380171902],
              [27.196406697406129, 5.661464363831572],
              [27.218369181066464, 5.645315454718678],
              [27.217335653115992, 5.585396635290042],
              [27.247514688937205, 5.59260548550975],
              [27.261053914260309, 5.577593503600604],
              [27.218059123180655, 5.42550975913641],
              [27.264464559101047, 5.260145169462469],
              [27.30130985502813, 5.205187279080214],
              [27.385800822000594, 5.143847351038527],
              [27.402130574057033, 5.104495752256494],
              [27.441301309987921, 5.070725198084374],
              [27.116359904118152, 5.200303862831191],
              [27.073675170995639, 5.203326924667746],
              [26.961640665987908, 5.151185403077528],
              [26.867072795003406, 5.037548930251788],
              [26.832656290980875, 5.053387755527782],
              [26.808368368002714, 5.039099223202201],
              [26.739432006992278, 5.094393005403303],
              [26.691682982992305, 5.094393005403303],
              [26.629671264988698, 5.067056172117485],
              [26.59835534694302, 5.080621232592712],
              [26.568176310005597, 5.059640605426224],
              [26.502547241013993, 5.0474708060814],
              [26.462653035005605, 5.059640605426224],
              [26.441879109973687, 5.104289039955349],
              [26.3906160890519, 5.149014999004427],
              [26.362710814947803, 5.13596669095075],
              [26.272483765028262, 5.159066063186215],
              [26.246645547997652, 5.189968566814034],
              [26.226181681104645, 5.18314728609819],
              [26.198276407946803, 5.238389379890248],
              [26.184530476948687, 5.225341081031055],
              [26.157348673098969, 5.232472439640335],
              [26.129960164084121, 5.258879096485496],
              [26.11249352994697, 5.238389379890248],
              [26.08841231306857, 5.24459056130183],
              [26.095233601921823, 5.211052545922363],
              [26.077146851040006, 5.21632355009906],
              [26.026917357997668, 5.189968566814034],
              [25.97193363388012, 5.227666514666605],
              [25.958601114923081, 5.197384128983373],
              [25.912505736918945, 5.190381972645849],
              [25.910852092106545, 5.170098987356295],
              [25.872404825928282, 5.217098688384147],
              [25.849357137056888, 5.217873845445995],
              [25.826102742024371, 5.194696962908976],
              [25.814630575067888, 5.24459056130183],
              [25.79468347094755, 5.238389379890248],
              [25.792306354981729, 5.262832335564604],
              [25.769258666913323, 5.265157769213612],
              [25.781144246083041, 5.258879096485496],
              [25.757993204941098, 5.244435522378136],
              [25.655777221833034, 5.317764370957213],
              [25.623427774984862, 5.309935402812241],
              [25.609165078845706, 5.320296516933065],
              [25.622911010773155, 5.340760378303936],
              [25.600483439000143, 5.340450338005565],
              [25.581259805928962, 5.374918512465499],
              [25.532787313029843, 5.372231346321326],
              [25.540848836016853, 5.354428814309789],
              [25.50446862806092, 5.342284855764433],
              [25.481989379109081, 5.356857613531875],
              [25.435067180234171, 5.328693967408729],
              [25.395689738087686, 5.333964952901013],
              [25.370678345057186, 5.31683421251175],
              [25.376466105022701, 5.293011374788312],
              [25.343393189093362, 5.271927395411933],
              [25.30773644992659, 5.185291844104649],
              [25.314454386990064, 5.163251851195778],
              [25.349284300957638, 5.141676937579875],
              [25.316831502998049, 5.042251484832035],
              [25.227534626998537, 5.009566141874799],
              [25.163662556002631, 5.005638733208551],
              [25.129452758997971, 5.018635355825663],
              [25.076122682795429, 4.951843716006309],
              [24.958093708265935, 4.99135013802956],
              [24.848332968579495, 4.936728343497788],
              [24.819497517759427, 4.944479654805042],
              [24.789421833036428, 4.919855774816089],
              [24.664364867444078, 4.924403334942466],
              [24.654236286535948, 4.929415955724768],
              [24.670772747597209, 4.957218050658697],
              [24.615478963052642, 4.98509735543207],
              [24.601216268006418, 5.026102600531916],
              [24.553467244002505, 5.039099223202201],
              [24.533003376987605, 5.073257343957311],
              [24.48084412705499, 5.102334689592154],
              [24.436678508003361, 5.100594177274889],
              [24.430684042014942, 5.067417909253649],
              [24.396370890054712, 5.122298283574994],
              [24.361230915979366, 5.062947894252034],
              [24.398644652988203, 5.036024473992073],
              [24.368465617000744, 5.012434184052138],
              [24.296635375998836, 5.003261616897952],
              [24.259221638225387, 4.929881016376567],
              [24.246199178226817, 4.954065672464266],
              [24.209612262767767, 4.956184282111153],
              [24.152768188335699, 4.902595956077377],
              [24.08961958681946, 4.920217488655677],
              [23.977998492431695, 4.854149134411822],
              [23.950816690596636, 4.867791814624032],
              [23.948336221813431, 4.81769144434617],
              [23.816664672283625, 4.820611292133815],
              [23.760027301503225, 4.787434863480863],
              [23.588048136956363, 4.733949886046606],
              [23.506089315682026, 4.676434083289474],
              [23.448315061455315, 4.65940649526061],
              [23.414518676712518, 4.590831984354812],
              [23.316436807753433, 4.607730088229345],
              [23.264863729903386, 4.635067120788828],
              [23.168745565570504, 4.738109895477495],
              [23.099395794087595, 4.711651610666409],
              [23.017333618202624, 4.750512113257646],
              [22.977439413347927, 4.834305645660141],
              [22.89837446937166, 4.823582512901031],
              [22.882871540863675, 4.800741666384551],
              [22.895583943524706, 4.765394954889343],
              [22.853829387326915, 4.711264060139913],
              [22.786029906354607, 4.724648072525164],
              [22.757401164810112, 4.660801977569021],
              [22.723604778560833, 4.62884017533098],
              [22.7311495347662, 4.587266219167316],
              [22.697043089951404, 4.535744833042502],
              [22.689498332826734, 4.491665018059442],
              [22.592449991296448, 4.473707309397235],
              [22.589039346633903, 4.421953394047072],
              [22.60929650998321, 4.363352453224654],
              [22.568575478598326, 4.331545372507862],
              [22.539326618894421, 4.278163746392922],
              [22.540463500722574, 4.227262443926108],
              [22.451532021493374, 4.146672070699528],
              [22.303268676470864, 4.128715564836424],
              [22.20725386583625, 4.150316246983917],
              [22.127878864927744, 4.203077791130102],
              [22.036612823702487, 4.229438735217554],
              [22.001478310577614, 4.244651443982179],
              [21.949905231115721, 4.233463552231244],
              [21.867739705336852, 4.241551040036137],
              [21.819887329513925, 4.271936801339891],
              [21.771001423647434, 4.273487003320909],
              [21.722942340983998, 4.295139359406691],
              [21.63416223050389, 4.294209238214503],
              [21.538147418607579, 4.244651443982179],
              [21.473138467133339, 4.269301157546391],
              [21.374849893899942, 4.278163746392922],
              [21.28834354750855, 4.333380078631428],
              [21.210932251965897, 4.291573894837462],
              [21.113573852203231, 4.340847185351399],
              [21.076056763143026, 4.395469274098197],
              [20.871521443266271, 4.453372624345998],
              [20.767858519208449, 4.422780168458948],
              [20.580273071660304, 4.415003021225373],
              [20.456712867240128, 4.524815908569582],
              [20.44209029039612, 4.550498490561321],
              [20.463070922833708, 4.600934735376724],
              [20.456456339794624, 4.621501951296717],
              [20.395478149223567, 4.677105837530924],
              [20.338944130795259, 4.771906104233413],
              [20.236624795609611, 4.806348531195074],
              [20.171719197488844, 4.878359626834754],
              [20.00397749823696, 4.97447786958784],
              [19.890909464999446, 5.002124735937191],
              [19.858163067948912, 5.060305318126009],
              [19.824660277977518, 5.096976824668517],
              [19.719550414960988, 5.13596669095075],
              [19.605552204989849, 5.138292133939857],
              [19.568758585969935, 5.155190324857514],
              [19.517082153961379, 5.13596669095075],
              [19.431505981961575, 5.13596669095075],
              [19.236995890004568, 5.010780538481883],
              [19.195654743417371, 4.950344886806125],
              [19.133022909249771, 4.946934442013173],
              [19.106741179458584, 4.931518041888324],
              [19.069047485844202, 4.891253042735063],
              [19.011583291785925, 4.765033241060847],
              [18.828235309824489, 4.559981160682356],
              [18.753304484117049, 4.400611077876239],
              [18.654085732795128, 4.357228554451478],
              [18.595794718098251, 4.371258783886721],
              [18.556830688299673, 4.354153987144112],
              [18.537090289793419, 4.306068884279781],
              [18.578638140806849, 4.254857541169842],
              [18.632691690597095, 4.130420786973596],
              [18.64530074043283, 3.982445300956079],
              [18.612023983882896, 3.866611271510971],
              [18.593004191201224, 3.709774705856684],
              [18.626387165302347, 3.476868900711331],
              [18.642406859253757, 3.323829136626562],
              [18.613054646932358, 3.128182261797689],
              [18.528408651767077, 3.06477540689247],
              [18.393223104383694, 2.713685673214802],
              [18.313744751382742, 2.575967984090034],
              [18.233026164199739, 2.502587418520277],
              [18.199126423818228, 2.389105902390408],
              [18.163779744366632, 2.321048147565135],
              [18.111173137274271, 2.265289259774408],
              [18.072415811774793, 2.160024265060661],
              [18.071382283828303, 1.55145676037942],
              [18.012264444784513, 1.421955603174577],
              [17.956247191970174, 1.171660857240722],
              [17.866640258947154, 1.016631550201097],
              [17.877905720941783, 0.86790677215971],
              [17.907671345975778, 0.740472704539599],
              [17.893201945027592, 0.607664305415921],
              [17.949942668009903, 0.491495674027502],
              [17.945498493992531, 0.377290744018901],
              [17.854031210001015, 0.241071677457734],
              [17.757086222000087, -0.009455668187695],
              [17.716365192997166, -0.195800876981478],
              [17.749541462980286, -0.523429447548927],
              [17.545863410063266, -0.756491077013156],
              [17.411474242965649, -0.918340743002618],
              [17.308018025966486, -1.014975673697378],
              [17.005917601938872, -1.106753006503888],
              [16.833214965815479, -1.269016963175227],
              [16.655971128839106, -1.59029020874563],
              [16.623822062198574, -1.653799800541959],
              [16.617207478971679, -1.728730562220986],
              [16.524970534693452, -1.85853485258022],
              [16.513957966788432, -1.887377162890264],
              [16.231287882843937, -2.129016178339666],
              [16.18736291506859, -2.20456717366377],
              [16.17485721829755, -2.303062504639855],
              [16.225603475075975, -2.635238560972374],
              [16.178164510633579, -2.868092667293682],
              [16.183981403887206, -2.940449231505669],
              [16.193357380688024, -3.23840581031498],
              [16.227463826533789, -3.289875512351207],
              [16.225603475304755, -3.313233387485184],
              [16.115532673887955, -3.544226971175904],
              [16.05331424921399, -3.619984672645846],
              [15.95784566913327, -3.81509710200735],
              [15.888019272044533, -3.940522854502503],
              [15.844231403998672, -3.965596468916968],
              [15.549055622483424, -4.046211775117037],
              [15.458931924957044, -4.213850192644418],
              [15.203960408032577, -4.339010376238194],
              [15.150677776336781, -4.425150835932062],
              [15.076112915351537, -4.520084788047566],
              [15.022782836799896, -4.547059805918222],
              [14.931005493872403, -4.646898827904495],
              [14.831166625194857, -4.815053697297966],
              [14.70218225118, -4.889571253647038],
              [14.634486125722052, -4.903627321199541],
              [14.519867798030274, -4.84130558945094],
              [14.400701944445439, -4.886263855279613],
              [14.4109338777017, -4.701055558684991],
              [14.365768677499727, -4.627261733134262],
              [14.350782510137424, -4.559048636031516],
              [14.424576455291533, -4.502307936196721],
              [14.469741658776726, -4.429340887797112],
              [14.392743773697507, -4.352756401927368],
              [14.387059365277301, -4.277102038291058],
              [14.27998579934048, -4.31275878698048],
              [14.184694457040562, -4.377457789361766],
              [14.021086872263135, -4.415388168316454],
              [13.944502400890942, -4.498070717275686],
              [13.90543582525758, -4.490061640482672],
              [13.867091105348138, -4.489285638181772],
              [13.810453735772359, -4.426653870955775],
              [13.714955688494065, -4.453008807551526],
              [13.721776978338607, -4.561012525736133],
              [13.699091023473118, -4.642661308442118],
              [13.712475219726439, -4.685655983205587],
              [13.681934447929056, -4.695371183884126],
              [13.675319864743416, -4.73175136297327],
              [13.633978719108114, -4.725653600909355],
              [13.613101440791899, -4.73919293397002],
              [13.579859863828405, -4.783031508327205],
              [13.514709513280371, -4.75593601811183],
              [13.482256713874868, -4.774849685709539],
              [13.493522175269879, -4.799654121477475],
              [13.392649779827423, -4.885333733984198],
              [13.358750040180238, -4.79479652103763],
              [13.274000692314024, -4.755832671303875],
              [13.182119994590892, -4.686069370431816],
              [13.112356812132036, -4.576928834874062],
              [13.087965534223059, -4.579512504985293],
              [13.071532430460474, -4.601630223322469],
              [13.073702839414745, -4.635323084388642],
              [13.027194051356926, -4.612172198286606],
              [12.921980834365277, -4.502307936196721],
              [12.869890991480304, -4.411977723872814],
              [12.782655682864156, -4.400070610157833],
              [12.761680542573904, -4.391203815145297],
              [12.737909382395767, -4.404949540536014],
              [12.718479044844793, -4.451871992728991],
              [12.623807820175184, -4.559255329639678],
              [12.429091024181684, -4.607521291631993],
              [12.387026407148561, -4.605454055105273],
              [12.374107299593289, -4.683175659848909],
              [12.321914102672402, -4.778156783577364],
              [12.23520104860601, -4.803994987877297],
              [12.213496947254754, -4.769165010400667],
              [12.192206257440834, -4.763480635524866],
              [12.130814656179467, -4.91292883462233],
              [12.009607690999418, -5.01963083589212],
              [11.886241081630663, -4.855238481891238],
              [11.820210231795826, -4.784800120716023],
              [11.824069030686253, -4.772359748653485],
              [11.848424341447867, -4.786043587113078],
              [11.841669211041483, -4.741543773417126],
              [11.776905990759037, -4.667878229521414],
              [11.820162917498715, -4.637281266012981],
              [11.806408667502001, -4.577117803304248],
              [11.692982342534025, -4.463491297728559],
              [11.401403361449226, -4.221366268766506],
              [11.364756706979394, -4.162774342809786],
              [11.358246290388841, -4.111911796399196],
              [11.114016303907386, -3.936856146340286],
              [11.021289031518226, -3.857816279283255],
              [10.984629754615302, -3.714613678923119],
              [10.963780198176753, -3.691488633148014],
              [10.646433931070508, -3.451913656276095]
            ]
          ],
          [
            [
              [8.968516472016358, -0.73740001605724],
              [8.971202018987224, -0.695896076915444],
              [8.949473503987816, -0.661716388873259],
              [8.963145378986127, -0.627618078926299],
              [9.004649284997514, -0.59286874450088],
              [8.997243685986041, -0.627618078926299],
              [9.033457878971575, -0.635430560800126],
              [9.04151451899641, -0.669854420562277],
              [9.038747592001195, -0.743747655252064],
              [9.00660240996959, -0.762139548332571],
              [8.968516472016358, -0.73740001605724]
            ]
          ],
          [
            [
              [-3.276356575003733, 5.118109444387541],
              [-3.234120245985027, 5.163478898627115],
              [-3.115305142001381, 5.107814846938008],
              [-3.119618293004491, 5.091335357007964],
              [-3.276356575003733, 5.118109444387541]
            ]
          ],
          [
            [
              [0.84132287603054, 6.379224206752489],
              [0.766805460979425, 6.419350843028972],
              [0.717919555024584, 6.488829914149567],
              [0.713075709584178, 6.533935671107826],
              [0.727428018997243, 6.571434625093817],
              [0.668206828017594, 6.585826563703529],
              [0.632240031017326, 6.623989610562715],
              [0.62583215297572, 6.727755772040371],
              [0.5766361899977, 6.754730930028711],
              [0.519275350022858, 6.832245659686005],
              [0.546250448003157, 6.914772856487268],
              [0.494574015005488, 6.97311555814686],
              [0.578909952990413, 6.996783318213348],
              [0.598030233015692, 7.031199892230368],
              [0.597720174003152, 7.1588923224444],
              [0.644435667986124, 7.301932642896833],
              [0.629656209024832, 7.389162558695065],
              [0.548214151986484, 7.383271343281704],
              [0.516691527990748, 7.411021598027036],
              [0.495607544003005, 7.50429759622095],
              [0.509250122004959, 7.58537792488544],
              [0.562063435972225, 7.612301253753236],
              [0.583354125955281, 7.70428526150082],
              [0.612292927947816, 7.699427664289011],
              [0.602687912025321, 7.893132195149791],
              [0.574982543950991, 8.124621355262684],
              [0.593276001052517, 8.150666531874007],
              [0.57384566198696, 8.203944770618245],
              [0.705207153042241, 8.28275144955961],
              [0.708824504059003, 8.322568174804225],
              [0.689187458952886, 8.33130127252142],
              [0.685053344930175, 8.382564245944423],
              [0.646709432034311, 8.414164605491445],
              [0.616323690060166, 8.488759597814862],
              [0.55079797404631, 8.519326188216851],
              [0.443517700001474, 8.606865951458481],
              [0.403726847004572, 8.662082229220768],
              [0.368083531998374, 8.761481018462058],
              [0.372669310988613, 8.783754333030304],
              [0.397112264026816, 8.781532379219096],
              [0.407809285980183, 8.759052972095114],
              [0.419591512034366, 8.79124756880719],
              [0.473490030991224, 8.79354703262228],
              [0.483629269982115, 8.834973131518078],
              [0.505632771048479, 8.866333442692875],
              [0.493127074966985, 8.915219127309697],
              [0.431270386029866, 9.027589712124872],
              [0.463645671048896, 9.137092118696692],
              [0.504702595053732, 9.187166582177754],
              [0.492920370021542, 9.258609167528087],
              [0.526613403046745, 9.297650770680125],
              [0.531367634960573, 9.40110677801847],
              [0.482791788036877, 9.427875362282579],
              [0.483515258986771, 9.470017360197698],
              [0.411659180042205, 9.492238390500852],
              [0.333782795999333, 9.479474178896542],
              [0.321819702025284, 9.442835690570673],
              [0.268489623985737, 9.420640496153322],
              [0.231360108006025, 9.418961113137426],
              [0.226812581023062, 9.432345405165051],
              [0.2280528160051, 9.47397066973139],
              [0.28531030201405, 9.488362591000177],
              [0.30192427502725, 9.507457084707948],
              [0.225908244025631, 9.531925903813434],
              [0.230197387982753, 9.575747281418726],
              [0.304559773965373, 9.571561442244109],
              [0.322439819015936, 9.583137166696929],
              [0.35460839796763, 9.571096382382393],
              [0.377733601995022, 9.589415775187698],
              [0.369155313981155, 9.610137976965854],
              [0.349363241002451, 9.613910429491067],
              [0.27763635202799, 9.606985904655927],
              [0.260970703021999, 9.657163698419957],
              [0.2752850749757, 9.685585523328019],
              [0.318719116004923, 9.648611163958879],
              [0.347089478011897, 9.663158103336841],
              [0.322439818964196, 9.760671352225396],
              [0.343885537992464, 9.838392815898933],
              [0.341715127978213, 9.90378929040912],
              [0.369568725970823, 9.938825893580944],
              [0.349776652000223, 10.028820496461611],
              [0.394570259710107, 10.03555702829264],
              [0.395148560000745, 10.072357892169327],
              [0.363393392000618, 10.089669496719791],
              [0.353600708001238, 10.115507714993429],
              [0.357192220002026, 10.219997463257288],
              [0.372049193999454, 10.265136819117538],
              [0.396595499998954, 10.283223568885651],
              [0.366597329998312, 10.304488418425276],
              [0.308797241000355, 10.297098694769717],
              [0.317582235001088, 10.317330020433602],
              [0.278824911002463, 10.366629342637854],
              [0.273243856000981, 10.406601057667901],
              [0.233220458997864, 10.398617034379606],
              [0.197072795002, 10.410270091985188],
              [0.179864541998564, 10.394172861989563],
              [0.126017699998925, 10.491608775489841],
              [0.05726220700096, 10.541114824536646],
              [0.029434448000014, 10.58253346568018],
              [-0.088129435000863, 10.633486442235032],
              [-0.091564480315617, 10.700253756989399],
              [-0.075210327000951, 10.773658768904093],
              [-0.032060505999799, 10.813165380302426],
              [-0.014438842999681, 10.953596068688034],
              [0.014189901000012, 10.983671765586243],
              [0.016205282000508, 11.062581714749506],
              [-0.03226721199965, 11.098574311474609],
              [-0.121744954999255, 11.092192276245189],
              [-0.166109171000463, 11.134980370216294],
              [-0.115062220349184, 11.124658316539728],
              [0.374779214879319, 11.025807934030183],
              [0.488786253984648, 11.001784329023138],
              [0.483618612001733, 10.979692691705825],
              [0.499741658008, 10.975687781145544],
              [0.487649372994627, 10.93323556390318],
              [0.675338175002441, 10.988529361656925],
              [0.901474242982243, 10.992740965646073],
              [0.875842732029594, 10.931168554471784],
              [0.885144490024725, 10.869389374399015],
              [0.86292362502738, 10.796086358745825],
              [0.781274862001311, 10.693043520658362],
              [0.788509562012783, 10.563852456110611],
              [0.760707641992591, 10.382158090720377],
              [0.997076449624082, 10.216508496720664],
              [1.331008748020403, 9.996471067277195],
              [1.343941692712342, 9.954756292230565],
              [1.356020141094907, 9.647474351027947],
              [1.351265909937339, 9.595074303844834],
              [1.323153930123897, 9.54231284183593],
              [1.336486450119061, 9.497509369651098],
              [1.351265910119452, 9.48254904194221],
              [1.368422484905429, 9.49084291040902],
              [1.379894653129122, 9.462472754777503],
              [1.386715941898391, 9.361135057755197],
              [1.420146019069139, 9.292317302122669],
              [1.567273396833365, 9.136730104936772],
              [1.595798787177216, 9.076811569057522],
              [1.607204026167777, 8.588617447925561],
              [1.609027953968428, 8.546972933377022],
              [1.644167927830954, 8.493487709575012],
              [1.607581013906125, 8.421864235733398],
              [1.603944873013416, 8.367476226975336],
              [1.625564411905635, 8.270478125761374],
              [1.622854911873676, 7.622459577658978],
              [1.623251366654518, 7.536384657958243],
              [1.625667764972998, 6.996783318213348],
              [1.531926716962532, 6.991925720054053],
              [1.564223443024124, 6.90308941491659],
              [1.590114379958339, 6.867333838526737],
              [1.583189737989265, 6.80826770839588],
              [1.601069784030426, 6.746436901516399],
              [1.589182290031161, 6.720460361656137],
              [1.566033163005098, 6.678146470550137],
              [1.596315552060094, 6.636417810303469],
              [1.597349081057037, 6.600812746198145],
              [1.627424764028421, 6.573346690501372],
              [1.653883098037239, 6.570659524339276],
              [1.680754842028704, 6.530067677984317],
              [1.681685018000214, 6.489837545139395],
              [1.718375284996678, 6.466996557425429],
              [1.744110148026204, 6.425732956644276],
              [1.782350708068246, 6.277266610038381],
              [1.633109170981198, 6.245692219031778],
              [1.612438598019825, 6.234762697239545],
              [1.619639518989412, 6.213893935008466],
              [1.429535351985361, 6.181952197211709],
              [1.185394726987521, 6.100490607497333],
              [1.176186156983891, 6.151511916708835],
              [1.093400513012417, 6.160917073674007],
              [1.025187622002408, 6.222334497060462],
              [0.983536417989922, 6.324602134427887],
              [0.886798135970858, 6.330389853951277],
              [0.84132287603054, 6.379224206752489]
            ]
          ],
          [
            [
              [-16.320912238469202, 19.728501675878992],
              [-16.301625129699712, 19.722601655242467],
              [-16.397694462018553, 19.599920858933061],
              [-16.320912238469202, 19.728501675878992]
            ]
          ],
          [
            [
              [-16.477162240688966, 19.731512822272943],
              [-16.484242317096346, 19.67772044844088],
              [-16.496896938038883, 19.705511751736058],
              [-16.477162240688966, 19.731512822272943]
            ]
          ],
          [
            [
              [-16.426258921364557, 19.748968937416773],
              [-16.418202281988574, 19.805609584738995],
              [-16.390939911665722, 19.826117386376513],
              [-16.377797005542831, 19.813544067346189],
              [-16.345936653343358, 19.868353595337936],
              [-16.336822066425128, 19.855698867441841],
              [-16.367054820788699, 19.721096232126449],
              [-16.432484504433504, 19.60126375453682],
              [-16.463978643458056, 19.684637706905963],
              [-16.426258921364557, 19.748968937416773]
            ]
          ],
          [
            [
              [-16.454172329788904, 20.571112364531515],
              [-16.474232551279751, 20.594183670885656],
              [-16.459299283429033, 20.614691488167239],
              [-16.446400520189947, 20.607326571722822],
              [-16.454172329788904, 20.571112364531515]
            ]
          ],
          [
            [
              [10.956716336806368, 33.732489202103643],
              [10.941091338870805, 33.728216789834342],
              [10.887785646631487, 33.64014145337233],
              [10.87105609492273, 33.654333578727673],
              [10.876920797398046, 33.68821789503199],
              [10.826182484473907, 33.729803693545385],
              [10.808929885246759, 33.734320409901088],
              [10.76341962051294, 33.70016262688678],
              [10.740153799362876, 33.715477724922451],
              [10.727803844100892, 33.758180624870448],
              [10.747592736420517, 33.812748412108029],
              [10.736013213240197, 33.884751604791845],
              [10.772959825968886, 33.896307539863663],
              [10.897797074023678, 33.879339982483344],
              [10.929942247880996, 33.896307539863663],
              [10.991465687534246, 33.841701483629699],
              [11.060313341662239, 33.800726505241144],
              [10.971039255713684, 33.738714833357832],
              [10.95671634644208, 33.69774008126798],
              [10.956716336806368, 33.732489202103643]
            ]
          ],
          [
            [
              [11.055708396899613, 34.620962244910878],
              [10.964121941695774, 34.656683676835847],
              [10.987152537286168, 34.671779628390354],
              [11.101328969450977, 34.670965829724743],
              [11.110841853300778, 34.659505646835008],
              [11.055708396899613, 34.620962244910878]
            ]
          ],
          [
            [
              [11.122306394872519, 34.680425697886051],
              [11.170646586426727, 34.728592211669245],
              [11.173024933473764, 34.758001963794094],
              [11.222110575145942, 34.747644880272588],
              [11.217501770245011, 34.781615436843019],
              [11.254270064107887, 34.825822358286892],
              [11.30417118678205, 34.805289053014278],
              [11.278086782183601, 34.797674810017455],
              [11.265798372531931, 34.773382869676993],
              [11.304795508649635, 34.742294395284354],
              [11.297035296755286, 34.728693225696169],
              [11.130745840667512, 34.663291428459345],
              [11.122306394872519, 34.680425697886051]
            ]
          ]
        ]
      }
    },
    {
      "type": "Feature",
      "properties": { "fid": 2.0, "NAME": "British", "Empire": "b" },
      "geometry": {
        "type": "MultiPolygon",
        "coordinates": [
          [
            [
              [37.60206138449437, -46.948662978664657],
              [37.575368692057452, -46.903497028755403],
              [37.662445492580268, -46.82854576119496],
              [37.72852624995479, -46.825290673738344],
              [37.821055539155438, -46.844170848583445],
              [37.895762563367889, -46.889906496898327],
              [37.863780141784197, -46.940850509660166],
              [37.806488480419418, -46.965752877423412],
              [37.60206138449437, -46.948662978664657]
            ]
          ],
          [
            [
              [37.938649926893447, -46.654392146377774],
              [37.861094593923205, -46.636163005917155],
              [37.864919454893837, -46.614190311498874],
              [37.900401230846668, -46.599704654585011],
              [37.945567257153094, -46.598321235390529],
              [37.977793798813309, -46.615655133105967],
              [37.976410358444689, -46.64470796831251],
              [37.938649926893447, -46.654392146377774]
            ]
          ],
          [
            [
              [46.283864774858664, -9.351332147160919],
              [46.276133661336402, -9.339288056181262],
              [46.315196155106975, -9.326429809777864],
              [46.427093943526842, -9.337660346397458],
              [46.379405141362426, -9.357028830916683],
              [46.331065298109984, -9.34392663850096],
              [46.283864774858664, -9.351332147160919]
            ]
          ],
          [
            [
              [39.742039582511573, -7.99482537823149],
              [39.796737354504963, -7.992453210295595],
              [39.801492394813955, -8.006587377546335],
              [39.719439489609883, -8.092571853844714],
              [39.702795902743148, -8.091392679735565],
              [39.702799993734622, -8.049004599704361],
              [39.742039582511573, -7.99482537823149]
            ]
          ],
          [
            [
              [46.509776237811465, -9.719984627991741],
              [46.500661658270083, -9.7465146675922],
              [46.479665559490741, -9.751071833034922],
              [46.509776237811465, -9.719984627991741]
            ]
          ],
          [
            [
              [46.207367382987727, -9.385511948934274],
              [46.230479358485233, -9.413669404279826],
              [46.320485874768295, -9.423760723697823],
              [46.434580927261784, -9.378106440448494],
              [46.46876061198202, -9.385511948934274],
              [46.447764516525773, -9.337660346397458],
              [46.495453316412174, -9.357598439205775],
              [46.525157094748195, -9.381280143968096],
              [46.454600457451107, -9.426446234381782],
              [46.380707230692224, -9.424574578541502],
              [46.299815300843704, -9.449314083180097],
              [46.234385617650751, -9.452325255917396],
              [46.207367382987727, -9.385511948934274]
            ]
          ],
          [
            [
              [56.24708092546949, -7.192640896632783],
              [56.258799676544527, -7.140232074104822],
              [56.287445508243529, -7.110039949843976],
              [56.24708092546949, -7.192640896632783]
            ]
          ],
          [
            [
              [55.49157560907468, -4.736364115538984],
              [55.478001017908198, -4.706406159356773],
              [55.448979498846697, -4.677852998889921],
              [55.37126969484212, -4.646923462898896],
              [55.380477788581288, -4.627186926871048],
              [55.414421765704411, -4.612773652658232],
              [55.432686693998228, -4.586922831383358],
              [55.433698238806784, -4.562544702192737],
              [55.463859657835002, -4.571383557795358],
              [55.459936819785682, -4.598546342647975],
              [55.458845951288751, -4.61811524043721],
              [55.460500227792409, -4.625600974005831],
              [55.471777181627424, -4.634917207835421],
              [55.475660575401726, -4.639937639429674],
              [55.492025400910137, -4.651427761328708],
              [55.513645710592378, -4.666174509353179],
              [55.528554647757559, -4.680193323372545],
              [55.526283049602092, -4.689128315736212],
              [55.528086560525658, -4.7368321804407],
              [55.525746109202103, -4.770066290705],
              [55.537916428047147, -4.803768766519392],
              [55.504214013776902, -4.795811362665411],
              [55.493209162164774, -4.776552805059989],
              [55.463490261296812, -4.759768562383852],
              [55.468171145878138, -4.741512829460179],
              [55.49157560907468, -4.736364115538984]
            ]
          ],
          [
            [
              [39.686778192957199, -7.988864915733703],
              [39.629730663170662, -7.985772324954199],
              [39.587168819711657, -7.94548933186217],
              [39.621918168163177, -7.939223035024772],
              [39.631683792367006, -7.914971703034325],
              [39.693044464138971, -7.870293768796694],
              [39.703868035122369, -7.819431252692623],
              [39.814300978974885, -7.788506844832511],
              [39.773448116175302, -7.775486057229917],
              [39.84489993401408, -7.737725442366686],
              [39.895681184771576, -7.637627815127398],
              [39.910980666762185, -7.654473634513915],
              [39.893402543301306, -7.754083068000971],
              [39.823252799110733, -7.913995016331746],
              [39.754649283206376, -7.915297064984068],
              [39.726328970956324, -7.9734025626505],
              [39.686778192957199, -7.988864915733703]
            ]
          ],
          [
            [
              [39.41651451945426, -6.192071243012763],
              [39.431000195868748, -6.18596769992286],
              [39.457530143687492, -6.212009358584898],
              [39.464854363655654, -6.187432580307233],
              [39.500987175526475, -6.196221637291732],
              [39.498545768447059, -6.123793201277537],
              [39.515961134251675, -6.146661077669289],
              [39.543467643350915, -6.321221583482816],
              [39.574066602639121, -6.377618125856649],
              [39.569509312271556, -6.420831045151467],
              [39.544281447282458, -6.450860341487999],
              [39.508474155124638, -6.462823180583282],
              [39.471690299710055, -6.452080974978332],
              [39.433929882366918, -6.401543804186406],
              [39.416514519911125, -6.301364883648817],
              [39.394053582279774, -6.30820079178422],
              [39.403575065587447, -6.373711828278542],
              [39.375661654790974, -6.36337655049698],
              [39.374359570118919, -6.328789931796203],
              [39.308116082047597, -6.24570078119151],
              [39.286875847252851, -6.246758733664843],
              [39.29371178468849, -6.267754801657998],
              [39.280284050092867, -6.25847747627846],
              [39.28248131481692, -6.312188354790739],
              [39.1985783205809, -6.22079841556038],
              [39.177012566383326, -6.157891551905104],
              [39.212901238012051, -6.114190363561135],
              [39.197942969765684, -6.033586491837119],
              [39.193207227746385, -5.904066700826296],
              [39.211110872524507, -5.917738517215846],
              [39.280039909515828, -5.841973542648787],
              [39.295258008339978, -5.7365047838203],
              [39.313487174846315, -5.718438401494768],
              [39.355723503284175, -5.803806213404262],
              [39.354340039320256, -5.896661033474565],
              [39.390675429106672, -6.000412854397942],
              [39.402842643439698, -6.04802822665582],
              [39.430186394404004, -6.054864209960968],
              [39.432383660100278, -6.068291929695923],
              [39.423838738278945, -6.122328395996876],
              [39.437022332385858, -6.157891551905104],
              [39.41651451945426, -6.192071243012763]
            ]
          ],
          [
            [
              [39.226103773346658, -5.769169197869312],
              [39.237862218750962, -5.856047404993117],
              [39.214469664315345, -5.858106454203374],
              [39.226103773346658, -5.769169197869312]
            ]
          ],
          [
            [
              [39.575457564873169, -5.394548051628839],
              [39.621161350915443, -5.441083275777506],
              [39.652181059164789, -5.450943128205219],
              [39.659810883908428, -5.475969569448375],
              [39.615330976865188, -5.463799248286108],
              [39.569028737150781, -5.406201075558826],
              [39.575457564873169, -5.394548051628839]
            ]
          ],
          [
            [
              [55.501589491434366, -4.628853394108418],
              [55.505819824562735, -4.639648028032449],
              [55.491961839881263, -4.634250861281053],
              [55.501589491434366, -4.628853394108418]
            ]
          ],
          [
            [
              [55.497942655883975, -4.600845809056239],
              [55.514426369564781, -4.600554094673844],
              [55.496775662146646, -4.614703594158857],
              [55.497942655883975, -4.600845809056239]
            ]
          ],
          [
            [
              [55.94007392655994, -4.578656889580877],
              [55.950144029863935, -4.590993013097012],
              [55.933024862866148, -4.586209618260837],
              [55.94007392655994, -4.578656889580877]
            ]
          ],
          [
            [
              [55.241953969024038, -4.504001441802998],
              [55.228037954415697, -4.487481275108563],
              [55.225433789697426, -4.444919516882339],
              [55.259938999125694, -4.462985979933825],
              [55.26026451857615, -4.500095293162175],
              [55.241953969024038, -4.504001441802998]
            ]
          ],
          [
            [
              [23.062836142051957, -34.082696311184421],
              [23.049001490796318, -34.041110855023248],
              [22.998057492363476, -34.027520489577718],
              [23.038747586324732, -34.072442253046177],
              [23.032237188547676, -34.086114341233944],
              [22.936045777007706, -34.082696311184421],
              [22.800140826797001, -34.03557714607571],
              [22.790537959598353, -34.004327110218348],
              [22.812510610175817, -34.00074632026589],
              [22.796722856181738, -33.989515930040689],
              [22.730479365938745, -33.979668911167884],
              [22.785166867323078, -34.027520489577718],
              [22.583669461574992, -33.994073113408049],
              [22.455414254595969, -34.057061405846085],
              [22.275157085441936, -34.057712365314181],
              [22.189219607853587, -34.075290747987282],
              [22.111013223033712, -34.141534182536923],
              [22.14771567960414, -34.178317836080573],
              [22.134043825241616, -34.188083698191647],
              [21.946950718576879, -34.223728141246546],
              [21.921722858611627, -34.246677418522623],
              [21.923838725835193, -34.295668086497933],
              [21.894541862649348, -34.336032805950225],
              [21.746104363736507, -34.388360292542785],
              [21.597178590008365, -34.372653997599421],
              [21.537608265778211, -34.348890845202668],
              [21.305918821989337, -34.42457454780947],
              [21.058360225492798, -34.363376601882415],
              [20.91342206987791, -34.360446859448778],
              [20.805186391211294, -34.398044495199002],
              [20.856130392614652, -34.416924588366179],
              [20.868174665577968, -34.43792071732873],
              [20.841075057190608, -34.465020334697662],
              [20.664317259239574, -34.438409176833048],
              [20.482676621902346, -34.470472827873358],
              [20.374522323121898, -34.569756659873214],
              [20.243337435649554, -34.641045826676113],
              [20.222422724196313, -34.675062785084883],
              [20.146657753615539, -34.692152671466573],
              [20.072601762302416, -34.736911757930578],
              [20.044444211540029, -34.768324533279731],
              [20.057871935193155, -34.801446150154952],
              [19.999278200824428, -34.821954155808633],
              [19.858409043900281, -34.749688332619215],
              [19.698090039422706, -34.753676032712647],
              [19.642425967841209, -34.772067851154503],
              [19.398692264830498, -34.601820710641256],
              [19.296885619321099, -34.617771173877735],
              [19.360118034547508, -34.53866952313841],
              [19.360199411308578, -34.500420783116191],
              [19.290375203972314, -34.409112342166999],
              [19.207774279419635, -34.418552268799054],
              [19.119313996876265, -34.400567301179898],
              [19.085215684945297, -34.35654054286605],
              [19.11101320647651, -34.352634233888878],
              [19.139903181763334, -34.294366021793614],
              [19.08838951107186, -34.3427058830299],
              [18.99903405128196, -34.339288036054171],
              [18.872894716749588, -34.361911579840516],
              [18.838226754893917, -34.383884318004291],
              [18.81763755850071, -34.376885574418822],
              [18.810313353148455, -34.301853205745566],
              [18.839691598474822, -34.254327033538374],
              [18.822520368715391, -34.184991005012165],
              [18.858164904024786, -34.15032309428662],
              [18.800059434896426, -34.089532076088929],
              [18.647227415868365, -34.070000989432245],
              [18.555023644781578, -34.07382592748511],
              [18.478363471864604, -34.10686607307737],
              [18.440277533377966, -34.157810062550965],
              [18.474457230716634, -34.226169580085354],
              [18.467621290095671, -34.311293228309943],
              [18.488780136320912, -34.3427058830299],
              [18.445160362829441, -34.336521240418627],
              [18.382172071114262, -34.262139582575116],
              [18.385752800834204, -34.222344670522233],
              [18.362478061351421, -34.186211851867121],
              [18.313812692555736, -34.144626512080329],
              [18.341319209516008, -34.11467867899399],
              [18.358409045598659, -34.054782748684644],
              [18.330414268631195, -34.06218854333229],
              [18.314789263179833, -34.029066723428741],
              [18.372080920580682, -33.925062696143762],
              [18.404551619364675, -33.903252728251935],
              [18.475352415838586, -33.899834975348433],
              [18.488780144106798, -33.862969660488034],
              [18.431814005828176, -33.696710004281734],
              [18.400075726927675, -33.63339623248546],
              [18.320323104908379, -33.567478007665066],
              [18.314300971115248, -33.496514496831566],
              [18.282725450008822, -33.445244949607044],
              [18.146169456733848, -33.355889431879369],
              [18.150157104555017, -33.319268597893718],
              [18.075205923170458, -33.202243721134643],
              [17.991709833515024, -33.150323197400432],
              [17.954925981593508, -33.101983399209708],
              [18.005869978031711, -33.091729277325214],
              [18.032969597954907, -33.140883085092085],
              [18.099131704892955, -33.200941634099053],
              [18.127452026702549, -33.197361047797713],
              [18.091563349215104, -33.135512009593171],
              [18.040863472095104, -33.101657737510095],
              [18.023203969051107, -33.014336803199285],
              [17.940684445188655, -33.006443029520732],
              [17.954925972344217, -33.027520371626814],
              [17.912771033852628, -33.047458649486622],
              [17.901866073780301, -33.036879042213357],
              [17.862478069946807, -32.907159247747238],
              [17.881032742798883, -32.867608252601798],
              [17.843028189006368, -32.823337467821773],
              [17.897308797898059, -32.792738659358022],
              [17.905935084335148, -32.725843891853899],
              [17.967458520576852, -32.703545688548679],
              [18.037445507417186, -32.766778229235513],
              [18.080577026848982, -32.78134542747673],
              [18.118825716660439, -32.773044523925726],
              [18.273122588857969, -32.647556201170779],
              [18.296397341572597, -32.608575270752134],
              [18.337901240407742, -32.451592742095919],
              [18.315440296147713, -32.343682491867654],
              [18.349375844254492, -32.260349175475049],
              [18.275889519762494, -31.95745209275487],
              [18.276866082555422, -31.892673443590304],
              [18.235687693427526, -31.828057509983559],
              [18.196787957865247, -31.697360948578666],
              [18.009450719164079, -31.45663831375802],
              [17.893728064838111, -31.344821935419919],
              [17.871836785546058, -31.272881777925097],
              [17.818614129134069, -31.232110286201618],
              [17.767112877845953, -31.155811509608963],
              [17.561696810163248, -30.838067301736864],
              [17.535980664837318, -30.752129813208168],
              [17.450368685728915, -30.639092701295407],
              [17.454112176010597, -30.601250926568731],
              [17.281993035406721, -30.347751567248206],
              [17.259450717359549, -30.245049744456217],
              [17.206879101775804, -30.165297128940448],
              [17.166351759019445, -30.012872003354893],
              [17.085703967390842, -29.833754079224907],
              [17.056325719761393, -29.676446273988429],
              [17.007823115985587, -29.539239247862657],
              [16.933929888103354, -29.35768002541267],
              [16.884938991230147, -29.29900468409998],
              [16.843272325735764, -29.211358207951449],
              [16.824066604441601, -29.101006817359742],
              [16.744965033701437, -29.028741018057609],
              [16.667735227695317, -28.908624071313966],
              [16.600352410586581, -28.857517196963816],
              [16.56275475511023, -28.712823197916695],
              [16.534841340999598, -28.703220289299527],
              [16.471853065625904, -28.625420927582304],
              [16.487071158978473, -28.572930575614226],
              [16.59736372846314, -28.526216338659101],
              [16.673121383614578, -28.45976055411241],
              [16.692345010903963, -28.461104021997713],
              [16.703817179004229, -28.494486979314136],
              [16.740404093830826, -28.480947791234644],
              [16.769342900932305, -28.442603985172838],
              [16.778541302944973, -28.382969299524234],
              [16.803862748048463, -28.366122638862358],
              [16.768412713979771, -28.303697505761132],
              [16.768722776319859, -28.265353663687172],
              [16.824636679104799, -28.264526899142915],
              [16.810270624363032, -28.222875552473123],
              [16.85636600953082, -28.206649325125653],
              [16.837659143887397, -28.168202108984421],
              [16.885511509576972, -28.16200072000051],
              [16.892952921266453, -28.082625839627315],
              [16.919617966449994, -28.058338026155575],
              [16.947523231452301, -28.07270390530709],
              [17.076404253321606, -28.026815230800718],
              [17.097798300178571, -28.031156131687275],
              [17.136348911769996, -28.08469278308494],
              [17.180894000499151, -28.099472319856037],
              [17.19195275367553, -28.208819593000886],
              [17.213140089343458, -28.23207393939628],
              [17.345741814261505, -28.227629765728828],
              [17.400002072647396, -28.346382297609566],
              [17.399692013718756, -28.39526818312504],
              [17.391320438182383, -28.418832766815136],
              [17.341194300274147, -28.442810672894719],
              [17.324244427917591, -28.470509193526237],
              [17.373026982894309, -28.559392695317701],
              [17.409613897510468, -28.571381639250255],
              [17.420569294397005, -28.593395679068816],
              [17.403619427014416, -28.704293354595862],
              [17.440929812013461, -28.709564350477727],
              [17.582936648236821, -28.680212141589067],
              [17.598026157664091, -28.689617103168807],
              [17.60712121928923, -28.755659751688093],
              [17.628721962405198, -28.764134572845023],
              [17.673783810594582, -28.771575982647654],
              [17.746337523916839, -28.748631691400281],
              [17.91325239965461, -28.781291172436074],
              [18.044097134591887, -28.858392577463253],
              [18.166466921919746, -28.901904045262523],
              [18.308680460758541, -28.879993179539806],
              [18.397563916295145, -28.898906617571363],
              [18.469394168679152, -28.87492896137616],
              [18.49616256204844, -28.888261505235771],
              [18.553936803373393, -28.864696876599368],
              [18.745656379605609, -28.839892410548028],
              [18.954532508653493, -28.866660623102369],
              [19.00693241477077, -28.926295281668377],
              [19.060055780800088, -28.935700286092331],
              [19.081656527945022, -28.959368059641321],
              [19.120207161942702, -28.9575079727393],
              [19.218495735019477, -28.918854001726793],
              [19.243713820643947, -28.891878669963926],
              [19.288362257289499, -28.88309365238981],
              [19.24495406699733, -28.792453413982241],
              [19.265934697985912, -28.742637333015043],
              [19.290015913433837, -28.719692969549023],
              [19.339005174383978, -28.737469696677799],
              [19.455070430276496, -28.705223424528974],
              [19.482872352832054, -28.678248354865048],
              [19.511707810442189, -28.598046682757072],
              [19.568758593740693, -28.531177402904447],
              [19.688337854481507, -28.515984473861902],
              [19.748075808001985, -28.487148998769108],
              [19.825590459730211, -28.476710407402962],
              [19.896697219707804, -28.427720956291676],
              [19.981653283780837, -28.422346765971746],
              [19.982066689956724, -25.618988055112673],
              [19.98144657478273, -24.752493202115641],
              [19.980482721992178, -23.864488552800299],
              [19.979855439392868, -23.308551027832987],
              [19.978345990235539, -22.000671551186095],
              [20.971980430346687, -22.000671551186095],
              [20.984796183662162, -21.963981238564205],
              [20.981486327849975, -20.999958152393752],
              [20.979360470671939, -20.351028125714482],
              [20.975609057198209, -19.172106159043242],
              [20.975081017512551, -18.319345906306857],
              [20.993436478249524, -18.318611661939723],
              [21.475722290880011, -18.299502079803489],
              [22.981366821528592, -18.020035896468634],
              [23.292768999801105, -17.99895186729421],
              [23.333800086550269, -18.043290213764514],
              [23.33380009077009, -18.073986124119404],
              [23.395811802777519, -18.163386196298525],
              [23.395811811908679, -18.191395060469283],
              [23.42940148760086, -18.188501041723683],
              [23.464128051707004, -18.22550139642307],
              [23.501541785890968, -18.237490255764936],
              [23.527276654224256, -18.277694657264018],
              [23.518801719045719, -18.293714346660384],
              [23.560762977891777, -18.348491258911778],
              [23.546603635112831, -18.369471895582734],
              [23.57915979033265, -18.467863879495905],
              [23.609855592641502, -18.477682434869578],
              [23.715792281512314, -18.419081433767811],
              [23.912886190744075, -18.235733355871087],
              [23.915986770185295, -18.201213333374223],
              [23.950816689806313, -18.177648996714716],
              [23.971177202980051, -18.183850122462118],
              [24.056960080120891, -18.119047881138666],
              [24.101608516819073, -18.108815914354459],
              [24.218293907821348, -18.012594598400732],
              [24.296428667892314, -18.026237028022038],
              [24.350585566460715, -17.956060370880323],
              [24.421588983525741, -17.956473759777225],
              [24.505614862850887, -18.060343397828987],
              [24.564422647489511, -18.052798754318065],
              [24.730717409886772, -17.891878428620259],
              [24.820841101468552, -17.8392716615319],
              [24.931118610296878, -17.810539610955868],
              [24.953339474808988, -17.788422084917666],
              [24.983311809046135, -17.820461552757891],
              [25.019692022008677, -17.823768966722707],
              [25.04749394277431, -17.807129149889846],
              [25.057002398391624, -17.827696163974512],
              [25.120874475008183, -17.813536983181056],
              [25.153947387007197, -17.781807556174439],
              [25.259780718564706, -17.794106487628298],
              [25.242417440596572, -17.770335402564811],
              [25.190741003552116, -17.755349138589377],
              [25.161182092145641, -17.729407754708635],
              [25.13854781119727, -17.686102808850595],
              [25.122631468156751, -17.697885009252804],
              [25.098756953891112, -17.676800944730459],
              [25.08852502018183, -17.642694506728798],
              [25.033851355527698, -17.608484715963993],
              [25.036951939008482, -17.581199497396408],
              [24.998504683731845, -17.588021027671072],
              [24.969987330632367, -17.559962503498426],
              [24.937629843108592, -17.56073580662547],
              [24.898252403370385, -17.531073591230005],
              [24.684415324303803, -17.492419542668927],
              [24.629741658824418, -17.495520116556026],
              [24.571243935393909, -17.533450582327408],
              [24.388929486312051, -17.471335609134972],
              [24.321336713028767, -17.488698883994356],
              [24.238757771085098, -17.478156842187481],
              [23.381652465581109, -17.641144295899199],
              [23.382272583237327, -17.601043402295328],
              [23.32015750756139, -17.546369612636976],
              [23.189726199649009, -17.536551305890111],
              [23.176186971081368, -17.478156842187481],
              [23.097638793948622, -17.432164813606033],
              [22.998626748505444, -17.293775288139809],
              [22.876153607078965, -17.248093420254165],
              [22.765152628809901, -17.169648561493819],
              [22.710478962391687, -17.055443606967462],
              [22.65167118321553, -16.998702907064846],
              [22.573433065963833, -16.971004388546636],
              [22.554519491534613, -16.924185501169262],
              [22.508527466698396, -16.906202107875455],
              [22.416646768201048, -16.754480058979041],
              [22.377992799996512, -16.73484309567915],
              [22.333654417591138, -16.673658101077493],
              [22.290762982347715, -16.656398282384011],
              [22.237742963247921, -16.665493331600093],
              [22.151650024586679, -16.597693774844064],
              [22.138110798163282, -16.552631913312933],
              [22.104004354534347, -16.536715611801956],
              [22.079923136921693, -16.457754035416123],
              [22.105554646042425, -16.379412538263793],
              [22.055841918392495, -16.364633058805058],
              [22.011710245234443, -16.252288489864597],
              [22.045196573233294, -16.252288489864597],
              [21.98380497310724, -16.165885554562838],
              [21.980353102757402, -13.694822172617089],
              [21.979877559408418, -13.00147904309812],
              [24.000632768078258, -13.00147904309812],
              [23.971797319428244, -12.933369554896064],
              [23.895109496016758, -12.849757145223048],
              [23.865653927241819, -12.789709025443891],
              [23.928699177384907, -12.56160937137073],
              [24.030811807349863, -12.385082677692498],
              [24.016859172611738, -12.27893937442529],
              [23.959601683888916, -12.196670386807027],
              [23.954330690086778, -12.151918683422792],
              [23.967043091707787, -11.882891162037895],
              [23.990194133388744, -11.824083411262945],
              [23.954640748040749, -11.636911359799086],
              [24.009727824567246, -11.523429894094095],
              [24.009934531636645, -11.459454516976825],
              [24.061714315838969, -11.406951227985999],
              [24.011174765057838, -11.272902572100991],
              [24.015308878690952, -11.130482309555426],
              [23.990090778721971, -11.113532396663253],
              [24.003733357378088, -10.982480950048593],
              [23.96745650185002, -10.872306816168264],
              [24.048381795924154, -10.882332048559642],
              [24.114217569566382, -10.919229004473141],
              [24.124242797835649, -11.043252499123499],
              [24.181293579778767, -11.0344675025457],
              [24.293844847871267, -11.05028045132133],
              [24.370532674669398, -11.100199919262076],
              [24.381798136458226, -11.120560423978946],
              [24.361747680516597, -11.164692100437554],
              [24.396577595239627, -11.217402005190817],
              [24.392236775454055, -11.279103675587073],
              [24.339940224548837, -11.358065225144967],
              [24.285473267489891, -11.381216392488797],
              [24.310071250291205, -11.40664118782392],
              [24.370222614894821, -11.410155126542287],
              [24.446497029382698, -11.463588536084876],
              [24.564732708109617, -11.444675034442204],
              [24.593258097504449, -11.399613160184089],
              [24.635219358502269, -11.385867145104443],
              [24.674080037344638, -11.341632195511988],
              [24.712527303942448, -11.326025939688837],
              [24.826732216663409, -11.317550907913468],
              [24.942900838060527, -11.268561709536714],
              [25.184023071711604, -11.246650928647],
              [25.310320272874272, -11.194767797442081],
              [25.324893025184107, -11.283651231594897],
              [25.284688759810628, -11.307318981942151],
              [25.306496217781216, -11.333053967202588],
              [25.277970825540002, -11.371811240127736],
              [25.279004355661527, -11.396305914916608],
              [25.31672814941232, -11.472993688693975],
              [25.300398395438499, -11.535005328122191],
              [25.344943482790569, -11.642182343429541],
              [25.386387980707944, -11.64983045207417],
              [25.481162558317784, -11.715252838724362],
              [25.474134562715083, -11.756180548958627],
              [25.495580281556144, -11.776541057679159],
              [25.561002646261134, -11.753286690152727],
              [25.575678750346423, -11.727345007409932],
              [25.621464070811093, -11.72889535863289],
              [25.725643756772364, -11.80051885267647],
              [25.850700725310105, -11.793801014285398],
              [25.949816119588803, -11.86397750641548],
              [25.981132039975055, -11.903044978826976],
              [26.166650432955947, -11.902424898358923],
              [26.229592327565491, -11.933120684395703],
              [26.298011922869172, -11.941182181307306],
              [26.339146361889185, -11.918961278874288],
              [26.414593952132421, -11.911829902791681],
              [26.489111370958717, -11.960819265146197],
              [26.643520546966421, -11.985520490240814],
              [26.697057333724505, -12.017456589323983],
              [26.717417846684167, -12.01301237852419],
              [26.759379110584199, -11.96867406871497],
              [26.874204143380922, -11.964333204822275],
              [26.947688028346278, -11.909142737202997],
              [26.967325073495203, -11.870385455077898],
              [26.981071003988742, -11.749049173580906],
              [27.021481975812268, -11.697889536116143],
              [27.010268188987308, -11.609832864523515],
              [27.023755736526908, -11.595570114806559],
              [27.180128620550608, -11.569628584212804],
              [27.207620484282806, -11.639391831518505],
              [27.234182170231964, -11.809097232814748],
              [27.420734089096367, -11.921958484718639],
              [27.467552939693928, -12.001643634922768],
              [27.520469606784694, -12.179617268900513],
              [27.589820184869392, -12.242973345052295],
              [27.638188515559094, -12.293615367793256],
              [27.710742226605749, -12.306327772570402],
              [27.788308550961432, -12.296509227780582],
              [27.831406697473994, -12.259922366097934],
              [27.856676472614495, -12.262402838894609],
              [27.933881061371352, -12.30333056577706],
              [27.958685748147882, -12.367822712931916],
              [28.087670124028833, -12.377537911634491],
              [28.131285032047611, -12.429214310366708],
              [28.185751994167568, -12.402445989550371],
              [28.23753178125866, -12.43706926742629],
              [28.303677612624508, -12.435415568532452],
              [28.339747763086706, -12.45050510163137],
              [28.422740110033043, -12.521301714134831],
              [28.512295371062677, -12.668372938899726],
              [28.511623575447096, -12.694417840224981],
              [28.474003131742801, -12.73648240210332],
              [28.539425496647308, -12.833840829935392],
              [28.542836140309376, -12.885620604450612],
              [28.583970584191501, -12.888721310401591],
              [28.621177610845319, -12.839421859909065],
              [28.667893106610112, -12.849343757841778],
              [28.800598188347291, -13.002409465339243],
              [28.853669884814526, -13.137078259910275],
              [28.903434280311121, -13.162296103327499],
              [28.950356489632846, -13.350967004864698],
              [28.993971392561591, -13.395925323680574],
              [29.065386151784942, -13.388676617694811],
              [29.122128946729092, -13.38434986609875],
              [29.184140664528449, -13.436853115349058],
              [29.308267454347575, -13.3536540249933],
              [29.449550822456342, -13.300324008257354],
              [29.527995643384749, -13.234074731722936],
              [29.574401086227276, -13.225393291192924],
              [29.62907475307825, -13.261463465211735],
              [29.657496783374018, -13.260119654935734],
              [29.669175655987132, -13.281203626939329],
              [29.658892051946392, -13.309522484934702],
              [29.626594279606017, -13.326368934457092],
              [29.625147337176088, -13.364196012630718],
              [29.601686237629973, -13.374427959671303],
              [29.617395873256502, -13.421246825760106],
              [29.702868692936274, -13.457627053187499],
              [29.7822436969271, -13.455663461180627],
              [29.797643273822366, -13.424244187482962],
              [29.799582314086148, -12.159035940760903],
              [29.799396781280276, -12.155820023777167],
              [29.734908081998071, -12.164837780083698],
              [29.631865275571322, -12.215997434336501],
              [29.576726522385769, -12.188092154437978],
              [29.474252155398542, -12.242662403454686],
              [29.446553591006158, -12.335059980034197],
              [29.480453326193281, -12.380535118650682],
              [29.523448119621683, -12.392524097021697],
              [29.524688352950921, -12.429214310366708],
              [29.499676962101915, -12.45308892170144],
              [29.43260095124527, -12.441306636146823],
              [29.364388063739675, -12.40926732827703],
              [29.304856811499551, -12.404823115909561],
              [29.254989055135674, -12.366169164371472],
              [29.173391965485575, -12.367616019361707],
              [29.111070188916496, -12.393454218111886],
              [29.100218140767723, -12.374023970698561],
              [29.035105836212178, -12.378881570068661],
              [28.944672079079307, -12.206075543607172],
              [28.859509319226643, -12.141790099723373],
              [28.821475464053144, -12.075747614242163],
              [28.759877156785844, -12.035233282458625],
              [28.751092163463817, -11.992238479686312],
              [28.686031536406695, -11.984073635733132],
              [28.623864785288447, -11.947796673580086],
              [28.592652223136003, -11.900461159998471],
              [28.569191121216377, -11.913690294421533],
              [28.540562379063488, -11.872039153172205],
              [28.5078511967927, -11.872762580370697],
              [28.488885947980105, -11.808683845860255],
              [28.452505739013677, -11.780778574315459],
              [28.405480182307482, -11.6051819613361],
              [28.355664103992616, -11.518158910720249],
              [28.357007691697554, -11.446948812536469],
              [28.439586630949254, -11.348246836173326],
              [28.436175984484862, -11.289128908067463],
              [28.473693074034763, -11.225670268281339],
              [28.487335652468456, -11.153426632421811],
              [28.476793660985834, -11.077979023464977],
              [28.547176961133435, -10.913751328077423],
              [28.554411662890228, -10.834996473148676],
              [28.623244669963007, -10.716864113563451],
              [28.665877726684048, -10.697433803519392],
              [28.699622436568248, -10.643173545128136],
              [28.665515990729073, -10.608963714393884],
              [28.672337280349325, -10.564315300728557],
              [28.634923543285733, -10.519460155299297],
              [28.646085653376737, -10.438431513021827],
              [28.620867554263235, -10.373319203575655],
              [28.623864786849257, -10.276374199875345],
              [28.569914591845684, -10.219633477679004],
              [28.628515665056138, -10.102741396317359],
              [28.627947224201534, -9.929418648493462],
              [28.668461546141231, -9.821621522812492],
              [28.698485552915702, -9.791959241010275],
              [28.631254516419492, -9.715581581099407],
              [28.621797727143754, -9.638273496652452],
              [28.583557165868637, -9.563756067373536],
              [28.617766965579108, -9.54329223148752],
              [28.574100386220433, -9.539158365959526],
              [28.562783246368543, -9.484898075074364],
              [28.519685100479371, -9.445623947011326],
              [28.515964393940386, -9.378341073395418],
              [28.460463910384931, -9.335036422943711],
              [28.368531532692987, -9.308577876933015],
              [28.352460164773092, -9.27199105761342],
              [28.372303916231196, -9.235094197417792],
              [28.599060099223284, -9.096394561324779],
              [28.765406536582038, -8.934027321850611],
              [28.893098998313242, -8.765768704391698],
              [28.930461058765776, -8.679882495785305],
              [28.935473670869349, -8.590792235019142],
              [28.889171590180791, -8.483098661855273],
              [29.575844325446919, -8.372729184091826],
              [30.752106976797428, -8.194124128416075],
              [30.654955282133987, -7.92737030657462],
              [30.44163497100007, -7.596331177613743],
              [30.369598023095293, -7.310250404142142],
              [30.294460488965303, -7.149433240158863],
              [30.090855345156143, -6.890017551628471],
              [29.969112805331815, -6.803040284875112],
              [29.873090861156989, -6.754211943005384],
              [29.70700280811003, -6.619336452437684],
              [29.633932331355556, -6.446943829427813],
              [29.537710813944035, -6.312378374650704],
              [29.476112507700474, -6.002113119074915],
              [29.496059610473431, -5.93865444652875],
              [29.603029825767745, -5.781661464035389],
              [29.612434935438685, -5.704353498557871],
              [29.593521362976574, -5.620327655462327],
              [29.496369669041506, -5.391711122794137],
              [29.455648641130665, -5.229963895965422],
              [29.342792980488909, -4.999952858922781],
              [29.321031536936104, -4.836344642161636],
              [29.401336711568394, -4.58685072896153],
              [29.404178914564461, -4.44980475626187],
              [29.638273154917336, -4.446807699004716],
              [29.732841023992421, -4.463344088620697],
              [29.784104043905039, -4.373840350913464],
              [29.847355998487274, -4.370533253295805],
              [30.003005409528701, -4.271934397925969],
              [30.051477904268374, -4.180157033711603],
              [30.119587441549587, -4.123519684490184],
              [30.175852307560309, -4.039992040551191],
              [30.208780966412949, -3.930456756704885],
              [30.3117204174936, -3.789896708116988],
              [30.33699019406858, -3.773773707537855],
              [30.38158695462392, -3.78834650625957],
              [30.373068378823127, -3.704339085342451],
              [30.42887088851618, -3.602207823452829],
              [30.432281536573228, -3.551875234249289],
              [30.468920126166726, -3.513014439102961],
              [30.507160686539709, -3.511050850164801],
              [30.639142294265099, -3.419480190503907],
              [30.640434202545062, -3.392814917498626],
              [30.61025015511559, -3.376358744649275],
              [30.640537558110939, -3.332870478054881],
              [30.712006064350025, -3.301864640471903],
              [30.721462851651925, -3.28098738858965],
              [30.775671425359377, -3.291012326964572],
              [30.814842162995319, -3.247707621582461],
              [30.809364461181048, -3.216805131135182],
              [30.832928913667011, -3.147661928302088],
              [30.778255249798285, -3.047409843177441],
              [30.818814623960602, -2.990495209535696],
              [30.825487507164915, -2.978576682164927],
              [30.732056518423605, -2.993459519620246],
              [30.683687379316272, -2.969998599093932],
              [30.637591999565323, -2.974442510583242],
              [30.62953047635029, -2.947674192771374],
              [30.538890016032131, -2.898995156393188],
              [30.488325078043623, -2.943159981452974],
              [30.474191119462645, -2.903232374288665],
              [30.440808146830101, -2.884008972329125],
              [30.413626342989041, -2.834399514896566],
              [30.446905965389515, -2.782723122218751],
              [30.450523315455531, -2.74179539539975],
              [30.522560262789387, -2.649397970414577],
              [30.442668498144197, -2.681127232949957],
              [30.412127726575363, -2.670171873916816],
              [30.457654663979813, -2.59803161912204],
              [30.508090861672631, -2.463466158471195],
              [30.554599650198153, -2.40062756536543],
              [30.573926635482334, -2.389258669348755],
              [30.637850381422702, -2.397010127907842],
              [30.674799031438315, -2.351741688116347],
              [30.758824909749457, -2.381093823707],
              [30.834375854803852, -2.34533373762428],
              [30.853392782396128, -2.193818508691745],
              [30.887809285017685, -2.082507428214648],
              [30.853496135129724, -2.023699661713063],
              [30.816754191064927, -2.018738716384743],
              [30.826934449328434, -1.934092756019305],
              [30.796962118180517, -1.929338504262955],
              [30.824247272854489, -1.902053305188977],
              [30.816599161882532, -1.884173262879285],
              [30.83788985251773, -1.836837739539735],
              [30.824247273183015, -1.730694300997312],
              [30.831016886821118, -1.594165111598911],
              [30.807245728220533, -1.603260227820797],
              [30.791587768060722, -1.590961211654756],
              [30.738877807951106, -1.489468679728911],
              [30.737534220396132, -1.406683114471312],
              [30.632424356853651, -1.367615634184006],
              [30.555323120118622, -1.318419720484576],
              [30.554599649859302, -1.2734611744352],
              [30.511191446866814, -1.170418367777702],
              [30.46726647917334, -1.155328914205215],
              [30.470883828911372, -1.118121826368069],
              [30.453003785023888, -1.097347925350001],
              [30.471785843018502, -1.066836596244691],
              [30.460828623074459, -1.063427580107118],
              [30.337455281845582, -1.066238672133719],
              [30.317404825956999, -1.137035410567243],
              [30.290949658053268, -1.152620868503572],
              [30.256685017934274, -1.217237230436933],
              [30.212191609851065, -1.259508535183985],
              [30.165579468175281, -1.277491998641799],
              [30.147182657739062, -1.3450846877037],
              [30.065984342497146, -1.386944933988203],
              [30.038662150234892, -1.424976543261074],
              [29.917429239605593, -1.475205924907349],
              [29.880738973024719, -1.453605249382069],
              [29.864202513809456, -1.370302800264217],
              [29.825024114335331, -1.323880875929554],
              [29.798211711181438, -1.330925429978125],
              [29.774905639277229, -1.366272126250712],
              [29.734804728356185, -1.348185391049832],
              [29.639099976333885, -1.389009766286162],
              [29.577915079719379, -1.388389535487484],
              [29.587113484181774, -1.310564915795642],
              [29.571507201660808, -1.279248893623073],
              [29.581429077008195, -1.234807231695809],
              [29.557037800892417, -1.181787187675759],
              [29.570060262107745, -1.077917607371801],
              [29.551517572021346, -0.99030531443045],
              [29.556004272968931, -0.919477632490562],
              [29.610781290874645, -0.863977116694049],
              [29.603029826097981, -0.722900525535376],
              [29.630573363954959, -0.622028078161396],
              [29.618842814010236, -0.599393823149296],
              [29.653052612023227, -0.565597442019122],
              [29.629384805864628, -0.442400817930925],
              [29.643858196731152, -0.357992989707169],
              [29.681261986329595, -0.137897146182715],
              [29.714340861000032, -0.007491962977453],
              [29.70307539900049, 0.072503155233262],
              [29.76126306199922, 0.172135313840522],
              [29.797126506000737, 0.164797262002304],
              [29.832628214931006, 0.336983141595289],
              [29.903908654755671, 0.438229206413182],
              [29.940476928035839, 0.498316973318212],
              [29.919496297010554, 0.618102929124559],
              [29.928281289953592, 0.785017787427561],
              [29.94729821791784, 0.824601925395984],
              [29.982194039818818, 0.849017072084581],
              [30.038352091997396, 0.878913878247362],
              [30.145115599981494, 0.903150120922653],
              [30.183482538881343, 0.954601937267551],
              [30.220976603105818, 1.017096685738266],
              [30.215292195062275, 1.077093011364074],
              [30.238856648959239, 1.136004121031551],
              [30.277975707961918, 1.171609183859196],
              [30.323812703098461, 1.155847901219852],
              [30.364947142986431, 1.202046608160082],
              [30.445562377821982, 1.212795272389445],
              [30.553704453195021, 1.33563251456214],
              [30.68172367279076, 1.500348780784951],
              [31.025837035579126, 1.778238770698957],
              [31.075539310339831, 1.840648952010427],
              [31.242826376501455, 2.051167971101094],
              [31.280095680102761, 2.151441075473145],
              [31.190116414419062, 2.221519198505912],
              [31.177559040471372, 2.302909587469441],
              [31.11260176570897, 2.282084011354311],
              [31.055240925436394, 2.29024885691884],
              [31.035500529026052, 2.306940411979872],
              [31.041288289636238, 2.331228405419713],
              [30.968011109216583, 2.405435743906574],
              [30.930907430404829, 2.405590764065144],
              [30.900573363608579, 2.345956071454919],
              [30.871789592215045, 2.332055179592837],
              [30.819803100896102, 2.375980111260997],
              [30.804920288014149, 2.43437449256079],
              [30.710559122717925, 2.445123157778113],
              [30.737017455431666, 2.519537190650492],
              [30.735260457635238, 2.593072776511399],
              [30.770779428384529, 2.675847234182138],
              [30.801612998069398, 2.76908284986255],
              [30.828691447059107, 2.786084295869581],
              [30.854839722056031, 2.89320953939215],
              [30.820939983102903, 2.97315307926119],
              [30.745078979908921, 3.036301566492442],
              [30.763415783791743, 3.123437022254824],
              [30.822128539837347, 3.28140287870813],
              [30.842437375342438, 3.28874080072488],
              [30.904932932099861, 3.386035188183962],
              [30.91633467538961, 3.414805551050581],
              [30.896387573856, 3.519967214320978],
              [30.839543498230572, 3.490201537359334],
              [30.944446655217508, 3.679285600541792],
              [31.068676797225038, 3.731737100313087],
              [31.141488893335772, 3.785119022044822],
              [31.214817748755166, 3.792353597805732],
              [31.295019573863588, 3.774189498112591],
              [31.505446003466677, 3.65985520257624],
              [31.523739459470995, 3.656082744371821],
              [31.56477054900213, 3.689801737159973],
              [31.613944552221913, 3.697013780811945],
              [31.686830283884571, 3.712823736566598],
              [31.777884155876617, 3.816434902181709],
              [31.801106597310266, 3.806472451799471],
              [31.901907593624053, 3.704297025602681],
              [31.930019571604635, 3.598360258603716],
              [32.022235905459596, 3.586420099535575],
              [32.054225978389461, 3.559571866030867],
              [32.093007041334523, 3.524463099954791],
              [32.155845580409775, 3.511776380655198],
              [32.175928559224332, 3.527233935452443],
              [32.187781615328745, 3.619160001330089],
              [32.371801390701357, 3.731065346180836],
              [32.756429079002984, 3.769021858175138],
              [32.840351601202009, 3.79429135012877],
              [32.997241249805001, 3.885526137843037],
              [33.164466184653811, 3.763052980191927],
              [33.263688243346998, 3.753670353451766],
              [33.447342978296682, 3.74437214663189],
              [33.527716350291975, 3.771430679581433],
              [33.977078086720418, 4.219691990556838],
              [34.381187785903798, 4.620158442828109],
              [34.666277383241756, 4.76497976509617],
              [35.245725722569709, 4.981719957560935],
              [35.263418799879126, 4.948545330400812],
              [35.411598337141484, 5.030375821976153],
              [35.433714685994502, 5.003836203948823],
              [35.396116895161384, 4.926429112702427],
              [35.495640464961035, 4.926429112702427],
              [35.570836048149694, 4.904312594675818],
              [35.52218008096883, 4.780461056893145],
              [35.610641269256298, 4.620013637130035],
              [35.7003648787963, 4.589110539032721],
              [35.711518338938454, 4.661608022571013],
              [35.739401987482871, 4.681126448898261],
              [35.778439100192934, 4.678338188111844],
              [35.781221547240371, 4.619922006968396],
              [35.920835410750939, 4.619331668386056],
              [35.940472453337769, 4.50804638760661],
              [36.045324767370857, 4.443716307749802],
              [36.619500771483487, 4.443373220401694],
              [36.64885675674185, 4.431179499500569],
              [36.844086547345626, 4.432237001657083],
              [37.015652303547377, 4.370587029683286],
              [37.04841516324597, 4.331959060133837],
              [37.075907021149746, 4.331080311908761],
              [37.094820595273063, 4.28488158874775],
              [37.976730590216363, 3.726440276922409],
              [38.036158487982739, 3.648925678852151],
              [38.101890910441256, 3.612648853273003],
              [38.176925092165014, 3.620917197150196],
              [38.445952597126471, 3.601667656231748],
              [38.49690555747658, 3.623940090695789],
              [38.508997841293152, 3.650811757738722],
              [38.547135049667112, 3.609522312518062],
              [38.660306435429945, 3.59445861694939],
              [38.661029908271956, 3.621950665028878],
              [38.722008099470798, 3.560404048007065],
              [38.895227500215512, 3.513585249840902],
              [39.090441446368828, 3.518334395182388],
              [39.219445435239649, 3.468704204219102],
              [39.257582642357541, 3.469685998682177],
              [39.296337553544724, 3.491989977523627],
              [39.315873657661662, 3.494904116545878],
              [39.311326130025314, 3.466094397456996],
              [39.466975542908528, 3.452012496660907],
              [39.488472941010308, 3.413901266683678],
              [39.536325315835342, 3.405012842344493],
              [39.57497928696997, 3.497901173339513],
              [39.764218382999751, 3.685745075269205],
              [39.848450970383162, 3.867284527790971],
              [40.162436968607722, 4.019393882791721],
              [40.167191205019471, 4.035465511032745],
              [40.365732054858107, 4.094867386197629],
              [40.382681923898581, 4.121377341458897],
              [40.700698688554176, 4.243514629201771],
              [40.763743935055409, 4.284933262147229],
              [40.8460128186425, 4.214989410832893],
              [40.89768924894917, 4.145923707705214],
              [41.005899701028966, 4.086676852226067],
              [41.070081827641353, 3.996914753367129],
              [41.16299605057899, 3.942680218806084],
              [41.429543092674734, 3.948881627242873],
              [41.58632938823947, 3.984150823478597],
              [41.642966757576218, 3.969448840812363],
              [41.699810831635872, 3.996914753367129],
              [41.83592655511773, 3.94945003460499],
              [41.88501916382392, 3.977225987451234],
              [41.917471966760964, 4.020453487860064],
              [41.923466428476267, 4.070553550451018],
              [42.102887001998084, 4.191889899459416],
              [42.297293741422749, 4.201734282762929],
              [42.789770139205004, 4.28560501634048],
              [42.870194863477302, 4.328170979324566],
              [42.914723757742181, 4.393298991277972],
              [42.952550903940129, 4.507581326992673],
              [43.11925907289212, 4.647701868636743],
              [43.528484740988951, 4.84156605946257],
              [43.968974650521055, 4.953962325652244],
              [44.596807719147961, 4.917643131603563],
              [44.912586302208588, 4.899391904512211],
              [44.941525108358256, 4.911484382680467],
              [45.518477452340349, 5.540564078494268],
              [45.93598636935485, 5.996689366385509],
              [46.46696287838656, 6.538292458389526],
              [47.53238810497492, 7.565863716199668],
              [47.979169148045983, 7.996567251291364],
              [48.939110550918024, 9.451232905915859],
              [48.939110553926341, 9.562700970316691],
              [48.93911199977282, 11.249129973046847],
              [49.239593948293994, 11.300279087618513],
              [49.303477410216004, 11.345445058549419],
              [49.335703969936738, 11.334621442509285],
              [49.419200067061155, 11.344794034304448],
              [49.521739128417238, 11.393784885835396],
              [49.544444208092337, 11.436712980686558],
              [49.576833527325924, 11.460028331626869],
              [49.686778191588338, 11.474351316136469],
              [49.851247590242934, 11.464911163833793],
              [49.942149287729556, 11.515570435788112],
              [50.072520375983224, 11.508734380455728],
              [50.161875845149424, 11.563381214525087],
              [50.268321158308872, 11.589300813915607],
              [50.372325067975012, 11.668931421399851],
              [50.43702233228565, 11.690619213677367],
              [50.512705927926746, 11.771226361624342],
              [50.529470248135802, 11.859523832648138],
              [50.561208530764006, 11.907904378821637],
              [50.641123892218651, 11.954413118656159],
              [50.661468945790268, 11.947577211954252],
              [50.797863587800727, 11.989118699640786],
              [50.867055309392569, 11.942891007758851],
              [50.970082586080302, 11.932322450947629],
              [51.048838741033613, 11.87864823746188],
              [51.127696163038301, 11.87864823746188],
              [51.292698162984969, 11.833107924977785],
              [51.249359012280131, 11.728775488438488],
              [51.247800980089956, 11.652390987481496],
              [51.120860219743875, 11.505316427902397],
              [51.12501061127486, 11.447984082314727],
              [51.081309438103645, 11.341498055075832],
              [51.072520378489799, 11.233791397501291],
              [51.085948111890872, 11.187974328076004],
              [51.130944687105206, 11.160752006884616],
              [51.174439662521266, 11.158763634092118],
              [51.189504078992229, 11.138306091569341],
              [51.123789910605339, 11.038763751695079],
              [51.115082228299286, 10.993353610385],
              [51.138194206912779, 10.676743880098517],
              [51.160655143407944, 10.598456109001951],
              [51.107432488379253, 10.576564854352188],
              [51.09229576953139, 10.482163815826388],
              [51.035817904498828, 10.467515355814697],
              [51.010101758960317, 10.434027410109541],
              [51.038096550347255, 10.416083082791239],
              [51.22038821666721, 10.442043353579059],
              [51.176117383993464, 10.562811590854688],
              [51.292532397335279, 10.480075175433639],
              [51.395173472127766, 10.47902281882666],
              [51.417037811613753, 10.447485392623214],
              [51.37608015369706, 10.367693190618352],
              [51.272872526714686, 10.377904651599867],
              [51.240977410779735, 10.425604576407434],
              [51.090098807511218, 10.407313031032549],
              [50.927388763567571, 10.327844461882989],
              [50.901703320676184, 10.234442442569675],
              [50.912813861833278, 10.17685348315103],
              [50.883799674986051, 10.101263738674836],
              [50.901703320979138, 10.011664129508347],
              [50.833262568700242, 9.768784963248198],
              [50.824473500865352, 9.651068350256352],
              [50.806162960894611, 9.62445719365838],
              [50.837412955259907, 9.437201195397794],
              [50.768321165859113, 9.319281465922593],
              [50.689463741462866, 9.274847811584431],
              [50.6469832639768, 9.211371031486497],
              [50.648448115025793, 9.110419064811813],
              [50.633636913425647, 9.073187525773161],
              [50.439707877937636, 8.888169635495833],
              [50.374278193248088, 8.698879360668423],
              [50.32650800515453, 8.641099244730414],
              [50.303477406763101, 8.504583961141662],
              [50.256195507686982, 8.472560902977461],
              [50.166026238079233, 8.333360095270811],
              [50.091075067831902, 8.161037555642858],
              [49.929372592228852, 8.051743888804165],
              [49.824229367775935, 7.933905485198482],
              [49.803233264951558, 7.826890243248724],
              [49.827647336114481, 7.782904490320968],
              [49.819346552159018, 7.739935680614095],
              [49.760915556947374, 7.667303651796948],
              [49.744151236102709, 7.589056648378041],
              [49.640794578538213, 7.409118395528803],
              [49.586599156493634, 7.314764764539373],
              [49.367035352569033, 7.025702235177419],
              [49.247325066458835, 6.810614340872615],
              [49.074717643269651, 6.415269246511611],
              [49.085622592804349, 6.307359146507006],
              [49.071299674445811, 6.219916062467091],
              [48.850108269507608, 5.824448979715515],
              [48.695811393891006, 5.587347718639864],
              [48.646739129428461, 5.480047936338197],
              [48.548106315975097, 5.375067448975779],
              [48.448008660021515, 5.208726304896393],
              [48.328868035022758, 5.07965729496384],
              [48.202403193888244, 4.90892174227715],
              [48.055674677057461, 4.612941891643317],
              [47.948496943548427, 4.4570988173299],
              [47.840586782705252, 4.341375936421064],
              [47.577972849744945, 4.059881792152306],
              [47.489268422524432, 3.936346622617138],
              [47.03980553608281, 3.469265100872257],
              [46.834239126981693, 3.232489207029756],
              [46.700043164310429, 3.113267278436362],
              [46.625743036928974, 3.023911970013171],
              [46.351573110861182, 2.788641527736358],
              [46.289398634686584, 2.696234488616279],
              [46.236501498933499, 2.667629362990774],
              [46.047618034061003, 2.455064125917094],
              [45.605625006812865, 2.183041002770954],
              [45.266205274542706, 1.987290805415933],
              [45.00147545696943, 1.866359765097148],
              [44.550059440717746, 1.559068069385026],
              [44.332774284901824, 1.389960015749133],
              [44.221364779676762, 1.275620791324797],
              [44.157888216798057, 1.240790077973431],
              [44.138031445804572, 1.191595741840392],
              [44.032888217181913, 1.097479587323115],
              [43.97877037922084, 1.06867100128013],
              [43.932627799826086, 1.009833045672244],
              [43.781911654817911, 0.921616895441417],
              [43.734222852161302, 0.854966570907315],
              [43.65894616017696, 0.804917747119659],
              [43.521292809897659, 0.672270451529672],
              [43.184895839599498, 0.31625986294019],
              [42.770274285001086, -0.129327082296116],
              [42.580332879012992, -0.297539979265363],
              [42.550791863002424, -0.357598567096449],
              [42.51929772198384, -0.369317308619935],
              [42.479746940980263, -0.422051683055568],
              [42.476410351995625, -0.465997001380567],
              [42.46599368595983, -0.449395425827134],
              [42.41260826904562, -0.490980742783979],
              [42.166514519118479, -0.802666950790364],
              [42.135508659880124, -0.821709868418153],
              [42.071543816072065, -0.828708607249526],
              [42.07195071705921, -0.884454045788734],
              [42.016368035139436, -0.968031533554946],
              [41.971934441083782, -0.999769804908131],
              [41.95281009205349, -0.894463810567172],
              [41.946462436199234, -0.954766571062952],
              [41.971690300144971, -1.023614216258991],
              [41.873871290189776, -1.17603935015225],
              [41.872894727032772, -1.195489195950502],
              [41.89747154994182, -1.183200770109198],
              [41.885427280052511, -1.209649354856355],
              [41.862803581829958, -1.212334868567664],
              [41.829112174948889, -1.16887785509111],
              [41.83659915455334, -1.26230227759845],
              [41.652110221699488, -1.565118061128528],
              [41.610606316118265, -1.593194282898992],
              [41.535085482709917, -1.69630296065254],
              [41.458343946398479, -1.774834936780122],
              [41.417653842157371, -1.847263295333296],
              [41.282725457585613, -1.968519847748587],
              [41.2673445965357, -1.949639534808393],
              [41.231455924496657, -1.955498906011147],
              [41.219004753918128, -1.922458583738699],
              [41.185801629152962, -1.990166939975015],
              [41.109141471683152, -1.977634341738253],
              [41.012950066714751, -2.042413087761132],
              [40.979502800012042, -2.004978124174345],
              [41.006114129092545, -1.901788028456525],
              [40.97071373771805, -1.928968979481967],
              [40.966644727759096, -2.04656348198649],
              [40.94532311232944, -2.073174674181114],
              [40.926768425410771, -2.05925876132792],
              [40.908213738042946, -1.997735288211628],
              [40.861013216650839, -1.963474182126717],
              [40.85596764421819, -2.018487259275865],
              [40.872243685441155, -2.011407104337818],
              [40.893809441108466, -2.026055607530083],
              [40.883148633776145, -2.060153882544731],
              [40.904307488513652, -2.080336244779243],
              [40.911957226665876, -2.191989811625175],
              [40.924815299817894, -2.217217689607985],
              [40.956879101729179, -2.218926666655267],
              [40.97925866006031, -2.242120055363232],
              [40.944834831631411, -2.309340069935214],
              [40.922618034170497, -2.313734560921509],
              [40.919444206565267, -2.30242274606542],
              [40.952159050600692, -2.286065415671218],
              [40.92107181024447, -2.270603056322197],
              [40.893728060532808, -2.228203992089899],
              [40.86304772184976, -2.231377849527756],
              [40.794688347143939, -2.290459906647892],
              [40.773936393232489, -2.279229357228132],
              [40.795583529432967, -2.309991094509858],
              [40.793467644575109, -2.341973615622127],
              [40.828623894615355, -2.37476984244906],
              [40.816905144554134, -2.397881815872445],
              [40.711761915565546, -2.466566711874305],
              [40.650563996346818, -2.539320436928767],
              [40.615896028706054, -2.552504060407929],
              [40.523610872720695, -2.52507901117127],
              [40.4908960295394, -2.528496965368221],
              [40.389821810888094, -2.560316655922161],
              [40.232106968834863, -2.669040767496246],
              [40.1749780612517, -2.762627882316099],
              [40.188649935492919, -2.813571834636543],
              [40.162608267871775, -2.934258639309693],
              [40.183767122804596, -2.950290608742945],
              [40.19068443958848, -2.988050938040821],
              [40.23210696878116, -2.970635804087621],
              [40.232920767753534, -2.981866053916133],
              [40.163828972141076, -3.066989851995669],
              [40.153168164334879, -3.135186409615704],
              [40.119151237502862, -3.183526265690445],
              [40.122894728502096, -3.267348016672628],
              [39.989105663879386, -3.37322349162563],
              [39.971446159459823, -3.376071837152325],
              [39.99195397148678, -3.307061421449484],
              [39.966075067791984, -3.321221733330527],
              [39.965179885688748, -3.39918396352167],
              [39.865977411125122, -3.616469079299737],
              [39.786387567750452, -3.587579145772703],
              [39.780935091736154, -3.566582924076809],
              [39.775889517344687, -3.600192861522127],
              [39.808116082708395, -3.608819314020467],
              [39.800140819351753, -3.63469807072807],
              [39.86011803276989, -3.633233190092654],
              [39.867035351634954, -3.694919506200709],
              [39.786387566079036, -3.917168882749383],
              [39.732106968790006, -3.946384480312245],
              [39.71192467269654, -3.931328895482562],
              [39.712087437755905, -3.897393594191128],
              [39.683767123078773, -3.917168882749383],
              [39.712087437837653, -3.965020550885243],
              [39.745290559362807, -3.968682452236553],
              [39.708343948333841, -4.03753034393737],
              [39.681162954738788, -4.04794673947686],
              [39.660492382707204, -3.970798357661883],
              [39.643077019452619, -3.985528280016858],
              [39.605723504442722, -3.969659139519972],
              [39.60466556090833, -3.988213794520585],
              [39.64307701852124, -3.999200099476],
              [39.6355900386569, -4.017022314204499],
              [39.560557486790167, -4.039808780246737],
              [39.567393423364571, -4.081149901659289],
              [39.5818791038878, -4.061618859503169],
              [39.615082227351671, -4.059340122758842],
              [39.669688344895746, -4.087985811492969],
              [39.583832227110932, -4.279392191336159],
              [39.540049674791405, -4.430433840309648],
              [39.522471550783855, -4.418145485011409],
              [39.506032748261077, -4.438083606623222],
              [39.450694204946018, -4.581963686897791],
              [39.44385826753048, -4.519951999422354],
              [39.409678580743709, -4.574476751683604],
              [39.39136803399451, -4.571058796471337],
              [39.406260611674355, -4.615166852221534],
              [39.396169465987604, -4.629001504501092],
              [39.324392125425753, -4.62460716228451],
              [39.300466339281876, -4.594984483003164],
              [39.29371178625032, -4.615492514828524],
              [39.264333532018817, -4.606622114343059],
              [39.190603061701346, -4.677504203418337],
              [39.215098505610086, -4.68865334102324],
              [39.216075065740561, -4.749118733912512],
              [39.170176627164565, -4.77996174760351],
              [39.215993688454567, -4.795668359523061],
              [39.213552282566688, -4.856378000642023],
              [39.162282746588239, -4.938653177865308],
              [39.163340689761696, -4.848321155443623],
              [39.145681188618738, -4.899835034006567],
              [39.130381707078286, -4.918145445174602],
              [39.108653189718758, -4.916599148553868],
              [39.132172071010622, -5.010186456558482],
              [39.122325065988633, -5.024509372395339],
              [39.098155143981081, -5.02337004899641],
              [39.082774285031995, -5.061455989679785],
              [39.129161003960682, -5.047539969924903],
              [39.142751498015599, -5.09587981681453],
              [39.094086134086282, -5.144952085499542],
              [39.040375196131102, -5.23935312977877],
              [39.048187696029693, -5.246677343530924],
              [39.074554884049114, -5.218845312540719],
              [39.037282748056143, -5.356540625866644],
              [38.981293165327166, -5.417413035631762],
              [38.998789909965915, -5.465264579272728],
              [38.985362175108627, -5.504978128470626],
              [38.921641472179026, -5.616306256924003],
              [38.88892662875142, -5.637139568619868],
              [38.902598503500826, -5.643324452168152],
              [38.895192905240584, -5.710544540880344],
              [38.832530143870791, -5.815606371675258],
              [38.821299674489659, -5.924981353321299],
              [38.80029885421262, -5.963089723944203],
              [38.779063347397269, -6.054864209960968],
              [38.813243035413898, -6.130629184573222],
              [38.858571810282022, -6.169854391222829],
              [38.860036655726937, -6.231622036963156],
              [38.841156445692064, -6.267754801657998],
              [38.864756705818657, -6.3736304126551],
              [38.89828535102081, -6.394707896096866],
              [38.928884311442012, -6.449395461128751],
              [39.026052280190143, -6.486993105600761],
              [39.035899284570981, -6.475192947565334],
              [38.991384310713599, -6.452080974978332],
              [39.04086347784213, -6.470147432154953],
              [39.129161004635954, -6.561944297458964],
              [39.212738478580327, -6.641778322957265],
              [39.24586022226466, -6.731052353590942],
              [39.263926628107114, -6.744398656963788],
              [39.280039909181646, -6.727146056168795],
              [39.280284050536352, -6.830498979213654],
              [39.300466341444753, -6.849379141027147],
              [39.293711784428666, -6.815199452233429],
              [39.312022332467812, -6.8163388202604],
              [39.354991082497619, -6.839125279473963],
              [39.464528841604235, -6.857679928998734],
              [39.550547722922857, -6.993829072960693],
              [39.547536653769775, -7.118259321766027],
              [39.532562694756329, -7.116875857177717],
              [39.497894728105095, -7.177178689777241],
              [39.477875194722586, -7.151055543898333],
              [39.434743684218589, -7.181735861120345],
              [39.414398633462774, -7.240899324851527],
              [39.367442254860286, -7.27141696038173],
              [39.369802279968482, -7.306898694707158],
              [39.327810091363823, -7.309258695914525],
              [39.354340039996274, -7.370782158845981],
              [39.303965691211765, -7.448500266550811],
              [39.274750197727286, -7.596449545686572],
              [39.302012569252405, -7.754083068000971],
              [39.252614777442979, -7.823337398788752],
              [39.28321373716242, -7.816582908500664],
              [39.305023633733029, -7.791761966616846],
              [39.327810093933145, -7.726332365669822],
              [39.355235223422305, -7.752536772472822],
              [39.340830927773368, -7.781670938859519],
              [39.395518423186466, -7.779880396552096],
              [39.413096546548829, -7.792168744179656],
              [39.443532748759118, -7.83261487127742],
              [39.420909046663489, -7.902032031221058],
              [39.43702232841094, -7.993910279000158],
              [39.457530143509793, -7.979668859402076],
              [39.454356319629419, -8.010430734210376],
              [39.361827015910443, -8.20680092544554],
              [39.340830921912023, -8.20680092544554],
              [39.348317908358275, -8.275079157614741],
              [39.33399499081343, -8.268812861667326],
              [39.327810092660371, -8.295586871263831],
              [39.293711787810537, -8.268812861667326],
              [39.302093949051553, -8.295098678205852],
              [39.284670567728071, -8.31860915447108],
              [39.305349156009179, -8.388929982718492],
              [39.30307050648549, -8.505466313673173],
              [39.336436393181209, -8.539483301719958],
              [39.361827021079691, -8.610935227723431],
              [39.354340042060137, -8.713962570216538],
              [39.439138219223729, -8.755466481427232],
              [39.452647335384562, -8.805352589156575],
              [39.48853600027671, -8.826918098536142],
              [39.519541860361308, -8.892022303681197],
              [39.55372155412298, -8.922295971525967],
              [39.520681181826866, -8.923028110654634],
              [39.4493921270304, -8.858656646705745],
              [39.413096550427007, -8.867364205693878],
              [39.388682484358043, -8.898858206021549],
              [39.464203317351043, -8.898858206021549],
              [39.447601760508441, -8.925551091531347],
              [39.491872589881581, -8.938409040810342],
              [39.49854577184086, -9.124200222822783],
              [39.569183792410648, -9.093031588596551],
              [39.643809441467745, -9.189060169441834],
              [39.632090694319182, -9.258477580794283],
              [39.64991295748554, -9.282484648863626],
              [39.64283288318299, -9.368585029421642],
              [39.615977407377855, -9.397149262314132],
              [39.569102410041651, -9.404961848342618],
              [39.567393429568156, -9.44752384289556],
              [39.6084090480499, -9.440118034303994],
              [39.615896028205562, -9.424899940223064],
              [39.650726763602279, -9.444756916725552],
              [39.649912958561544, -9.474297833959339],
              [39.680674674533108, -9.505303629123008],
              [39.700938348389037, -9.579522437875706],
              [39.724945505561031, -9.604099108726313],
              [39.712087435650758, -9.625095299024949],
              [39.740896031266658, -9.666762016589205],
              [39.74659264859212, -9.706475661886023],
              [39.696950716396934, -9.744886958288538],
              [39.752289262310306, -9.748630569513429],
              [39.800629101052039, -9.823825749916418],
              [39.800059444830097, -9.872654020875141],
              [39.752289254597279, -9.879001425578016],
              [39.790212436991652, -9.923028283101255],
              [39.714203321300459, -9.952080997107121],
              [39.724375846995429, -10.007500908861475],
              [39.690765820958852, -10.043389579761614],
              [39.716481966976005, -10.038750908277791],
              [39.763194211271987, -9.982842834923165],
              [39.889414910016903, -10.014906508504115],
              [39.974945508970215, -10.133396091118321],
              [39.976404028089888, -10.178293108585917],
              [39.985118034937578, -10.220961194172078],
              [40.000498893949548, -10.192640881517468],
              [39.986582879012126, -10.139743748355487],
              [40.000661655048624, -10.13014088443413],
              [40.129649285222513, -10.168226827519213],
              [40.135508660130441, -10.24765390778771],
              [40.120616081973722, -10.271172783235551],
              [40.160411003885685, -10.28045012468991],
              [40.173838737758395, -10.2551408759902],
              [40.232106966923133, -10.296644787782299],
              [40.238942905258988, -10.268731385486969],
              [40.266856316259208, -10.268731385486969],
              [40.198008660009499, -10.242120050273204],
              [40.23210696693021, -10.200453380965435],
              [40.24537194094048, -10.204685152265212],
              [40.259450717009486, -10.242120050273204],
              [40.301036004259416, -10.268731385486969],
              [40.348806186587261, -10.358086863770472],
              [40.42212975422337, -10.355645447367127],
              [40.426768425244923, -10.335870056997351],
              [40.392588738018816, -10.312107029536799],
              [40.427012566055652, -10.30006275959367],
              [40.44939212359639, -10.345391551012332],
              [40.41089928531234, -10.392266542871392],
              [40.436859571312525, -10.392266542871392],
              [40.424571160498665, -10.43718842309301],
              [40.436859570558717, -10.47478605357885],
              [40.389193156404524, -10.535273143322819],
              [40.250700316490523, -10.610927414800816],
              [40.161093383650574, -10.704358409334352],
              [40.008131144958796, -10.811121954316933],
              [39.885968058330057, -10.864452015035035],
              [39.785819133515631, -10.932561557048919],
              [39.498498169489174, -10.990645866345647],
              [39.286624796052138, -11.154150059434276],
              [39.238152302371944, -11.174200524074715],
              [39.126221151332608, -11.139680693019502],
              [39.060798787723421, -11.160144544500897],
              [38.896261026831645, -11.167689305419847],
              [38.759731893843636, -11.26318737980114],
              [38.715083454948797, -11.256469392531688],
              [38.654208618864921, -11.275796430407885],
              [38.492254677090273, -11.413462371822307],
              [38.347664023678171, -11.358788802394102],
              [38.256610145942503, -11.277139937737569],
              [38.210411419474617, -11.270008713795534],
              [38.166899861047966, -11.283754578312692],
              [38.115430135288584, -11.249544786941579],
              [38.093357268221069, -11.256310016271396],
              [37.938076618555442, -11.2839612717483],
              [37.875238077069362, -11.319101258904084],
              [37.81849735665287, -11.459867903866062],
              [37.816947062815579, -11.533558473972588],
              [37.647758421096668, -11.635981089021733],
              [37.572930951443098, -11.644146081506344],
              [37.50378788291259, -11.67267143144122],
              [37.48477095527462, -11.708844890631276],
              [37.450664512527183, -11.722590907441491],
              [37.378317504276744, -11.708844890631276],
              [37.340800414426617, -11.680939620585091],
              [37.270210408991886, -11.698406269778086],
              [37.141639446896377, -11.674738516277401],
              [37.071566204964711, -11.629159904470519],
              [37.032395465701242, -11.564874334376904],
              [36.998392374812624, -11.58461476086436],
              [36.905891558540674, -11.592779602952616],
              [36.866307414494351, -11.574176140604619],
              [36.820108684823218, -11.573556060245226],
              [36.738046510875833, -11.674738516277401],
              [36.625701944649251, -11.721350596424456],
              [36.545706826620687, -11.729412092303059],
              [36.50870649927235, -11.709775011228027],
              [36.494857218439556, -11.680939620585091],
              [36.378068481441417, -11.680939620585091],
              [36.278746377297978, -11.708844890631276],
              [36.240919227333762, -11.694582140256326],
              [36.199681435769989, -11.70150682196584],
              [36.179217570112776, -11.675565290127143],
              [36.168055462569328, -11.578723697004813],
              [36.022224570023624, -11.50565320603461],
              [35.969824668406488, -11.502449307382342],
              [35.970341429782557, -11.46121141125645],
              [35.93974898554827, -11.434133067979511],
              [35.826370888222634, -11.413462371822307],
              [35.764255820951128, -11.47485407991733],
              [35.695629514715662, -11.494594355532666],
              [35.703380980472552, -11.516505212917748],
              [35.664830362723713, -11.572005709134157],
              [35.57625695713255, -11.6051819613361],
              [35.532745400063014, -11.595570114806559],
              [35.531505167231082, -11.61272672312605],
              [35.498742309287856, -11.582340982657714],
              [35.441174765382094, -11.59143609549716],
              [35.423501424786799, -11.576553265530347],
              [34.964614707731357, -11.573556060245226],
              [34.616728965324278, -11.578310310097772],
              [34.604429974512421, -11.732616141487826],
              [34.563812294409722, -11.83090459651409],
              [34.380050904965174, -12.103859584997309],
              [34.355581017628914, -12.204939630427818],
              [34.49446252970386, -12.687389955804747],
              [34.549342896737116, -13.159092349610171],
              [34.545312136182019, -13.325748852917872],
              [34.58275973100794, -13.403625872186721],
              [34.651352177203009, -13.497831420864575],
              [34.795426068008375, -13.498761543467145],
              [34.863897596813224, -13.516283058771027],
              [35.084090619588743, -13.704227049770738],
              [35.455747519542463, -14.136965468412441],
              [35.522823524561822, -14.262745815326769],
              [35.750539403569967, -14.543142601142684],
              [35.847248167020005, -14.650422423308433],
              [35.863267864275457, -14.87666191229664],
              [35.904298953756296, -14.886893896292991],
              [35.790817505209908, -15.146826278233371],
              [35.788582504930005, -15.211427619537936],
              [35.840530232762966, -15.417197362329071],
              [35.837623210619093, -15.458280930519962],
              [35.837558281994831, -15.459198517003465],
              [35.796591427951036, -15.933197760747106],
              [35.785133095746453, -16.042275468377003],
              [35.697593220426434, -16.107491138212115],
              [35.529024698945328, -16.140770770968249],
              [35.514555297542103, -16.171363211377454],
              [35.488717083182564, -16.164645306286001],
              [35.4563676367491, -16.129401991069955],
              [35.393425739991741, -16.1285751338417],
              [35.299156138438462, -16.208720949230873],
              [35.258756954201552, -16.271512074430518],
              [35.251935671350154, -16.317814273159971],
              [35.266198361517944, -16.356468135751783],
              [35.237253461858678, -16.399090520539858],
              [35.228164510479502, -16.470259712931234],
              [35.131942991354634, -16.537645741382807],
              [35.174317664639922, -16.625495663355906],
              [35.222996868512162, -16.642135546896846],
              [35.278187294822906, -16.700736552026321],
              [35.285111938788837, -16.786726190411645],
              [35.310226681984339, -16.850598210321426],
              [35.285215290243691, -16.871062100241442],
              [35.285111939035076, -16.930076617768911],
              [35.270952599079315, -16.944235996820112],
              [35.314360796448511, -16.982269731820253],
              [35.291672873440319, -17.129368238775704],
              [35.133906697520736, -17.132028087356858],
              [35.066003869967744, -17.109807302752312],
              [35.069104452688805, -17.084072397574921],
              [35.03654830305652, -17.035910005685565],
              [35.044403117172571, -17.004697370137841],
              [35.113442829831826, -16.96025563293815],
              [35.12512170551323, -16.932867154559865],
              [35.118300410919261, -16.833441595271463],
              [35.095769489049324, -16.817318606563099],
              [35.004508909242993, -16.814631416686414],
              [34.948078248837433, -16.759337700944187],
              [34.905496870159034, -16.740837562488434],
              [34.886613110731446, -16.700848912611018],
              [34.844622031186852, -16.678412396087474],
              [34.819507282643869, -16.62776946334672],
              [34.732070756799843, -16.529170776735373],
              [34.654969520987663, -16.489379945931898],
              [34.637399532564238, -16.450519242821105],
              [34.575077757050678, -16.392331607823234],
              [34.524744913223351, -16.300760992082548],
              [34.445990034031119, -16.293216305376703],
              [34.42645633703571, -16.273889223099438],
              [34.38521854584279, -16.186452735943305],
              [34.404545532771536, -16.05974214210157],
              [34.304293253530922, -15.952151785721409],
              [34.244038532347716, -15.917631905184789],
              [34.233186482405571, -15.889830005167148],
              [34.247139119234717, -15.794125248668797],
              [34.342217822793742, -15.730323032747602],
              [34.404028767471765, -15.64684742135082],
              [34.419118286369049, -15.575327257931779],
              [34.410126586604534, -15.481276134927198],
              [34.480406534337561, -15.412856533431315],
              [34.50800174983533, -15.348054297609679],
              [34.565155884259624, -15.297308049353921],
              [34.559085119521114, -15.200177708795579],
              [34.548722779081508, -15.057632753715291],
              [34.58417280872191, -14.984458874755413],
              [34.551099889885336, -14.918312980938204],
              [34.542831658358388, -14.796253213779426],
              [34.505831336583483, -14.700341845379642],
              [34.518130325422362, -14.607427572513636],
              [34.426456334695459, -14.497563482304594],
              [34.380436308966281, -14.413643168154547],
              [34.335299107589535, -14.388836243195728],
              [34.18244023010925, -14.439479360492346],
              [34.109576455283815, -14.44144295684672],
              [34.077537062638342, -14.454671996565203],
              [34.050768678552103, -14.495186496891245],
              [33.916306595273866, -14.481337072195302],
              [33.802411746301722, -14.532806979512912],
              [33.774196407753102, -14.530016304641141],
              [33.720401246512544, -14.489708795351007],
              [33.684072711487538, -14.518750859022033],
              [33.662420284518127, -14.607014183621498],
              [33.632964716371234, -14.591407852003979],
              [33.618405584986107, -14.56184063458001],
              [33.595757693004401, -14.511412907601956],
              [33.545941604606014, -14.481647113758633],
              [33.512455288530411, -14.432968188014701],
              [33.457368201757106, -14.404339219182123],
              [33.35710549008175, -14.230565202895429],
              [33.290556687204678, -14.156912660450583],
              [33.280221398606884, -14.060794458341158],
              [33.202706747463637, -14.01387218317271],
              [31.658408239797428, -14.519577636607707],
              [31.410878131963056, -14.633575923043196],
              [30.815772333607438, -14.768244600320978],
              [30.485559942262295, -14.885963770540121],
              [30.318438354341932, -14.9669922740768],
              [30.214420891608146, -14.981965620273183],
              [30.225834187908259, -15.106311948797295],
              [30.263144571984608, -15.231265563634301],
              [30.28794926037018, -15.278911242723577],
              [30.334871460292621, -15.304749457871585],
              [30.364947142650227, -15.354152111823774],
              [30.371768431643076, -15.439831636716736],
              [30.392852417750621, -15.480759396346036],
              [30.365257202199182, -15.547421981580975],
              [30.412696166482029, -15.627933846169515],
              [30.396263061083005, -15.635995382892323],
              [30.4025675857634, -16.001244377494402],
              [30.857423541873853, -15.998143794317043],
              [30.901865274202542, -16.007135500557023],
              [30.989766886742199, -16.064289669123159],
              [31.11410038366223, -15.996903621132464],
              [31.259982951125586, -16.023465273710205],
              [31.295329630314825, -16.041655381781776],
              [31.404573608506919, -16.162268157495106],
              [31.465655151914007, -16.167745889423475],
              [31.519191936356272, -16.196477994721512],
              [31.710704795144615, -16.217872033058509],
              [31.818088417934558, -16.319571185004698],
              [31.871935258910415, -16.350370317915523],
              [31.885629517157316, -16.406284304910361],
              [31.910279172762028, -16.4289185128555],
              [32.014148807043689, -16.444938314489036],
              [32.211759480846176, -16.440184017857785],
              [32.290462688176966, -16.451759565945974],
              [32.671783082780379, -16.599760879493886],
              [32.698654828774664, -16.686784011002288],
              [32.730950336044621, -16.708656170613605],
              [32.769348188687374, -16.695465668902688],
              [32.893371620844675, -16.712415443262174],
              [32.968509156673022, -16.681616325235645],
              [32.916212603420725, -16.847911020646329],
              [32.828776086237369, -16.935140953081294],
              [32.954143106966256, -17.167168069351597],
              [32.969089676133088, -17.266114949633142],
              [32.983598676855578, -17.317753267410239],
              [33.021632527353148, -17.345555102712026],
              [33.011650989795328, -17.383990612116222],
              [32.936573119949379, -17.4983106480415],
              [32.951662634559391, -17.55143393721421],
              [33.006646354694823, -17.580992802562356],
              [33.024526405156543, -17.619233446615819],
              [33.004062539146922, -17.675560776264536],
              [32.999101599262474, -17.794313182253685],
              [32.946081576355994, -17.834724080339374],
              [32.936883182460896, -17.875031923150001],
              [32.952127734908998, -17.940247644011933],
              [32.927374708839324, -17.972906868947184],
              [32.975537147396167, -18.183333387027872],
              [32.95496993341532, -18.256300619815903],
              [33.042768191544141, -18.352005356532736],
              [32.98535566716982, -18.412466629359631],
              [32.996414431752072, -18.467140451241416],
              [32.870737344611918, -18.535766677608592],
              [32.871667515135954, -18.573180332843826],
              [32.922310425443705, -18.693173142257912],
              [32.902518349576617, -18.774511794143617],
              [32.885206751045509, -18.787844413498192],
              [32.787641635798451, -18.791254852779723],
              [32.691420123736442, -18.83424975293137],
              [32.69679447705041, -18.897191726600315],
              [32.715759718063666, -18.919825821700023],
              [32.681084845589368, -18.954966042017915],
              [32.698964876638541, -19.022248503175799],
              [32.814203332879877, -19.023799000279553],
              [32.855906206437162, -19.083743527618289],
              [32.862262404634841, -19.118056627077333],
              [32.828672735252319, -19.284558301645731],
              [32.768831425155625, -19.363623223924471],
              [32.763353724073433, -19.463978871351493],
              [32.825365437161132, -19.479171636924878],
              [32.832186729525297, -19.500875798350442],
              [32.819629357715307, -19.674301925602514],
              [32.872184279182683, -19.690218079002836],
              [32.943187702252004, -19.649290435769867],
              [32.960964391653057, -19.658798852391666],
              [32.962411341408234, -19.735383480630212],
              [33.032794637301144, -19.784165959355512],
              [33.001995476200896, -19.926999492080849],
              [33.007266479944043, -20.032006123004781],
              [32.953729695028336, -20.030249125502593],
              [32.926547892254952, -20.08647308753633],
              [32.885310100127718, -20.103009544273707],
              [32.85296065270709, -20.273851821781733],
              [32.735861857526636, -20.414205026391031],
              [32.671783080521905, -20.531820568471044],
              [32.646461630527533, -20.557968860408586],
              [32.513136434349882, -20.564583441265114],
              [32.481613810583028, -20.60303071144412],
              [32.46910811117403, -20.686849841327774],
              [32.491018921204258, -20.936343692629162],
              [32.339813681608113, -21.134057747559677],
              [32.380638062843737, -21.165477022672523],
              [32.37174971589068, -21.187904577776212],
              [32.445849258561871, -21.308993758351317],
              [32.408543337910203, -21.290327306992758],
              [31.43382246590075, -22.302048387998141],
              [31.288921752047735, -22.397339766412156],
              [31.279103234004481, -22.415323234297635],
              [31.536348517956267, -23.156983452962724],
              [31.527615189104225, -23.456809933870773],
              [31.642285192276717, -23.587861354433578],
              [31.741193891317966, -23.836786855973799],
              [31.850437872667364, -23.930631308358702],
              [31.856491130947649, -23.962957961811153],
              [31.869454792384442, -24.16379525862985],
              [31.926310768085834, -24.276739771350229],
              [31.986553587554116, -24.423107583519318],
              [31.991927942270532, -24.500415610035301],
              [31.988723997735757, -25.372610354659844],
              [31.966399779644878, -25.479683920566661],
              [31.995751995770306, -25.636883670746478],
              [31.954410849266264, -25.684942745940056],
              [31.90583499937684, -25.812996906475743],
              [31.949243202053122, -25.958104324517986],
              [32.004020223825052, -25.994381215747833],
              [32.070579467283821, -26.009780772699699],
              [32.057453651636493, -26.041200022373854],
              [32.081431517127911, -26.148790360965457],
              [32.039883667269343, -26.283665876424653],
              [32.059830769559575, -26.414820652457024],
              [32.107063029612306, -26.500293485640849],
              [32.113884315516621, -26.840014312804271],
              [32.352216022317037, -26.860271483717945],
              [32.893077017988482, -26.846123943997053],
              [32.839366084371129, -27.123630494601603],
              [32.803721551166973, -27.168226834554613],
              [32.676524286997171, -27.520684525697384],
              [32.591481972572602, -27.880791986892355],
              [32.598317907151433, -27.922458615819803],
              [32.550547709360117, -28.171563271256961],
              [32.459971553657596, -28.306735974599086],
              [32.439219604637614, -28.366631851403451],
              [32.399668829751846, -28.387872151337518],
              [32.406993022607764, -28.400323041469949],
              [32.42017662525312, -28.39470790062661],
              [32.428233273970143, -28.429375962412628],
              [32.392100467285161, -28.535333050863585],
              [32.083750852596474, -28.799493156294311],
              [32.056325730161106, -28.779473705748487],
              [32.016856322089808, -28.784926104718874],
              [31.993988463120587, -28.806247506598694],
              [32.016123893453937, -28.833591398214367],
              [32.070078963686662, -28.805596524916321],
              [32.012054879916306, -28.866468964827519],
              [31.888356953229497, -28.924737092419157],
              [31.769053571392067, -28.922295718413793],
              [31.782725453913923, -28.949639548318643],
              [31.488454616226758, -29.209649275825214],
              [31.42701255190579, -29.2921687303974],
              [31.365000845431627, -29.332614825584727],
              [31.354665560472142, -29.363376554484272],
              [31.186859556826015, -29.560316517972669],
              [31.055511916492026, -29.789808867317234],
              [31.055837443241597, -29.868259446979639],
              [31.015798376558791, -29.868096649403341],
              [31.001231313824377, -29.902439037781381],
              [31.063324413141874, -29.874444250028578],
              [31.058278844333557, -29.895928667795779],
              [30.890635613001322, -30.05006275801243],
              [30.60954837382943, -30.52955495425697],
              [30.562347852649829, -30.57390716546184],
              [30.392344599296003, -30.847100541600792],
              [30.320323112462386, -30.912286060713956],
              [30.195974154621879, -31.077894786301485],
              [30.123383006488123, -31.161553619488139],
              [30.09506269228363, -31.178643451734573],
              [30.062754750214882, -31.238702044145739],
              [30.009938992566145, -31.292250205155284],
              [29.86410566309679, -31.411553625520039],
              [29.846202014031832, -31.419610235752739],
              [29.784515813475174, -31.434746929833111],
              [29.761729368404804, -31.443943019565992],
              [29.742035350942654, -31.457452070716194],
              [29.73373457042667, -31.474867440427083],
              [29.672373895837627, -31.539727489834021],
              [29.650401243458901, -31.547784165996507],
              [29.641368040308326, -31.553318018535229],
              [29.63461347241223, -31.572442271493777],
              [29.627696157674773, -31.580254793446393],
              [29.619883662491649, -31.58603283416501],
              [29.614431187617164, -31.588148711685093],
              [29.592051622979842, -31.593031449577975],
              [29.574066603154233, -31.605401311199785],
              [29.542002795784747, -31.635918837117057],
              [29.526052285864072, -31.643975575880031],
              [29.486664263357543, -31.6564267332955],
              [29.460785345702401, -31.672295769869308],
              [29.45215905381183, -31.6740048530081],
              [29.442718945328956, -31.674737231482354],
              [29.432139513529254, -31.677504111858184],
              [29.427256708898366, -31.677992464441797],
              [29.416188993362727, -31.676527556927912],
              [29.411631701533064, -31.677504111858184],
              [29.405528193341446, -31.684177364755698],
              [29.406911658867354, -31.68938571257446],
              [29.410655137280905, -31.693780140740238],
              [29.411631702821204, -31.698011936423111],
              [29.391856318665813, -31.735528278850779],
              [29.362478055279517, -31.749769734510956],
              [29.356944203763209, -31.755791893606361],
              [29.352875198897653, -31.78036877607089],
              [29.342051628824304, -31.793552340297641],
              [29.309255400668793, -31.814060112050946],
              [29.276703316883321, -31.844659073147234],
              [29.261241089418224, -31.863539392780229],
              [29.254567909923253, -31.87957126960999],
              [29.251963738225061, -31.889092708174708],
              [29.234141477227965, -31.916599267495602],
              [29.223399277751486, -31.921970239979938],
              [29.220469595144724, -31.924004798077572],
              [29.218760619327984, -31.927911127117248],
              [29.21550539939631, -31.940118042904562],
              [29.213633659025184, -31.943780196589966],
              [29.147634308287692, -31.969821846795281],
              [29.137950058540028, -31.982028831947439],
              [29.13379966763582, -31.998467634922434],
              [29.123789916412257, -32.017022455851517],
              [29.096364773238481, -32.053643422837531],
              [28.973317900761948, -32.166680556215738],
              [28.870371947067714, -32.287041983248649],
              [28.817149286684721, -32.315118113179679],
              [28.80836021492312, -32.324883654042509],
              [28.674082873626915, -32.430596561429752],
              [28.651215046795794, -32.459079750185147],
              [28.642751495210771, -32.465508695245376],
              [28.626231316028434, -32.472344659271961],
              [28.61719812069882, -32.47820410786602],
              [28.580332885478374, -32.511163081137269],
              [28.562673359089423, -32.531996218626368],
              [28.555023633442747, -32.550469653659754],
              [28.548594609595408, -32.562432670644881],
              [28.43751061453635, -32.636000272720658],
              [28.411957224751546, -32.647637606446985],
              [28.379405147071918, -32.670993777445553],
              [28.363291850425316, -32.678155085434618],
              [28.360118043701949, -32.693943050378948],
              [28.336924669207153, -32.709405150489452],
              [28.287608283328495, -32.73211042139399],
              [28.240570519896149, -32.760918982513282],
              [28.210785346474832, -32.774672079981279],
              [28.155528177017899, -32.788506634655128],
              [28.130137565692561, -32.808851818045284],
              [28.110850471071544, -32.8365212271122],
              [28.103282095744412, -32.866143475956541],
              [28.09400475446483, -32.887465106454421],
              [28.072276234120075, -32.908298397818413],
              [27.969899927793001, -32.980563981329396],
              [27.939626498640532, -32.989841410143491],
              [27.930674688436437, -32.997654032876902],
              [27.917653848050264, -33.013848624015054],
              [27.903981981399831, -33.020684641102704],
              [27.902354376782196, -33.024346745164181],
              [27.902110235720702, -33.029473697544582],
              [27.90113365712083, -33.034926012401435],
              [27.897146025207206, -33.03997156706324],
              [27.849294454032734, -33.058526175607859],
              [27.829844593852854, -33.077243717814206],
              [27.818695513065986, -33.081638318004813],
              [27.799327013664801, -33.084242394788369],
              [27.749847853940949, -33.099786084649686],
              [27.732676632039215, -33.108819298208843],
              [27.643239779921029, -33.188653252240854],
              [27.609873887952926, -33.211846554895388],
              [27.539235886379995, -33.234551819759567],
              [27.527842635352027, -33.24293376877386],
              [27.523285353657542, -33.244398711952492],
              [27.50001060179688, -33.273369942222679],
              [27.492360860437859, -33.277032038135246],
              [27.484711127129302, -33.27898521788164],
              [27.476328981984643, -33.278090198115919],
              [27.46566815381086, -33.273369942222679],
              [27.458506691689916, -33.298923287659484],
              [27.434580919512296, -33.32073327819321],
              [27.380218946634521, -33.357354431107247],
              [27.355804887020309, -33.369561485082976],
              [27.351735876019838, -33.369561485082976],
              [27.347504097852337, -33.367120010043358],
              [27.344248900971341, -33.364434570172435],
              [27.342295781391343, -33.363376679411886],
              [27.338877787531789, -33.366387507846632],
              [27.334808793411163, -33.377048467861016],
              [27.228282100657985, -33.438897429279407],
              [27.218760609978332, -33.448662989858377],
              [27.143077008989962, -33.479424641325124],
              [27.127452024182809, -33.48984145405899],
              [27.119802285565875, -33.496758775758153],
              [27.116384314061801, -33.50359468856702],
              [27.114431200479114, -33.511163158786665],
              [27.108897322179498, -33.519138184201928],
              [27.10092205667387, -33.525323036706091],
              [27.091807495267929, -33.527764651174053],
              [27.071299680857226, -33.530857085588259],
              [26.984629756537529, -33.570245074551664],
              [26.965342648278217, -33.57431410141632],
              [26.941254093241007, -33.57561605913282],
              [26.919118697246532, -33.581475628029395],
              [26.863047709801304, -33.622735165704384],
              [26.842784053128256, -33.627373986351614],
              [26.794606970841336, -33.632256806329806],
              [26.761241075137512, -33.649021025274486],
              [26.665375183897726, -33.683688942081773],
              [26.653330925847637, -33.684828391261284],
              [26.645518431329197, -33.689141595698402],
              [26.638926633389499, -33.707777644765791],
              [26.632578960531546, -33.712172021257125],
              [26.610850445093273, -33.714938943905956],
              [26.515147334887338, -33.755303672203901],
              [26.476084832457175, -33.764255471469845],
              [26.434825066434172, -33.766045835251148],
              [26.349864117927495, -33.755547675161033],
              [26.323415549485301, -33.756442853705394],
              [26.304209829800396, -33.76376716334812],
              [26.28663169909299, -33.766371274125646],
              [26.263194208779819, -33.757989208549986],
              [26.225596551426975, -33.739434517101898],
              [26.092539915910251, -33.717055004764639],
              [25.955251492409158, -33.710869994100833],
              [25.867442242629245, -33.721856263979674],
              [25.785411009360033, -33.743584947867099],
              [25.711110880114894, -33.774183923616086],
              [25.679047061319533, -33.795179848524228],
              [25.653086777339009, -33.82268637887136],
              [25.634043802444285, -33.855157022613149],
              [25.617523644176767, -33.911390985210971],
              [25.614919474637844, -33.934991220642424],
              [25.619395387632444, -33.945896178567537],
              [25.638926627959762, -33.95378996157875],
              [25.643402539449692, -33.962579028489699],
              [25.64820398205217, -33.968682650595007],
              [25.677012580456552, -33.986504960400715],
              [25.695648646064583, -34.011814180293115],
              [25.704356327350492, -34.020684616092424],
              [25.702891463250403, -34.028496915843917],
              [25.701019726909283, -34.031670830095649],
              [25.697520364199661, -34.034925892581057],
              [25.666026226493489, -34.026543763208139],
              [25.644297725747141, -34.032484670403491],
              [25.624196807039876, -34.043064020455489],
              [25.59815515099212, -34.048516603874447],
              [25.566905152773913, -34.045505554798829],
              [25.513926616128995, -34.031507941857072],
              [25.48519941983534, -34.027520489577718],
              [25.435394732630968, -34.032891590669031],
              [25.410492395896043, -34.032973034837461],
              [25.383555524002251, -34.019626449030547],
              [25.34799238794233, -34.014418266842348],
              [25.313812693708016, -33.993340729783519],
              [25.277517117855822, -33.981133669792058],
              [25.192637564815833, -33.962172120931015],
              [25.101084828326485, -33.960544491422638],
              [25.011485224355525, -33.970961220169521],
              [24.952891470852606, -33.98512134020482],
              [24.929047081951413, -33.995863652627136],
              [24.913340695034154, -34.011325820486796],
              [24.927419476808378, -34.052341504640253],
              [24.916351746561666, -34.07236080742328],
              [24.899261913279251, -34.089613522350596],
              [24.888682494428064, -34.096368162937061],
              [24.84107507127564, -34.132500963138092],
              [24.834157754841311, -34.147637698181001],
              [24.838226764244382, -34.159763332763113],
              [24.847666877607811, -34.166273845656427],
              [24.857106975312558, -34.171156593112286],
              [24.861338725207862, -34.178317836080573],
              [24.857920772050072, -34.186944300207543],
              [24.840830917970031, -34.198011905051267],
              [24.834157740712332, -34.205661642417823],
              [24.827321803714344, -34.205661642417823],
              [24.814707872877786, -34.190687695256813],
              [24.793711780413787, -34.184746955946913],
              [24.725352400478805, -34.183282061040515],
              [24.670258019497872, -34.170831096303274],
              [24.647227410200909, -34.168226823073887],
              [24.583994975350571, -34.178317836080573],
              [24.564952008591526, -34.176934395184183],
              [24.478526229209582, -34.157810062550965],
              [24.435231966904958, -34.13892994500808],
              [24.400157106375502, -34.112562856030813],
              [24.380870000397437, -34.106377992764543],
              [24.25912520363633, -34.094170911371528],
              [24.241709846259081, -34.086114341233944],
              [24.227875207296922, -34.077894909133207],
              [24.163096544206983, -34.054782748684644],
              [23.984222844504043, -34.041110855023248],
              [23.962657086473872, -34.036879052572459],
              [23.919606960825991, -34.023532743901164],
              [23.812998897703629, -34.014418266842348],
              [23.635508663055752, -33.979668911167884],
              [23.427582223442421, -34.012383683093994],
              [23.386892115321402, -34.031182465947424],
              [23.361175986953238, -34.066664429908258],
              [23.367930529968568, -34.08660241700629],
              [23.408376509788624, -34.110040100499084],
              [23.062836142051957, -34.082696311184421]
            ]
          ],
          [
            [
              [34.65589969918085, -12.076264348030717],
              [34.694140258382085, -12.000403323688175],
              [34.738271933671776, -12.009498438723918],
              [34.76235315100076, -12.040297573861963],
              [34.73248417281075, -12.109027223436444],
              [34.688972616285128, -12.12453013888582],
              [34.669025510330563, -12.117812148748026],
              [34.65589969918085, -12.076264348030717]
            ]
          ],
          [
            [
              [34.561641888538766, -11.978595957541147],
              [34.59843550412613, -11.970534310204544],
              [34.627477661292396, -11.987277535215489],
              [34.641223592083549, -12.017869976336195],
              [34.611147910674276, -12.072543714544542],
              [34.544071897732266, -12.011358680268813],
              [34.561641888538766, -11.978595957541147]
            ]
          ],
          [
            [
              [7.229502800102004, 4.53278232481481],
              [7.27418053532114, 4.491888835989907],
              [7.332530144323719, 4.491888835989907],
              [7.298350457480836, 4.414740448247537],
              [7.181651238063238, 4.382025477610938],
              [7.147715690988867, 4.385077212500884],
              [7.147715690707354, 4.415920224087404],
              [7.229502800102004, 4.53278232481481]
            ]
          ],
          [
            [
              [7.346202018944443, 4.478176157324764],
              [7.404551628725262, 4.498032863504853],
              [7.469574414585256, 4.471380804635603],
              [7.541026238029268, 4.484442458512264],
              [7.58448326927529, 4.484605289811795],
              [7.569997592260197, 4.459418111843449],
              [7.431813998067541, 4.434800543107224],
              [7.358164909557232, 4.439276300818299],
              [7.336924675313489, 4.460150552261272],
              [7.346202018944443, 4.478176157324764]
            ]
          ],
          [
            [
              [9.429209831794886, 4.026556656835414],
              [9.422373893963718, 4.008368221898732],
              [9.456553582314264, 3.984076317650581],
              [9.453298373539353, 3.932115112217488],
              [9.476898633840344, 3.915838893648501],
              [9.412119988060381, 3.902167074373517],
              [9.331581478441217, 3.921855239197243],
              [9.302582227122292, 3.964992611199825],
              [9.326182487539072, 4.031927685880178],
              [9.301442905043322, 4.026353267940592],
              [9.250336134101259, 3.960842215996275],
              [9.210703972049902, 3.964260170844482],
              [9.210622591546835, 4.008123974969638],
              [9.196462436216709, 4.018866333458076],
              [9.123383008729451, 4.017889646166805],
              [8.971202019464531, 4.100775578299559],
              [8.990977409463721, 4.217474540805999],
              [8.91895592541287, 4.318060718136705],
              [8.894786004417167, 4.460516772470222],
              [8.935720247795013, 4.553290055974759],
              [8.900563997929051, 4.521633187537232],
              [8.901621941323453, 4.587388492857671],
              [8.847015821153816, 4.639715924480345],
              [8.835703972605774, 4.629624890028115],
              [8.866709831974294, 4.582709045682781],
              [8.867849155255584, 4.544582486893987],
              [8.798594597245375, 4.601141729413267],
              [8.812836134324186, 4.56635171004916],
              [8.788422071202385, 4.541449336264557],
              [8.724131707284242, 4.580471166767584],
              [8.655121289996424, 4.738267319103024],
              [8.638682487979608, 4.713080139932922],
              [8.645355665510937, 4.684068227762132],
              [8.685720247800754, 4.561224627025982],
              [8.716563346553222, 4.539007768026741],
              [8.722666863137087, 4.513129007419675],
              [8.57667076937863, 4.491888835989907],
              [8.570323112527898, 4.509670194207914],
              [8.593760613121235, 4.53278232481481],
              [8.570567254563491, 4.538560432588677],
              [8.548350456865734, 4.507798535535223],
              [8.510264519334998, 4.52704507508571],
              [8.509938998429922, 4.56883383591155],
              [8.525563998313606, 4.56635171004916],
              [8.552093945884248, 4.614732134700979],
              [8.525726759568329, 4.604437711380834],
              [8.51368248788021, 4.642320023641892],
              [8.573252800536972, 4.704087766016167],
              [8.578379754332447, 4.804673651951076],
              [8.594167514208685, 4.815293738287831],
              [8.57667076865847, 4.827053042964195],
              [8.549164258470702, 4.804185158022793],
              [8.529795769484899, 4.708889186565399],
              [8.469004754495469, 4.711656117067878],
              [8.480153841575824, 4.752508749551482],
              [8.43881269599652, 4.738267319103024],
              [8.409190300052176, 4.749335041184695],
              [8.421885613404386, 4.847479660053184],
              [8.386973504491831, 4.795803251142634],
              [8.358409049590639, 4.797349247299492],
              [8.332367383708112, 4.820868157023124],
              [8.339854363543322, 4.834458863313829],
              [8.312022332399113, 4.847479660053184],
              [8.308360222104328, 4.872137788337515],
              [8.256195509275763, 4.906724420835076],
              [8.232106967374936, 4.953680825760212],
              [8.175466342076353, 4.991441167344328],
              [8.243662957323561, 4.916408677977341],
              [8.273610873455679, 4.845445169948783],
              [8.257334832537945, 4.834458863313829],
              [8.29920816331073, 4.782341428039089],
              [8.332367384312928, 4.717759587223846],
              [8.323496940580815, 4.665594685702329],
              [8.353526237878295, 4.648871129590911],
              [8.356455924530401, 4.6255556095651],
              [8.279063346946186, 4.546820365794195],
              [8.031993035328963, 4.558783359205937],
              [7.979340039590992, 4.539007768026741],
              [7.7423608732395, 4.526312634658881],
              [7.722911003521524, 4.511704684181591],
              [7.757090690617637, 4.504868773838917],
              [7.703135613021244, 4.497544670031819],
              [7.646983269297221, 4.51911050408485],
              [7.558441601800681, 4.525335947281012],
              [7.572032096611896, 4.539007768026741],
              [7.539317254205467, 4.541815556478986],
              [7.558441601505615, 4.579982672860323],
              [7.529633009404209, 4.63886151077326],
              [7.551036004502484, 4.711005092268735],
              [7.533525717532926, 4.70269438668354],
              [7.514170768609792, 4.625921829785307],
              [7.531097852210025, 4.601141729413267],
              [7.50196373848643, 4.572699426990024],
              [7.462738476547786, 4.573797787213032],
              [7.454112175159799, 4.553168082711937],
              [7.432383659896471, 4.555405961615722],
              [7.346690300001663, 4.580308335465157],
              [7.312022331994094, 4.607896224226955],
              [7.28101647220307, 4.601141729413267],
              [7.263682487524912, 4.579982672860323],
              [7.271169466621942, 4.560044550727892],
              [7.333262566149743, 4.529364369629076],
              [7.325694206546141, 4.511704684181591],
              [7.28101647164111, 4.504868773838917],
              [7.190440300418947, 4.611639842069619],
              [7.178884311361134, 4.668850110097263],
              [7.133148634102336, 4.663153417834216],
              [7.071787956784781, 4.758124026258623],
              [7.060394726516158, 4.720689048611063],
              [7.09791100365758, 4.661810510208507],
              [7.147227409597967, 4.640041286662085],
              [7.169688347161867, 4.605943149868389],
              [7.173350457263648, 4.572902815904389],
              [7.147471549628416, 4.560044550727892],
              [7.184580925162285, 4.519029088434565],
              [7.150645378972839, 4.470607806604874],
              [7.112803581605084, 4.471380804635603],
              [7.112803581870619, 4.450873073784964],
              [7.08057701874724, 4.470444975305758],
              [7.07862389365109, 4.504868773838917],
              [7.062673372684528, 4.476263640624709],
              [7.07862389358837, 4.443426696363131],
              [7.043955924679042, 4.436590786105869],
              [7.002207879398514, 4.579901557635871],
              [7.023285351897676, 4.648871129590911],
              [7.043955925363568, 4.642645686250558],
              [7.003591342263019, 4.717759587223846],
              [6.978526238446971, 4.69236901923439],
              [6.962657097255709, 4.73086179931951],
              [6.955821159836337, 4.683661149498089],
              [6.989268424994367, 4.607896224226955],
              [6.948985221905978, 4.614732134700979],
              [6.900563997837606, 4.683661149498089],
              [6.902598504084628, 4.666937593329009],
              [6.933604363153152, 4.612494255772303],
              [6.92847740958018, 4.573797787213032],
              [6.957041862939151, 4.594061572002469],
              [6.983083530467915, 4.576849822636959],
              [6.975596550027084, 4.484442458512264],
              [7.022146029948346, 4.388495167596678],
              [7.006602409784406, 4.37457910028163],
              [6.903086784648579, 4.396551711667904],
              [6.880056186436732, 4.388169805430046],
              [6.860850456911008, 4.41571683517891],
              [6.866384310875069, 4.450873073784964],
              [6.833832227141008, 4.485907339354718],
              [6.818614129466115, 4.5427108282092],
              [6.845469596542365, 4.628607344591997],
              [6.803233268766222, 4.649806958951899],
              [6.770192905334253, 4.745062672134009],
              [6.785329623201799, 4.817043423801284],
              [6.763926628986423, 4.806545310729606],
              [6.749685092439708, 4.834458863313829],
              [6.71558678543752, 4.834458863313829],
              [6.7268172543783, 4.785101749192111],
              [6.75562584708646, 4.753851657200642],
              [6.772227410401792, 4.66303144456887],
              [6.825450066190368, 4.601141729413267],
              [6.796153191142198, 4.559719188551048],
              [6.837575717288832, 4.392889810048673],
              [6.870778842257124, 4.360785306686519],
              [6.81462649799812, 4.341620183364054],
              [6.737559441344133, 4.342230650508208],
              [6.715586785386882, 4.354681836934793],
              [6.722422721651406, 4.440008741233439],
              [6.708750847296188, 4.491888835989907],
              [6.736094596994572, 4.607896224226955],
              [6.72264046046165, 4.59138176532167],
              [6.701833530239205, 4.542547996907922],
              [6.695078971860063, 4.422918965616769],
              [6.674571160094176, 4.53278232481481],
              [6.654063346587766, 4.511704684181591],
              [6.694509310820306, 4.359076178933458],
              [6.677500846653584, 4.333075145486565],
              [6.612640820927859, 4.33673734749344],
              [6.580821160003641, 4.507879951185337],
              [6.550466341677089, 4.504868773838917],
              [6.578379754204626, 4.482855604408968],
              [6.588389518736481, 4.447658507560309],
              [6.569590690793727, 4.334906246489704],
              [6.519867384191143, 4.323146942896292],
              [6.461761915208607, 4.3286808035082],
              [6.43433678511678, 4.347235459641833],
              [6.407725456666443, 4.341009716219966],
              [6.415293815932194, 4.322251671201715],
              [6.398936393861338, 4.31598537019713],
              [6.270518424986153, 4.292629293980444],
              [6.24683678490524, 4.320501985850038],
              [6.332530143711463, 4.436590786105869],
              [6.29721113371305, 4.436590786105869],
              [6.263031446274084, 4.395656740388356],
              [6.242523633768373, 4.498032863504853],
              [6.249359570974541, 4.409898169923981],
              [6.201670768639375, 4.443426696363131],
              [6.230153842198933, 4.388006974133365],
              [6.222341342391156, 4.341945845954725],
              [6.194672071201587, 4.314195127237125],
              [6.194834831767114, 4.300034813164594],
              [6.222666862766069, 4.300034813164594],
              [6.217051629027843, 4.290594804087],
              [6.096690299988778, 4.27814361780129],
              [6.084971549907706, 4.320501985850038],
              [6.105316601812137, 4.37457910028163],
              [6.084971550202321, 4.368353657256167],
              [6.088715039785715, 4.411118803800529],
              [6.055430534933777, 4.419867230706025],
              [6.040293816154164, 4.405910605701534],
              [6.061778190803994, 4.295233392976839],
              [5.996918164835463, 4.319403325250884],
              [5.988617383947145, 4.416083055384905],
              [5.97510826905263, 4.382025477610938],
              [5.954600457260602, 4.395656740388356],
              [5.972829622678956, 4.34479389149019],
              [5.946299674743243, 4.33519105104283],
              [5.867523634138887, 4.387274533725099],
              [5.855642123352509, 4.411607297692621],
              [5.865896029732689, 4.436590786105869],
              [5.839121940948489, 4.416083055384905],
              [5.782399935794896, 4.455959298665763],
              [5.77027428467964, 4.471380804635603],
              [5.79753665530817, 4.4570988173299],
              [5.789805534744963, 4.469712534886556],
              [5.749766472022339, 4.484442458512264],
              [5.566905144095419, 4.675238384774048],
              [5.557302280208708, 4.717759587223846],
              [5.571543816370782, 4.711005092268735],
              [5.571462436294381, 4.729559749716479],
              [5.527679884333923, 4.756496614459664],
              [5.475433790262923, 4.847479660053184],
              [5.50953209678064, 4.827053042964195],
              [5.469004754254347, 4.886786297441421],
              [5.38933352999065, 5.109767967431625],
              [5.390879754008967, 5.137681385365052],
              [5.418467644008355, 5.141262114113305],
              [5.475433790008206, 5.094549875047846],
              [5.460199735635958, 5.133790165690733],
              [5.454274936005257, 5.149115303947796],
              [5.495860222008508, 5.14232005712519],
              [5.450856967004441, 5.190130928635702],
              [5.444346549975026, 5.163478898627115],
              [5.36557050897536, 5.163478898627115],
              [5.345713737951414, 5.35716378583785],
              [5.45427493598303, 5.36884185778443],
              [5.468028190992429, 5.340887759201718],
              [5.489105664982942, 5.36884185778443],
              [5.529633009005254, 5.386379300865908],
              [5.577891472012782, 5.38198477252753],
              [5.536875847030674, 5.430324621933428],
              [5.533946160004504, 5.476385810572827],
              [5.55355878996539, 5.496893609727787],
              [5.614024285005512, 5.504950263898694],
              [5.639903191039788, 5.540187906771912],
              [5.596202018951923, 5.514227589115755],
              [5.517100457051426, 5.498602624287122],
              [5.484873894046882, 5.411525799920478],
              [5.4685978520059, 5.407782296115286],
              [5.423594596995594, 5.436509505360551],
              [5.433848503961489, 5.395575247891072],
              [5.375987175033337, 5.398830483281075],
              [5.263194206995721, 5.436509505360551],
              [5.198008660047226, 5.501450931815566],
              [5.188487175010777, 5.544134837027427],
              [5.214203321042182, 5.575140707741022],
              [5.328135612958785, 5.57843657589725],
              [5.392832879008331, 5.560614327986034],
              [5.427012566004592, 5.622137763609962],
              [5.471039258955406, 5.622788788170667],
              [5.492523633964471, 5.581203505377275],
              [5.508067254036573, 5.584540118900138],
              [5.502126498047535, 5.617254966745748],
              [5.464854362894488, 5.648626982632669],
              [5.428477410047697, 5.655829185947993],
              [5.396006706988346, 5.605902406774867],
              [5.361501497994666, 5.593654688045438],
              [5.326019727022977, 5.605414138354987],
              [5.318207227036983, 5.636664143438309],
              [5.337575717091315, 5.724554787798134],
              [5.280284050027184, 5.617499100955913],
              [5.179698112971142, 5.582586970117535],
              [5.129161004033831, 5.628119220752638],
              [5.088633659946186, 5.7087262836487],
              [5.102712436038344, 5.793198974290083],
              [5.115000846996851, 5.800930078795203],
              [5.153981967015086, 5.779201570563101],
              [5.153981966944775, 5.814520554626532],
              [5.18539472702389, 5.842027093700629],
              [5.267425977034714, 5.871893634415407],
              [5.290375195905647, 5.910101596441574],
              [5.119965039919497, 5.824164100136958],
              [5.055023633999012, 5.766587631602202],
              [5.003019892523149, 5.854780355561226],
              [4.885915561065841, 6.006537202056276],
              [4.826182487999171, 6.042547918648996],
              [4.747813347015006, 6.138861400762934],
              [4.493003585784709, 6.32054637457368],
              [4.341970248140971, 6.370591597041695],
              [4.125824414847823, 6.410345704295339],
              [3.870290561069178, 6.431626726731041],
              [3.443614128873011, 6.410345704295339],
              [3.384938997879594, 6.444525394871482],
              [3.428477409919409, 6.458726262322571],
              [3.440196160116017, 6.423407353919328],
              [3.475352409860722, 6.455552404950712],
              [3.541351759121947, 6.454820114984759],
              [3.570567253879551, 6.478705085341425],
              [3.57081139411051, 6.509344848467809],
              [3.700205924924425, 6.527085643051644],
              [3.742686393923488, 6.547796906102394],
              [3.762217643990462, 6.585150453531006],
              [3.857920769121387, 6.602199665818403],
              [3.773692253944464, 6.622381877360579],
              [3.528330924928663, 6.527777375414463],
              [3.478526238110334, 6.541449341628884],
              [3.481211785109538, 6.602199665818403],
              [3.429942253928487, 6.557806671429626],
              [3.402354363109396, 6.552150839324215],
              [3.406016472145367, 6.512844218099116],
              [3.369802280141119, 6.450018696220091],
              [3.38949629014276, 6.41998939988131],
              [3.384532096971188, 6.397691132773485],
              [3.08236738399619, 6.381496483754701],
              [2.927744988006395, 6.38910553984663],
              [2.703841289256578, 6.368351615902982],
              [2.711920434735557, 6.474047871380687],
              [2.718803181078671, 6.50429783094143],
              [2.739398233980135, 6.579186083275311],
              [2.731130005070871, 6.641843815966183],
              [2.778568968985633, 6.698765352015645],
              [2.773297973960168, 6.755040970322799],
              [2.73629764800432, 6.769846295628049],
              [2.723585246067207, 6.799715313044263],
              [2.736917765070482, 6.863303164564014],
              [2.715110311117336, 6.979833548228526],
              [2.779705851074603, 7.041328475501893],
              [2.735264118949282, 7.096002065305641],
              [2.762135863937461, 7.162199568865232],
              [2.741155231979781, 7.408179412196418],
              [2.751283813957806, 7.423630652531295],
              [2.786527139940743, 7.421253527083257],
              [2.792314900885528, 7.477632483090329],
              [2.720588011905136, 7.586566412443024],
              [2.717641139040434, 7.658548921000662],
              [2.724412068108953, 7.807689981951776],
              [2.671694504906812, 7.893434424258032],
              [2.708392374967729, 8.137979820453291],
              [2.734437296806547, 8.189966225497523],
              [2.69712691287007, 8.320707633530059],
              [2.703741494723223, 8.417885087016678],
              [2.736917765152841, 8.46452329314905],
              [2.742438669237658, 8.52748156499386],
              [2.722948942803174, 8.771217838863222],
              [2.751077106970186, 8.803417242175232],
              [2.762549275746312, 8.895685402798458],
              [2.747769815866829, 8.914805740586001],
              [2.770197387219667, 8.967154138349011],
              [2.769163859272053, 9.057045316462064],
              [2.846265095797265, 9.050766405275434],
              [2.888433063854611, 9.075364415240992],
              [2.929877564119777, 9.078361769116947],
              [2.983104288810556, 9.06061077664071],
              [3.076018513882088, 9.09515650427603],
              [3.151362752139027, 9.288633174081287],
              [3.132552531321686, 9.457279285479236],
              [3.243553506961177, 9.584403162975638],
              [3.245723918042251, 9.633702511213912],
              [3.299053996002149, 9.633960877791859],
              [3.33161014830315, 9.652021903172137],
              [3.338638143093452, 9.678221775695114],
              [3.314866983887501, 9.759095316250123],
              [3.325925740232933, 9.801728500709167],
              [3.413982381013414, 9.842837020763493],
              [3.51309777822397, 9.846609472619377],
              [3.530771117966749, 9.862964975514862],
              [3.599604125697997, 9.968694865134838],
              [3.612316528006247, 10.070290835034514],
              [3.654897908001708, 10.101115825513691],
              [3.664830075012476, 10.128653753994906],
              [3.664613077974284, 10.162197359722571],
              [3.587615193003449, 10.244182028074086],
              [3.572422322999614, 10.285704040843372],
              [3.652107380996284, 10.435798236817137],
              [3.692828408988175, 10.43838205530218],
              [3.756907186026463, 10.405257475039415],
              [3.787706338981217, 10.426367284298145],
              [3.837245715051969, 10.630609032136462],
              [3.822949665990381, 10.703249610180743],
              [3.783262166025621, 10.716969713482472],
              [3.730035441066252, 10.807713540500814],
              [3.754116657875009, 10.907138940782486],
              [3.711845336969028, 11.051858817040451],
              [3.722077270991412, 11.112346087523651],
              [3.705583311006663, 11.120732943896309],
              [3.662546019887585, 11.143145211416577],
              [3.468449340192373, 11.419485022157557],
              [3.504932902081062, 11.556556725491273],
              [3.596400187075795, 11.695773031089406],
              [3.647766561109862, 11.726003753068376],
              [3.66699019394259, 11.759696741382571],
              [3.612936644784547, 11.838968346091296],
              [3.603944946192866, 11.905579377486847],
              [3.653554321191668, 11.986814728036766],
              [3.623995402032762, 12.094249988698417],
              [3.651487264240597, 12.26901973631854],
              [3.641565388978234, 12.517996719455599],
              [3.929093057625946, 12.750385555067918],
              [4.088773234118672, 12.996236292547911],
              [4.120324551547057, 13.210607774107146],
              [4.125773558438629, 13.472977079445974],
              [4.248453408381994, 13.494138569772632],
              [4.452575317204927, 13.673765823491985],
              [4.625844677827224, 13.723150967011438],
              [4.856891723222751, 13.774095634034058],
              [4.925104614536027, 13.733090605376882],
              [5.08437137720851, 13.747533950282406],
              [5.227618448506269, 13.74133282945785],
              [5.304202921212562, 13.773940613514485],
              [5.34626753773855, 13.841559307222482],
              [5.374069458588558, 13.855253689917749],
              [5.52176070017258, 13.880290710589037],
              [6.142394652425362, 13.640822168474463],
              [6.229831177097496, 13.679192141432619],
              [6.284207678421748, 13.667656333936881],
              [6.368944134149492, 13.62627547974256],
              [6.509297322526059, 13.496050788871271],
              [6.672543171071569, 13.321177554149736],
              [6.753879128234868, 13.174899617739854],
              [6.837907755245969, 13.063493175481673],
              [6.906637410079452, 13.006855784107321],
              [6.970509480836201, 12.99184375027316],
              [7.062920946794288, 12.995139734217926],
              [7.137424357584838, 13.047240977836347],
              [7.198195840305286, 13.117391578934182],
              [7.324803098794753, 13.102844603498257],
              [7.391982462124928, 13.112533974844093],
              [7.789684284970607, 13.341977324355929],
              [8.077522012261207, 13.310015485795493],
              [8.201442097350951, 13.22637718978277],
              [8.246727826901818, 13.211291546056517],
              [8.405150593087408, 13.07085694101071],
              [8.482665240902712, 13.081553943953978],
              [8.533514850669963, 13.064629991141013],
              [8.596766805457236, 13.011403346786519],
              [8.642655477330823, 12.944353162883653],
              [8.679345743379232, 12.923579242760816],
              [8.977871813822597, 12.843182903925509],
              [9.269387248567169, 12.809787753892467],
              [9.377907756249089, 12.825781578782836],
              [9.590297891384511, 12.801390222365901],
              [9.647657342730056, 12.830537936941196],
              [9.819327839056763, 13.029205746619724],
              [9.89973636831116, 13.084318773452662],
              [9.930122111770348, 13.145968796368738],
              [10.119774618778996, 13.250096807184455],
              [10.647881837706533, 13.369406320244867],
              [10.771311075393035, 13.38269841814745],
              [10.95300541128459, 13.361898646427832],
              [11.44000411132683, 13.364430946640756],
              [11.742311236674892, 13.289448247320651],
              [11.852795451501542, 13.245394222391081],
              [12.0576408273302, 13.116771497613385],
              [12.116448607006314, 13.102844603498257],
              [12.201404663733284, 13.125427400292732],
              [12.263209674778226, 13.101862808096776],
              [12.269204141124689, 13.085868976675727],
              [12.301036826826593, 13.09811648355258],
              [12.325738159643347, 13.078815251614447],
              [12.386741696913012, 13.078580317717508],
              [12.486658567694997, 13.0708052675711],
              [12.499784383630375, 13.135969383831402],
              [12.547946820062231, 13.165450887457371],
              [12.554251343992171, 13.187542488355261],
              [12.538335002491197, 13.193356051861198],
              [12.56107262937674, 13.242758575797184],
              [12.620190471940953, 13.281438560914966],
              [12.630008991537713, 13.310377200016598],
              [12.67434737001008, 13.28371219305242],
              [12.69005700761403, 13.311979377711351],
              [12.740803263960379, 13.3348202493406],
              [12.777390177335308, 13.386703412268929],
              [12.805192096623113, 13.3729832056133],
              [12.794546754309311, 13.396056910767902],
              [12.829273316225969, 13.406624735948391],
              [12.870201049340247, 13.461246599794332],
              [12.842295774907646, 13.489125942050524],
              [12.870614463287621, 13.478868456533972],
              [12.883843629095136, 13.495999115393571],
              [12.939344117922298, 13.495068992795884],
              [13.054892620311023, 13.548373191932489],
              [13.082487833302496, 13.550620988443066],
              [13.088275592396345, 13.530596312415469],
              [13.123518923109435, 13.536952751485838],
              [13.123518921778535, 13.522664132697795],
              [13.143982787299228, 13.550620988443066],
              [13.150183960780051, 13.522664132697795],
              [13.228112021619001, 13.54803731429382],
              [13.246405476839266, 13.571084889872882],
              [13.230179075570437, 13.577751069931301],
              [13.257257525952582, 13.594235813466602],
              [13.259221231940483, 13.62896250127233],
              [13.329914589880671, 13.709422639866274],
              [13.607313678876888, 13.704099969014502],
              [14.064908489505598, 13.077988476570875],
              [14.418168577522312, 13.08114055643027],
              [14.481040721647924, 13.000508063221147],
              [14.507672156771916, 12.952440355103573],
              [14.490102172046264, 12.873608035308317],
              [14.549013303789531, 12.818210821798671],
              [14.551080361053081, 12.771572857509797],
              [14.569373820096997, 12.769402573992476],
              [14.575264931928123, 12.744907872596611],
              [14.618363078021952, 12.759196473349814],
              [14.664458456983036, 12.715969258426524],
              [14.709933715815179, 12.718242888618489],
              [14.713654417801969, 12.652510403819416],
              [14.734118287570723, 12.680415847845943],
              [14.768844846616666, 12.633235020703173],
              [14.819177696057366, 12.638816349638747],
              [14.86382613043793, 12.495465765012282],
              [14.849563435509378, 12.457018503311387],
              [14.877468708260812, 12.447044936808476],
              [14.908267862344882, 12.326897236660018],
              [14.904862704666163, 12.248664477584368],
              [14.903100218444527, 12.145874700293565],
              [14.964801878459268, 12.092441270200011],
              [15.011827433753064, 12.108616089594356],
              [15.049447875670509, 12.084586465895397],
              [15.040559529568499, 12.055647721524185],
              [15.04944787705157, 12.011929490820897],
              [15.08117720569428, 11.971673527862167],
              [15.048310994546163, 11.962785106573786],
              [15.063400511519628, 11.927283395773385],
              [15.042006468095417, 11.902375327972681],
              [15.044176881126621, 11.877312390680496],
              [15.07983361749489, 11.851215685951322],
              [15.1109428303859, 11.782899435623346],
              [15.083554322006743, 11.748172979531665],
              [15.097196897969518, 11.727657300810913],
              [15.076112914990341, 11.721456196357204],
              [15.069394978903127, 11.660788059531948],
              [15.135644165753769, 11.530821888748662],
              [15.0606099843618, 11.41612595329819],
              [15.049447875817823, 11.337267749408259],
              [15.063090453436493, 11.309930889990964],
              [15.033324829875408, 11.260269938019791],
              [15.021232544389086, 11.182548550360352],
              [15.028830280497454, 11.080218252375879],
              [15.03518518122932, 10.994627193422589],
              [15.079006794621666, 10.898147250695423],
              [15.065880980812127, 10.79311491527397],
              [15.149906859862954, 10.623125294859301],
              [15.132336873014717, 10.56540273209553],
              [15.138227986108502, 10.5216586391075],
              [15.218326456848228, 10.487216276659872],
              [15.278374470783435, 10.394276208722628],
              [15.301422159942291, 10.311748958626969],
              [15.439191527972842, 10.18524505492803],
              [15.476398559980973, 10.132741799541831],
              [15.681243937419898, 9.99127760009263],
              [15.439398234464077, 9.931694677267046],
              [15.382967571611914, 9.930196151459349],
              [15.214915810318049, 9.984094410354095],
              [15.155487915252031, 9.986523355947936],
              [15.100710895504777, 9.978900943117116],
              [15.03301476950951, 9.94285671166468],
              [14.898139283184557, 9.960478509641357],
              [14.772565552457602, 9.921746965416061],
              [14.732464638933688, 9.923813897578158],
              [14.440492799072528, 9.995308418004843],
              [14.196340538841454, 9.979146992152558],
              [14.173532349374698, 9.97502544548281],
              [14.119788859587439, 9.852009633634344],
              [14.006720824474321, 9.739277399742564],
              [13.947602987816101, 9.637759166908189],
              [14.036486450291536, 9.568771083071438],
              [14.321326945910483, 9.243157940722766],
              [14.349542277728776, 9.168356287623212],
              [14.793856241733394, 8.813623328405308],
              [14.846049439456451, 8.810987987883244],
              [14.899379515149867, 8.774323346796605],
              [14.940100543773255, 8.729649035910276],
              [14.955086710778406, 8.676215791100393],
              [15.051928343963606, 8.643788662262175],
              [15.183703248172653, 8.479147753348867],
              [15.210706216303803, 8.42182247645283],
              [15.345347128043793, 8.135990396045939],
              [15.4407418208105, 7.839419232333181],
              [15.487870726208653, 7.804950993014888],
              [15.562904907642105, 7.792445437041769],
              [15.548952271294352, 7.630801522444276],
              [15.481049439864368, 7.523262925910446],
              [15.419451130633856, 7.436549747236009],
              [15.432783651278461, 7.389730965821808],
              [15.403224730306491, 7.386371896008578],
              [15.338215778696151, 7.32218980809831],
              [15.246563660421362, 7.266731356765277],
              [15.186597127181262, 7.166333739547594],
              [15.187527302599921, 7.088612321460872],
              [15.13616092963491, 7.045307475944991],
              [15.034565063391085, 6.776770979482712],
              [14.946095011444347, 6.725740510120209],
              [14.92187418021936, 6.686413911387386],
              [14.782177367730117, 6.393615995421843],
              [14.782384074128604, 6.336771967610479],
              [14.734841756175928, 6.270445272583322],
              [14.576401813765534, 6.189778311652669],
              [14.53495731622381, 6.190088427070346],
              [14.432709244883759, 6.079122611175801],
              [14.418168578763877, 6.047125519652209],
              [14.397704712149119, 6.053946857157795],
              [14.387266071970622, 6.039038184205083],
              [14.44690067507201, 5.970024322301246],
              [14.465710896931842, 5.920673310139616],
              [14.530616495266292, 5.905919732457688],
              [14.584773395842948, 5.923412149775266],
              [14.617432901776484, 5.864966096096325],
              [14.631075480142279, 5.738048826623659],
              [14.590147746071791, 5.608289296543449],
              [14.617432901927939, 5.495298757296223],
              [14.592834920109759, 5.400033278919611],
              [14.51986779696821, 5.290582575587671],
              [14.539711548025965, 5.261798811584936],
              [14.624460896981102, 5.224049171369821],
              [14.651539347963725, 5.187513930961343],
              [14.660132449754872, 5.011439624043674],
              [14.701458781622467, 4.814384346452695],
              [14.690710084012203, 4.762139530433791],
              [14.717271768641467, 4.622018685323197],
              [14.779696898690149, 4.545046646230844],
              [14.938343546305404, 4.435931950244746],
              [14.993947387126152, 4.413297498576663],
              [15.048517700943588, 4.321649616008531],
              [15.072805623695563, 4.265942386590512],
              [15.091202432053063, 4.12179072864311],
              [15.132853638216677, 4.10853590121016],
              [15.148459919749653, 4.073938458420509],
              [15.177708781698021, 4.071458135335551],
              [15.192074829225643, 4.052234429754907],
              [15.091719198436387, 4.015854255088152],
              [15.025986775438385, 4.026086188579454],
              [15.084897907343299, 3.885836178219221],
              [15.171300904863241, 3.758970781985105],
              [15.262305930293008, 3.662589386070319],
              [15.785630329879487, 3.107976764464345],
              [15.913994587813644, 3.097951525902481],
              [15.950064738218295, 3.061002948996599],
              [15.97776330570057, 2.98095606149346],
              [16.026235799339904, 2.978992472694005],
              [16.055381306824106, 2.939769966778903],
              [16.0951721601343, 2.836778894184301],
              [16.059928832998185, 2.786187642646136],
              [16.059308715352493, 2.711825130825462],
              [16.110468383409852, 2.701438179020947],
              [16.090314575564864, 2.661905934463041],
              [16.111501912325373, 2.586199915592188],
              [16.09031457510315, 2.51049389732759],
              [16.120907022710853, 2.389570962865382],
              [16.186536092334261, 2.277691623367697],
              [16.179714802696363, 2.246995679616966],
              [16.196664672788135, 2.236453708144965],
              [16.207723428957237, 2.223069550278061],
              [16.159250936014839, 2.182090152399615],
              [16.140647421043624, 2.199815174998644],
              [16.104370564687034, 2.193562244752548],
              [16.085767048963323, 2.149172253361352],
              [16.092484985710886, 2.106900870918586],
              [16.076671996859147, 2.085920275015821],
              [16.064889770866394, 1.978950060262391],
              [16.101373331939293, 1.932803024405226],
              [16.159044229816399, 1.734804738378702],
              [16.145091592846075, 1.714315040226134],
              [16.114809203915236, 1.719069291906211],
              [16.069850708094407, 1.654551317794816],
              [16.021998331199764, 1.722790075923607],
              [16.013833455172019, 1.771314236896203],
              [15.94376021314647, 1.78162367773982],
              [15.925880167104522, 1.804748868764007],
              [15.889913370836494, 1.793276626561427],
              [15.87565067584454, 1.823765725404979],
              [15.802890258276847, 1.859965183858882],
              [15.76464969920208, 1.908721875553445],
              [15.706772095126375, 1.931976250260886],
              [15.482909790000051, 1.975849506996634],
              [15.43919152820237, 1.969829257312062],
              [15.337388956194726, 1.921460115763969],
              [15.301628865813521, 1.943577525831902],
              [15.295427693866717, 1.981533879686671],
              [15.212642048975475, 2.039618218599548],
              [15.183599893997146, 2.029334614240854],
              [15.151663859239923, 2.040987713501442],
              [15.138538045996807, 2.011506245133374],
              [15.117764118905278, 2.017009760994652],
              [15.074872680785603, 1.979363447336108],
              [14.98071822072224, 2.033106921517949],
              [14.953846476128589, 2.005821872429443],
              [14.892454874002482, 2.006390279657053],
              [14.907337687219657, 2.058893592729506],
              [14.857004841992675, 2.115944314109497],
              [14.841191853829397, 2.075920874232512],
              [14.764814086890517, 2.065456412996433],
              [14.761403443235794, 2.099588786549825],
              [14.727296997235216, 2.099588786549825],
              [14.747864217036689, 2.113205474501751],
              [14.72088911924118, 2.127597413455884],
              [14.720475708235037, 2.099588786549825],
              [14.672003214867416, 2.134341090608586],
              [14.636346476118394, 2.138320241672395],
              [14.644821410985042, 2.15418487212987],
              [14.562139119722893, 2.208806794665156],
              [14.547049601074518, 2.166535562213235],
              [14.432948037794706, 2.132118984845242],
              [14.383648721926182, 2.162091350674404],
              [14.320293415714472, 2.170669583230154],
              [14.266963337810495, 2.15242782682739],
              [13.662266289887883, 2.157761151053633],
              [13.294567912148374, 2.16105788297415],
              [13.284646037225624, 2.242241577946892],
              [13.242891478961379, 2.271490366462602],
              [13.212299031917293, 2.2640489483092],
              [13.163826538189243, 2.283169302664848],
              [13.133337442900247, 2.284512810690113],
              [13.093029826005305, 2.253455303435211],
              [13.040939981809069, 2.244205166591816],
              [12.924771361919092, 2.2640489483092],
              [12.867823934175066, 2.244980417586136],
              [12.808189330919765, 2.2640489483092],
              [12.749898314780653, 2.236712075071772],
              [12.478390340187001, 2.295881706592688],
              [12.384855997139129, 2.285908142314474],
              [12.321604045113974, 2.31407178984875],
              [12.20264489687891, 2.279551865247927],
              [11.768149454767453, 2.280171945874743],
              [11.65725183095527, 2.322495002366744],
              [11.351637409764615, 2.300584134900787],
              [11.355978231191509, 2.265185913003413],
              [11.322078491197294, 2.165760461437729],
              [10.409685689877698, 2.165654410827751],
              [10.189982611163019, 2.165616557068949],
              [9.990996948197669, 2.165605441282633],
              [9.872141153831551, 2.211235593984603],
              [9.810852904806138, 2.264875722477103],
              [9.799571159089393, 2.341742287092357],
              [9.819183790080199, 2.376939223382758],
              [9.822927280034964, 2.562933672632856],
              [9.874278191126244, 2.75454340048922],
              [9.87777753994175, 2.881415088379187],
              [9.903330924860986, 2.968329128019235],
              [9.955739780412209, 3.050482607316305],
              [9.919688347260015, 3.228094865799231],
              [9.902110222476328, 3.25169518508166],
              [9.929453971601809, 3.269015084397451],
              [9.887950066019858, 3.285223705409746],
              [9.780935091537192, 3.436753524078549],
              [9.642100456797291, 3.53904851605479],
              [9.688649936032645, 3.556097731601362],
              [9.770762566318123, 3.618719876201684],
              [9.819590691049678, 3.627875079731826],
              [9.787608268914187, 3.637111698912713],
              [9.706879102480469, 3.600531442422028],
              [9.626231316170959, 3.600002390989273],
              [9.625987175546456, 3.626451057130339],
              [9.642100457446121, 3.634670431470793],
              [9.545909050539336, 3.819647665502995],
              [9.594248894484085, 3.758205595141646],
              [9.624278191349743, 3.750189609533732],
              [9.66260826848465, 3.750718360551715],
              [9.61101321740213, 3.770575364721799],
              [9.589203320943811, 3.809637747694397],
              [9.621104363506539, 3.874823435912946],
              [9.659027539899489, 3.841009807747482],
              [9.679698113337794, 3.836086414678631],
              [9.689789258736413, 3.86058170723945],
              [9.744476759550524, 3.819647665502995],
              [9.738291862735112, 3.86058170723945],
              [9.751963737734739, 3.86058170723945],
              [9.682871941081606, 3.890448329243464],
              [9.676280143947638, 3.909002984007274],
              [9.715017122795953, 3.931341813831665],
              [9.764414909491064, 3.936346622617138],
              [9.764414909621273, 3.957464818757776],
              [9.664805534909107, 3.940375044554423],
              [9.618907097463801, 3.960354022568605],
              [9.63990319045913, 4.008774999687183],
              [9.754567905004411, 4.135687568034981],
              [9.703461134619316, 4.093939668451249],
              [9.696625196271967, 4.114447398019703],
              [9.628428581524123, 4.031927685880178],
              [9.579356315624288, 4.013006810566266],
              [9.559336784604783, 4.016790985624339],
              [9.55958092488507, 4.03937406277045],
              [9.545909050110598, 4.025702243221168],
              [9.50855553545478, 4.054185400934843],
              [9.502792975167042, 4.102320672980694],
              [9.478526238360752, 4.111395663273259],
              [9.452888335135526, 4.076975772664746],
              [9.484385612550538, 4.059881792152306],
              [9.532481316055133, 3.989447346657943],
              [9.518565300007442, 3.970445055833042],
              [9.497080924400267, 3.977687743328391],
              [9.45036868553289, 4.031927685880178],
              [9.429209831794886, 4.026556656835414]
            ]
          ],
          [
            [
              [37.283539261315731, 20.832749777964402],
              [37.27182050750617, 20.766099327755132],
              [37.254405144469146, 20.7498233163046],
              [37.243418817989891, 20.804022558957911],
              [37.2653100927647, 20.855047930875294],
              [37.283539261315731, 20.832749777964402]
            ]
          ],
          [
            [
              [33.955088735881048, 26.79002510754027],
              [33.975596547879697, 26.79002510754027],
              [34.003591337641588, 26.708197282450413],
              [33.955088735881048, 26.79002510754027]
            ]
          ],
          [
            [
              [55.841491484099521, -4.382818604221276],
              [55.825501954116334, -4.372034786171024],
              [55.831823398734564, -4.337452963997439],
              [55.857109155502826, -4.364969650394926],
              [55.841491484099521, -4.382818604221276]
            ]
          ],
          [
            [
              [55.866777245046769, -4.32332269254105],
              [55.86863649068188, -4.317373041322248],
              [55.873470531649893, -4.31848852581861],
              [55.883138619379778, -4.328900415457676],
              [55.884626013452191, -4.336709107379512],
              [55.878676422994722, -4.338196520188717],
              [55.873470531477537, -4.332618797262906],
              [55.866777245046769, -4.32332269254105]
            ]
          ],
          [
            [
              [55.777161530039336, -4.31848852581861],
              [55.787038062239574, -4.330592418877188],
              [55.770924781696806, -4.331324859278051],
              [55.767995098079012, -4.350286593659333],
              [55.746754858260275, -4.358098890731776],
              [55.692008015064033, -4.326297518152798],
              [55.682819593444357, -4.294389193832747],
              [55.704437154877567, -4.290227983035703],
              [55.7544787137806, -4.321091423119895],
              [55.777161530039336, -4.31848852581861]
            ]
          ],
          [
            [
              [55.712087439218131, -4.28036887867077],
              [55.742951387523497, -4.278328981100362],
              [55.732911452828006, -4.29245925244473],
              [55.712087439218131, -4.28036887867077]
            ]
          ],
          [
            [
              [55.659678584227585, -3.791111032905561],
              [55.665863478935563, -3.811781592750921],
              [55.658539260121437, -3.811700177110449],
              [55.651866081655946, -3.801202065898917],
              [55.659678584227585, -3.791111032905561]
            ]
          ],
          [
            [
              [39.73861738390211, -5.431084889122325],
              [39.705414258670025, -5.442966387569898],
              [39.6982527999022, -5.431084889122325],
              [39.648936394280419, -5.427504178998863],
              [39.650563997794464, -5.338474206637074],
              [39.698252799990989, -5.342380466544451],
              [39.663584832119838, -5.287204691067816],
              [39.726328971954061, -5.28036874567271],
              [39.690765820868215, -5.259860928305579],
              [39.76417076902932, -5.2623837234809],
              [39.780935092133575, -5.23935312977877],
              [39.736338738159198, -5.240004173087144],
              [39.690765820861181, -5.211358323911839],
              [39.668711784983117, -5.213962497134196],
              [39.649912957127881, -5.190850525542605],
              [39.746104363111435, -5.205173440678125],
              [39.742523634044375, -5.161797786270189],
              [39.718272331953173, -5.170505464597396],
              [39.720469596939473, -5.136325775887596],
              [39.690765821084668, -5.137465106351975],
              [39.700694206987947, -5.079196872372058],
              [39.725433790057195, -5.080498958953043],
              [39.718272331973637, -5.06178150662974],
              [39.677256707031646, -5.04436614563978],
              [39.698252800006621, -5.013360284342683],
              [39.683929884007348, -5.020196222379363],
              [39.68116295809844, -4.987237295393787],
              [39.712087437923351, -4.992852572363619],
              [39.7159936865094, -4.976820597621773],
              [39.677256707398662, -4.945082310922849],
              [39.684092642082845, -4.890313307781913],
              [39.712087437410894, -4.931410489101886],
              [39.735199413210431, -4.910332846846081],
              [39.805918815781652, -4.960870038589505],
              [39.821543814566475, -4.993828959403597],
              [39.823741079992622, -4.957207836148202],
              [39.835622592400235, -4.945082310922849],
              [39.84164472588288, -4.965590043725213],
              [39.849864128831896, -4.949151291213681],
              [39.855967642235015, -4.897230634287419],
              [39.869476761479063, -4.906019920044787],
              [39.878184440421414, -4.987725488913194],
              [39.835622591991417, -5.026462497552082],
              [39.828135612910351, -5.102146087384135],
              [39.838633660085023, -5.137465106351975],
              [39.848480665069715, -5.108982032578593],
              [39.861175976976774, -5.114515881803762],
              [39.855902375246622, -5.182319066185715],
              [39.855967644073509, -5.253025001715036],
              [39.796071810886005, -5.406833586313372],
              [39.780935092293504, -5.383233345673935],
              [39.764008009014226, -5.432305597704453],
              [39.729014518768331, -5.454196861483171],
              [39.73861738390211, -5.431084889122325]
            ]
          ],
          [
            [
              [41.123383008986437, -2.093682548718935],
              [41.104828320893333, -2.134047123125369],
              [41.081797721395219, -2.121514524736986],
              [40.995616082368251, -2.143812792020015],
              [40.986175977579535, -2.165948228098457],
              [41.0099389978215, -2.187188392780218],
              [40.993662956816493, -2.197198158380457],
              [40.979502800417144, -2.169366182177565],
              [40.957286003494325, -2.174004769766585],
              [40.969248893471956, -2.119805547704476],
              [40.982920768367414, -2.097344599433993],
              [41.045176628486011, -2.06975672013051],
              [41.05396569132489, -2.049574508127359],
              [41.09278404957039, -2.038018446667622],
              [41.143321159947426, -2.059502857984621],
              [41.162771029959863, -2.090915619224171],
              [41.155284050443754, -2.112074518356119],
              [41.136892123283751, -2.115492472419104],
              [41.123383008986437, -2.093682548718935]
            ]
          ],
          [
            [
              [42.379459271218231, 12.465906928565664],
              [42.25016484031498, 12.623985180298765],
              [42.184949179214328, 12.733048223017535],
              [42.13730351160951, 12.773330054121931],
              [41.946617477388109, 12.876166170247931],
              [41.784766881815038, 13.164572138424225],
              [41.711799758745578, 13.247926221660562],
              [41.530725540923633, 13.393782977749517],
              [41.192038215022961, 13.61586267059641],
              [41.043623495909017, 13.872487708955198],
              [40.833197068645525, 14.105961941115536],
              [40.772322218031547, 14.148362189934623],
              [40.585873656338535, 14.194690234175013],
              [40.479833614278007, 14.244402901977287],
              [40.421645960228503, 14.273755289042642],
              [40.353687414734132, 14.335240828970663],
              [40.277055302056198, 14.404574153729905],
              [40.19437300557663, 14.444649122764179],
              [40.104559367129269, 14.465965680473433],
              [39.999839477875732, 14.455238303062986],
              [39.892272586460308, 14.426562465815985],
              [39.796877883982901, 14.495111089492767],
              [39.722984994209448, 14.501716897828727],
              [39.677712033531257, 14.494232638365748],
              [39.599473911704706, 14.511647541788419],
              [39.552138312967088, 14.556683789085866],
              [39.515034633539585, 14.567820051849363],
              [39.489403121883534, 14.524489332411706],
              [39.448578732744167, 14.505110531263446],
              [39.366619912573839, 14.482915520234544],
              [39.268538049104585, 14.486429625076642],
              [39.23319136114872, 14.440437424869],
              [39.208179968868393, 14.440179056927743],
              [39.127461387517847, 14.602210640780751],
              [39.085500129509576, 14.633474979236585],
              [39.00974247612524, 14.651225767808111],
              [38.979666780964841, 14.56712215774211],
              [38.866081989127601, 14.493664228814064],
              [38.742885374580311, 14.461056388860738],
              [38.668471308243284, 14.467722582597222],
              [38.569355918641271, 14.426820833748002],
              [38.435203899555368, 14.416304658200525],
              [38.394276168678594, 14.464312125540879],
              [38.325029743162894, 14.504593795292283],
              [38.245840722838182, 14.652474346622702],
              [38.213925414838556, 14.685874732820626],
              [38.115223427018911, 14.681017111876187],
              [38.00670292139386, 14.72439952376847],
              [37.891464479916316, 14.879532203389205],
              [37.553707309126459, 14.105496578783086],
              [37.525285280517792, 14.128828687116064],
              [37.516500278979379, 14.180556615555847],
              [37.475365845747071, 14.199573685678539],
              [37.452628211677201, 14.26057762860788],
              [37.39774784550724, 14.301738028235199],
              [37.390203080853333, 14.358168574763337],
              [37.293774855692092, 14.457438937074375],
              [37.184220825153126, 14.449558414163882],
              [37.121072228966028, 14.420826397342424],
              [37.097817828959691, 14.379510964449912],
              [37.090996539160002, 14.314217796391082],
              [37.060197383689633, 14.276829866240501],
              [36.995395143723975, 14.264091731433624],
              [36.946922643559418, 14.304735095294188],
              [36.748071731088487, 14.332071917004054],
              [36.565653927178609, 14.292927083828989],
              [36.54570683212539, 14.263161607266436],
              [36.526379845186881, 14.263523322220092],
              [36.432122027296693, 13.969923544381333],
              [36.458166949588538, 13.820139434456575],
              [36.439941590352618, 13.776176393958723],
              [36.398428997046331, 13.676039757738506],
              [36.382099242668069, 13.571033216387711],
              [36.233581175258308, 13.361640279103398],
              [36.136946250186348, 13.032435636821573],
              [36.149865358160547, 12.980242463737339],
              [36.114415325654242, 12.933888692600028],
              [36.143250770148931, 12.832551097386386],
              [36.115035442872724, 12.701809842009732],
              [36.029976035067143, 12.717157746935129],
              [35.701370320585717, 12.665421245558392],
              [35.684053996685364, 12.65607616949031],
              [35.662453249613627, 12.593651088150207],
              [35.616874631000918, 12.575150807475277],
              [35.428772421295697, 12.266952650605804],
              [35.41254602021634, 12.198636378818014],
              [35.353738238355227, 12.146029720439055],
              [35.317358030962836, 12.023711621523569],
              [35.248378775419781, 11.957857809986304],
              [35.245734495799013, 11.929867214648352],
              [35.215555460385282, 11.896587609856663],
              [35.14855575304604, 11.871229052906513],
              [35.088018025557439, 11.838193245537841],
              [35.048227174537459, 11.771375673624313],
              [35.046263466735518, 11.64864406766554],
              [35.074375447915116, 11.58735585254421],
              [35.073135214845166, 11.548960290512515],
              [34.947148069094183, 11.274868412934589],
              [34.953969360635334, 11.22611174502677],
              [34.98414839779069, 11.186398440864414],
              [34.913558390529047, 10.952975988391719],
              [34.952832477954416, 10.91843024551337],
              [34.950662067970896, 10.869182605858377],
              [34.861571899456422, 10.787585565412078],
              [34.838524212095479, 10.729139540830902],
              [34.798526652107839, 10.729656274430164],
              [34.764833618370538, 10.680253612863972],
              [34.750674275390374, 10.743944784596362],
              [34.587066689994252, 10.87928534829171],
              [34.557817829454791, 10.877786745790424],
              [34.42004846095999, 10.780815904707318],
              [34.279488565872953, 10.565506078820716],
              [34.276181275358461, 10.488714916882488],
              [34.325894002042524, 10.223563132447049],
              [34.301812784773752, 10.16028533223268],
              [34.303466429961738, 10.113544004676212],
              [34.221921020981632, 10.02602996735644],
              [34.098207640455044, 9.679720301796621],
              [34.066891720953507, 9.531176340254971],
              [34.070697859283065, 9.454591972295784],
              [33.900855345670607, 9.455289562146692],
              [33.881425008247348, 9.499214589234002],
              [33.883905475677963, 9.619853161284757],
              [33.904886104616331, 9.71070025562458],
              [33.973254024608352, 9.854851665513937],
              [33.956097450108857, 9.933994139278788],
              [33.966794475056481, 10.047268983978507],
              [33.916978392844257, 10.174522191598831],
              [33.468995402040264, 10.54390533635476],
              [33.3813004969643, 10.645785453279512],
              [33.140023233161315, 10.739035514991535],
              [33.182087850264033, 10.843241077706789],
              [33.083230836543493, 11.599163967215214],
              [33.132426798555009, 11.68621285752446],
              [33.144984171383356, 11.934673138797761],
              [33.203016803705346, 12.128098005586084],
              [33.209217978895289, 12.210366988158855],
              [32.731779419815396, 12.216154707691441],
              [32.725733276452758, 12.1323355232664],
              [32.746662231371374, 12.002731029016863],
              [32.082206665992132, 11.9998113330654],
              [32.348340292069309, 11.703162773099926],
              [32.35981246124512, 11.573480803399294],
              [32.348753701478081, 11.307579601936608],
              [32.364153279649663, 11.24001270463129],
              [32.435363403403223, 11.107023431234134],
              [32.430712523685592, 11.082192880647805],
              [32.414072712287513, 11.050851111456183],
              [31.942887003378267, 10.655552244268568],
              [31.864183796523367, 10.472126752969713],
              [31.801965373061652, 10.3762411522266],
              [31.664816121252191, 10.21423554431675],
              [31.234816529366135, 9.792323357585659],
              [31.164381550066548, 9.764004581183206],
              [30.949909849254496, 9.752445982595711],
              [30.836959674654686, 9.74935429629501],
              [30.765284463929557, 9.724291238048549],
              [30.484578083912449, 9.972028093544399],
              [30.012978963003587, 10.270485332135955],
              [29.700956664883847, 10.115016780373139],
              [29.615432170053019, 10.058146873127864],
              [29.613881874003486, 9.914460428664992],
              [29.567321414268694, 9.841364331503661],
              [29.483088829475406, 9.761679282208584],
              [29.252353559522916, 9.711165615864195],
              [29.132257528573611, 9.667731492084823],
              [29.009474325200689, 9.603239288769815],
              [28.913832847744004, 9.52903099621625],
              [28.828744622693648, 9.427473992748256],
              [28.843840925926557, 9.324544935050296],
              [28.045109530457665, 9.331406672172504],
              [27.997075858916528, 9.384930023177558],
              [27.895072060271058, 9.595410180405747],
              [27.76960168611452, 9.58331802330825],
              [27.641495811847086, 9.601947455850228],
              [27.339240358645249, 9.612799453189044],
              [27.08039310991764, 9.606830884706069],
              [26.694318485139323, 9.476942186146124],
              [26.625743854430919, 9.480662665288028],
              [26.556859170581411, 9.520453525569788],
              [26.179466183529172, 9.958979683442289],
              [26.10231334241454, 9.988163382413582],
              [26.010794312036115, 10.122690736638623],
              [25.902790568027825, 10.185529277255805],
              [25.893643840327446, 10.351333124581451],
              [25.839331908887193, 10.42055369266847],
              [25.327425171219659, 10.316580719034208],
              [25.232753947173073, 10.322316800931041],
              [25.076949504124666, 10.286866766766455],
              [25.017056518106703, 10.168010971014066],
              [25.02899377506046, 10.092046612859182],
              [24.976283812590314, 9.967351359278521],
              [24.913858685330183, 9.890715343364647],
              [24.796398151042176, 9.818859103804728],
              [24.792522418728236, 9.520401852249909],
              [24.680177858375753, 9.373356700503178],
              [24.659869020802297, 9.176986334948978],
              [24.559306680082642, 8.999865164068034],
              [24.558376507002343, 8.886745614345871],
              [24.493832642117166, 8.858349310490304],
              [24.38009281310481, 8.844215750063741],
              [24.240566447503042, 8.761533593086396],
              [24.182998901762922, 8.717918585479287],
              [24.170328030513136, 8.689327302132689],
              [24.114010864853672, 8.681641793007994],
              [23.803435506598099, 8.722130263626505],
              [23.721269979609009, 8.702002293460744],
              [23.596419717584656, 8.734144917432211],
              [23.540505815753111, 8.704792654184912],
              [23.50526249394002, 8.710735689898955],
              [23.482318155667635, 8.783392619619367],
              [23.55363163244709, 8.883154016693345],
              [23.567480916078303, 8.974827929575447],
              [23.560142860416029, 8.99645442334263],
              [23.542572877834459, 8.997281497175495],
              [23.50546919469177, 8.961081920171207],
              [23.478080688981404, 8.958911639930461],
              [23.438289835436478, 8.994542509838544],
              [23.462821144043502, 9.153724923422663],
              [23.489449500584445, 9.176701831196443],
              [23.549497517163541, 9.185254368477795],
              [23.632179811186752, 9.277574480949498],
              [23.621844521837051, 9.340619545615466],
              [23.646339151408139, 9.425033029073393],
              [23.619984172949099, 9.447719119986619],
              [23.606134890382513, 9.53717104615369],
              [23.669076784153123, 9.652021903172137],
              [23.67403771817705, 9.690339768595804],
              [23.644788858671969, 9.863068322127885],
              [23.291218709794279, 10.439725637908875],
              [23.109421021273718, 10.614495355277864],
              [23.005551391717404, 10.686816505188661],
              [22.863234496449273, 10.891816888767234],
              [22.861064087013428, 10.919153747634622],
              [22.956458780291452, 11.208800118478743],
              [22.914807574790668, 11.396101324461402],
              [22.900441528427535, 11.408245315193797],
              [22.771870564436767, 11.40318102545484],
              [22.768769979140369, 11.442325999507077],
              [22.743035114789869, 11.466097097517144],
              [22.628106728776416, 11.509841151767723],
              [22.592346639852636, 11.543663470407038],
              [22.541703734818135, 11.632986136859225],
              [22.537052856054416, 11.680890200418423],
              [22.612397096666257, 12.072804334637784],
              [22.45809126858326, 12.030429611159549],
              [22.484032838235311, 12.1647366865182],
              [22.407965128672622, 12.399761076031801],
              [22.372825156491473, 12.463116414868301],
              [22.445688922730721, 12.611065927269079],
              [22.432459759506568, 12.623830160076574],
              [22.330140422086409, 12.661450504517864],
              [22.204876750593655, 12.743357670138366],
              [22.144105265737753, 12.6712690532931],
              [22.105864707214131, 12.650391794044184],
              [22.019668414997255, 12.631426451425561],
              [21.935952598028695, 12.639539777355887],
              [21.880142049928107, 12.676281674547655],
              [21.809448692164857, 12.793664745804669],
              [21.852960242948232, 12.905724871872104],
              [21.964064577921345, 13.098349014040881],
              [22.016051068469924, 13.140232743483399],
              [22.139971151620074, 13.193511072210741],
              [22.267611939340245, 13.334561882028648],
              [22.27598352146163, 13.376316444602878],
              [22.215625449137221, 13.464993227122102],
              [22.195885051475059, 13.58046422837293],
              [22.132116334249982, 13.638651881801511],
              [22.112892699309221, 13.72983487432913],
              [22.073721964679642, 13.771356938195686],
              [22.180762491685073, 13.920554898145863],
              [22.2435307190791, 13.97542707565025],
              [22.402280720834106, 14.0492985980909],
              [22.45871138720759, 14.096117530050224],
              [22.546354615337926, 14.139706569930512],
              [22.531885214328327, 14.220631862274336],
              [22.457677859111772, 14.241147467560969],
              [22.429049113203263, 14.264608467082992],
              [22.418093713414432, 14.305949724622971],
              [22.45095992053124, 14.345792152361645],
              [22.424914999654842, 14.470435746614671],
              [22.363523394612987, 14.543531955728819],
              [22.382333621234416, 14.579111335774172],
              [22.465429323168607, 14.629289115995345],
              [22.67657922787842, 14.688975450634386],
              [22.650844365526716, 14.816151170592851],
              [22.658905883807542, 14.857414679399241],
              [22.715336543975134, 14.899427461235886],
              [22.738901003006376, 14.979810347646531],
              [22.82902469906157, 15.071639303958216],
              [22.913257283133749, 15.121687932221629],
              [22.965657185729945, 15.223903901563364],
              [22.976405884283825, 15.373636381747964],
              [22.90684940602597, 15.481407572793113],
              [22.906746053599665, 15.541403929299346],
              [23.004517862873605, 15.611425472178123],
              [23.068493285444024, 15.686692182331578],
              [23.119249040633967, 15.707223534066534],
              [23.166781861173586, 15.71294386195628],
              [23.320570923784416, 15.681317874264382],
              [23.395811807166492, 15.688345821366761],
              [23.592699015217722, 15.749013954175803],
              [23.829067015798035, 15.731030544233697],
              [23.945545695282693, 15.692221587156142],
              [23.972624145647828, 15.691084686843384],
              [23.984406371152708, 15.721939922962212],
              [23.981305783008906, 19.496123685451323],
              [20.893328897573785, 21.020940235242072],
              [19.18583703183042, 21.864177116497348],
              [18.917118776348229, 21.996849739998893],
              [15.98510136232661, 23.444720057400705],
              [14.979909024367766, 22.995663667471629],
              [14.216217083189912, 22.616295109071483],
              [13.599562216766211, 23.119029303852216],
              [13.482256710095591, 23.179671417884133],
              [11.968860720039094, 23.517351305173513],
              [11.710140442526944, 24.000137259210359],
              [11.567128134595524, 24.266840378366151],
              [11.541393267742285, 24.297510181100851],
              [11.467240357722703, 24.326338636062427],
              [10.699067421734101, 24.556124924378299],
              [10.410506227184992, 24.473287758327956],
              [10.260334511872395, 24.576640472419026],
              [10.193361854802255, 24.749937340262079],
              [10.044533733113806, 24.829622548948425],
              [10.03202803408441, 24.85633917115857],
              [10.00794681819686, 25.331426501656086],
              [9.401162149529693, 26.113394246333577],
              [9.377804403591151, 26.168946457917102],
              [9.434751831062764, 26.271989240707228],
              [9.477643268369597, 26.315552442957809],
              [9.48260420821123, 26.352552846769456],
              [9.835760944189524, 26.504223091988038],
              [9.896325725102841, 26.652792871113505],
              [9.882579791594356, 26.701782068877961],
              [9.906661008776439, 26.857483167834783],
              [9.825529010367877, 26.920580074526789],
              [9.721349324800606, 27.291875337092822],
              [9.756282591126521, 27.423030057511429],
              [9.821601603573168, 27.505686565690645],
              [9.79390303272198, 27.569739358132484],
              [9.863356162608845, 27.619245601532814],
              [9.931273723487806, 27.818641959960402],
              [9.935909870584043, 27.866723923826775],
              [9.776953165264349, 28.267577996481975],
              [9.827275802661532, 28.618646618819337],
              [9.851263871062349, 28.785995855999875],
              [9.826149131296436, 29.128533301736386],
              [9.667709189229658, 29.608323100019426],
              [9.549680218953036, 29.802316484512751],
              [9.369485304389034, 30.022793077061053],
              [9.286543823074439, 30.117129214501741],
              [9.51970788518579, 30.228905341051632],
              [9.743466838413944, 30.331328037096171],
              [9.871314331575061, 30.355150876935745],
              [10.101171101168573, 30.641696681048813],
              [10.192224975401082, 30.731251915297968],
              [10.253926635848517, 30.84178781657516],
              [10.270153034729161, 30.915633406119412],
              [10.245038290162137, 30.985706719669636],
              [10.244831584906139, 31.078155849118328],
              [10.106235394475039, 31.429193898943254],
              [10.116880737680001, 31.494409504400984],
              [10.263951860482562, 31.680496247888886],
              [10.315421590565757, 31.715843012645408],
              [10.427766153699601, 31.714602754778237],
              [10.482543170014679, 31.733102871007368],
              [10.584552450698565, 31.840279891490418],
              [10.605946492214867, 31.953606268707833],
              [10.628477417107041, 31.974121808833317],
              [10.703098185039083, 31.962184551026976],
              [10.80562422717183, 32.03236114946062],
              [10.873216997165525, 32.136695789205184],
              [11.182341251082299, 32.262223296594428],
              [11.444034868924335, 32.368490448930949],
              [11.52608543594536, 32.417862677800883],
              [11.564130902330081, 32.465487218355015],
              [11.560616902661829, 32.507577607978192],
              [11.449925986834357, 32.637957298649027],
              [11.456540564045092, 32.902101269593636],
              [11.505111803530312, 33.181225327241933],
              [11.574961788209229, 33.157945127731757],
              [11.587657099157422, 33.132310338569347],
              [11.635752796286708, 33.108709942938312],
              [11.793467646017882, 33.080755972661429],
              [11.691091336245393, 33.135972266966348],
              [11.847015815661004, 33.082831001737972],
              [12.08073977682905, 32.957831051551054],
              [12.122406439721797, 32.921331958761073],
              [12.303884311388826, 32.843085036526269],
              [12.573216189171154, 32.812567476078051],
              [12.824392116552595, 32.804347913094489],
              [13.103203942139629, 32.877418606322038],
              [13.164724158329006, 32.912746554011264],
              [13.257090693144781, 32.918646595499268],
              [13.351735874250714, 32.904242280203299],
              [13.571462432378981, 32.802801752868319],
              [13.78711998947445, 32.799628025914522],
              [13.954435635333674, 32.758235837976969],
              [14.185313348370419, 32.714504325225022],
              [14.449392125363479, 32.525376739807868],
              [14.631602406852641, 32.495672859986726],
              [14.706716342401165, 32.456284905496837],
              [14.75582518389313, 32.449675297360379],
              [14.911143427821809, 32.443915158045115],
              [15.114756704202891, 32.412787126025073],
              [15.195974153875273, 32.389797247589271],
              [15.269704626269165, 32.328843551213922],
              [15.370453318469037, 32.15908433107019],
              [15.355235221208876, 32.03851958354052],
              [15.370453318371499, 31.929388690742289],
              [15.514414911136019, 31.628363368986772],
              [15.622813347280818, 31.497259838186576],
              [15.761485220370856, 31.388128942989091],
              [16.044606964930136, 31.275539417314697],
              [16.137377985379153, 31.26123549964187],
              [16.35865319186486, 31.227118246483172],
              [16.728037956876125, 31.223822330829321],
              [16.941905143782176, 31.183294985223728],
              [17.160329622429238, 31.118801164199247],
              [17.365896028447544, 31.086615275611901],
              [17.466807489725539, 31.029974706250858],
              [17.848643424874805, 30.923651431909104],
              [17.926768426465813, 30.855170013450298],
              [18.175303581046766, 30.786078176252786],
              [18.324229361889405, 30.656887092666189],
              [18.568369988347968, 30.500067455719286],
              [18.653168165841208, 30.422308674829381],
              [18.780528189883285, 30.375921923712522],
              [18.968028190534309, 30.277736713403584],
              [19.146006707230029, 30.264715890718403],
              [19.338552279964503, 30.298814194432278],
              [19.530528191932326, 30.396795980661008],
              [19.616384310240601, 30.421372777126397],
              [19.748871289106877, 30.510931694202327],
              [19.914317255181658, 30.682928795919789],
              [19.982188345129227, 30.778631874878904],
              [20.036468947701174, 30.819077892441399],
              [20.146657746400017, 31.045558962504021],
              [20.141647984797064, 31.223858145388444],
              [20.103282092243056, 31.308742511002556],
              [20.02222741038721, 31.396795971610949],
              [19.954844601874761, 31.559475072276026],
              [19.917246939595419, 31.759222702923246],
              [19.948008656971265, 31.925970727146808],
              [19.940114779795234, 31.957749739105964],
              [20.071543815496799, 32.176418354012199],
              [20.325450061680666, 32.409816740455781],
              [20.385508662326774, 32.434637793404484],
              [20.576032857308419, 32.562712026373184],
              [20.79656010275502, 32.643011926871928],
              [21.050954620664825, 32.772284216967037],
              [21.357043501073985, 32.780336388955874],
              [21.454600459070594, 32.812567476078051],
              [21.623220238951532, 32.936753535577012],
              [21.716319197985833, 32.950384721553434],
              [21.836110884674824, 32.906561734840615],
              [21.98617939711858, 32.913094728286211],
              [22.096202025080597, 32.92308184697707],
              [22.116709834800286, 32.944159281003202],
              [22.149587447901009, 32.947943571274351],
              [22.206797724735445, 32.888129006167276],
              [22.339610228352893, 32.882147604593641],
              [22.513845238927466, 32.79096089599652],
              [22.578868044717279, 32.784613464446906],
              [22.812510611461793, 32.724514046702744],
              [22.929209840890245, 32.676703297445847],
              [22.976898642908711, 32.676703297445847],
              [23.106130410848692, 32.639838026960568],
              [23.120941598882759, 32.615220408224502],
              [23.09441164481483, 32.57737852748653],
              [23.103851753034817, 32.516343421239036],
              [23.148936392033487, 32.478094770674133],
              [23.128428587229624, 32.395493944333467],
              [23.108653190066157, 32.402329808862397],
              [23.09441165982723, 32.436468874507113],
              [23.080577015327858, 32.334051781005968],
              [23.195078972710434, 32.291652744485837],
              [23.251355869152615, 32.216726139691332],
              [23.285411002833992, 32.20376209706324],
              [23.312185089406697, 32.162746454977182],
              [23.299082873502464, 32.224188478399341],
              [23.361989782858039, 32.217108500023549],
              [23.405284051665777, 32.190659917818948],
              [23.669688342009536, 32.183254240262571],
              [23.840342642605627, 32.14911528567724],
              [23.998708535313558, 32.093898891958425],
              [23.970713735023384, 32.066595735201766],
              [24.090668165471676, 32.005764070502735],
              [24.546071817489516, 31.991441222367978],
              [24.670258011724577, 32.032416114000661],
              [24.733734572678479, 32.03314852404803],
              [24.791758666556433, 32.00775795432817],
              [24.981700067372739, 31.967922283474575],
              [25.017914254781441, 31.949042011464684],
              [25.0333764923563, 31.916327152339147],
              [25.029551627030454, 31.836900109688443],
              [25.116872594740293, 31.737982520092451],
              [25.150889517566171, 31.65648019368254],
              [25.161794472785008, 31.58356361005632],
              [25.190928585941496, 31.531480255078034],
              [25.302093948424105, 31.506537204638736],
              [25.401866084837518, 31.503159930230971],
              [25.824066595552626, 31.614935542386132],
              [25.966807489177103, 31.616603921000703],
              [26.362152537067654, 31.521918003935784],
              [26.75318443805736, 31.47748441021804],
              [26.865733266815287, 31.436835004451314],
              [26.965505402050216, 31.449652379344922],
              [27.054372591662972, 31.40863678238674],
              [27.226247589076856, 31.367661819793501],
              [27.246104364437137, 31.381293051318877],
              [27.320648632119465, 31.381008185007623],
              [27.342295772768242, 31.368231552055065],
              [27.393565300881335, 31.254706131408035],
              [27.446299675062843, 31.223211981670556],
              [27.587738479820747, 31.193101334002034],
              [27.609873896277076, 31.203192474186352],
              [27.660329624058555, 31.180243242237243],
              [27.852875197129176, 31.240301836864745],
              [27.897146030026747, 31.11440664328213],
              [27.926931186073212, 31.09902578377293],
              [28.154551629848903, 31.093329177895836],
              [28.203868031750321, 31.070501985958668],
              [28.318369987050659, 31.059800513089083],
              [28.424327016924924, 31.083441451446806],
              [28.47852624125807, 31.051825295833702],
              [28.527598502428944, 31.050116261710539],
              [28.812022332187432, 30.956773180933432],
              [28.835703969746039, 30.910793337697974],
              [29.028086786504652, 30.827053142524864],
              [29.218923372114407, 30.83803944592702],
              [29.598069535552639, 31.009505638041489],
              [29.765961135460902, 31.121568115458132],
              [29.78150475725414, 31.14793532114226],
              [29.838389519993509, 31.15412019379059],
              [29.884613475115248, 31.189520556489423],
              [29.863536000468336, 31.196356477303727],
              [29.876963735871342, 31.213568406116121],
              [29.898203974465797, 31.203192474186352],
              [30.049082879631406, 31.313055737124841],
              [30.042246942470165, 31.320502034259235],
              [30.069590686006016, 31.3334821156378],
              [30.06666101032334, 31.304877081335455],
              [30.098480666136613, 31.284654050025125],
              [30.172618041933212, 31.271429822137339],
              [30.140147334352207, 31.237250089844235],
              [30.165212434564065, 31.216782931049501],
              [30.2067977251122, 31.237941829157545],
              [30.201670770781174, 31.226507897273237],
              [30.220469598749617, 31.220200930962534],
              [30.254567906463727, 31.251613688150684],
              [30.261403843915073, 31.244126713517616],
              [30.268809433601724, 31.265285477561285],
              [30.288747595120597, 31.237941829157545],
              [30.302989135963156, 31.271429822137339],
              [30.287608267531002, 31.278224987833358],
              [30.240896022608496, 31.265285477561285],
              [30.254567904052013, 31.278265682848104],
              [30.179453971054429, 31.278265682848104],
              [30.251719600384227, 31.303412209627858],
              [30.312836129231812, 31.350571961237449],
              [30.348399280093378, 31.42133205114343],
              [30.343923367882073, 31.497992206319228],
              [30.364593942330085, 31.460109733045108],
              [30.39824883395573, 31.443581717167802],
              [30.370616082988214, 31.46161531140898],
              [30.362152541966775, 31.508734460684909],
              [30.456390821232109, 31.462713936203166],
              [30.535817904941361, 31.46385325644443],
              [30.973887571805783, 31.586737425844465],
              [30.628103056122818, 31.434312195882455],
              [30.557871947419912, 31.422186651883241],
              [30.542653834212139, 31.394964836997172],
              [30.626719600757067, 31.388657980614049],
              [30.675059439283178, 31.421576222779272],
              [30.734385609823139, 31.388128942989091],
              [30.756195510509301, 31.423000407220115],
              [30.798513218145075, 31.446478593760141],
              [30.892425973657119, 31.419094111634948],
              [30.939707885315972, 31.44334550409113],
              [30.939707880731337, 31.457017336185675],
              [30.98072349704508, 31.436509441991721],
              [31.029144723064739, 31.518500030434812],
              [31.080739779595323, 31.514227602245054],
              [31.111094592069037, 31.491156271237063],
              [31.129242389864952, 31.504462035359253],
              [31.111094601032292, 31.51227451837908],
              [31.130381713871806, 31.516994596646349],
              [31.070811391131578, 31.565375040449357],
              [30.97803795881229, 31.584295982807337],
              [31.097422721197379, 31.607896218593346],
              [31.220957880369276, 31.579901446602673],
              [31.349906900012297, 31.529664122139032],
              [31.523692250551616, 31.449652379344922],
              [31.571611641371742, 31.443752006825839],
              [31.748301634873684, 31.481594196443869],
              [31.874359570469306, 31.535589906203569],
              [31.912933795841479, 31.534898231726469],
              [31.944834830719881, 31.520941461447492],
              [32.024912953128521, 31.400051138923775],
              [32.093760615355194, 31.365668057331071],
              [32.199554891904263, 31.295070776630165],
              [32.070078963825104, 31.353989901854735],
              [32.09058678303019, 31.347154021138415],
              [32.082916696716445, 31.359007117074501],
              [31.994965031841833, 31.394964836997172],
              [31.968272324823367, 31.436509441991721],
              [31.993500190552762, 31.437811541699421],
              [31.917979356878011, 31.523993175716932],
              [31.865244985043244, 31.525335978257107],
              [31.844737169628932, 31.497992206319228],
              [31.865244982625512, 31.497992206319228],
              [31.878916868076132, 31.429144644127184],
              [31.841644719650397, 31.464504232260623],
              [31.824229369496543, 31.44334550409113],
              [31.858409056503469, 31.44334550409113],
              [31.85482832488324, 31.423163188325287],
              [31.878916867134631, 31.416083112598034],
              [31.830414258603486, 31.40863678238674],
              [31.844737166880112, 31.394964836997172],
              [31.827891477972866, 31.368353637541667],
              [31.85840904187901, 31.353989901854735],
              [31.792246943805832, 31.353583100670463],
              [31.79590905580006, 31.310980589182652],
              [31.766937697199623, 31.284654050025125],
              [31.794932495817456, 31.277696102812879],
              [31.828623887476763, 31.27411524212647],
              [31.834157749540157, 31.251613688150684],
              [31.88575279717886, 31.223618856081046],
              [31.906260614543665, 31.251613688150684],
              [31.892588736481869, 31.216782931049501],
              [31.906260611481219, 31.216782931049501],
              [31.899424677630783, 31.203192474186352],
              [31.926605665760661, 31.210638745983854],
              [31.926442903146555, 31.186997771959],
              [31.986582881025928, 31.230292077546739],
              [32.009287957762652, 31.210638745983854],
              [32.022797068166767, 31.223618856081046],
              [32.037119986474984, 31.216782931049501],
              [32.036875848028494, 31.150295324441828],
              [32.016123896951065, 31.128078545143783],
              [32.043955922924326, 31.141750373938237],
              [32.05233673203599, 31.12877388699129],
              [32.070078974573867, 31.106919687662263],
              [32.043955928809893, 31.086493266094671],
              [32.083750848864312, 31.084418053152998],
              [32.093760612182898, 31.058539122472556],
              [32.132090689922805, 31.059800513089083],
              [32.097992384967782, 31.093329177895836],
              [32.142578795905564, 31.080269204060798],
              [32.14184034295274, 31.087357694140337],
              [32.166270379030863, 31.11440664328213],
              [32.179942256582663, 31.106919687662263],
              [32.183848507811426, 31.124945414881097],
              [32.218516469184117, 31.105210653228028],
              [32.272227409994699, 31.118882553950847],
              [32.280528194783912, 31.154974711468359],
              [32.262461788726625, 31.169623147937838],
              [32.28736413137355, 31.170152106598017],
              [32.295095251360756, 31.213365006501764],
              [32.270518422353817, 31.257554405023036],
              [32.28296958910942, 31.265285477561285],
              [32.256460400983151, 31.276218768724998],
              [32.214121939990662, 31.278265682848104],
              [32.207041870906117, 31.295070776630165],
              [32.256602416987427, 31.288804492230941],
              [32.331390828429235, 31.271429822137339],
              [32.344248891389995, 31.241888715383972],
              [32.389903192910225, 31.226507897273237],
              [32.509532099609139, 31.106919687662263],
              [32.599678242746336, 31.061515628914968],
              [32.761973505792163, 31.081203534150852],
              [32.927256708368112, 31.155422280216825],
              [32.839610225617733, 31.101223081489959],
              [32.666514520670056, 31.052313559118691],
              [32.715017124672521, 31.052313559118691],
              [32.700694207239415, 31.03872305116613],
              [32.769541860397553, 31.045558962504021],
              [32.893077016760692, 31.100775437920344],
              [32.917246938941688, 31.082831103538428],
              [32.940928582993216, 31.093329177895836],
              [32.913584829759287, 31.100775437920344],
              [32.927093945519218, 31.111802471695565],
              [32.968760616919894, 31.086493266094671],
              [32.975108264826368, 31.065985381596644],
              [32.961273629828078, 31.065985381596644],
              [33.00993900149318, 31.056301205287998],
              [33.023448113881237, 31.073431715881828],
              [33.009125199924682, 31.086493266094671],
              [33.057465037749481, 31.100775437920344],
              [33.0643009774791, 31.134914459264952],
              [33.030284047751302, 31.100775437920344],
              [32.95443769864481, 31.106919687662263],
              [32.984629757261118, 31.109523859145128],
              [33.030284047981759, 31.162176807039422],
              [33.109385610082981, 31.196437867151538],
              [33.126475454910796, 31.189520556489423],
              [33.098643424574313, 31.183294985223728],
              [33.157725460401359, 31.117865332225797],
              [33.118988479658029, 31.106919687662263],
              [33.144704623178619, 31.077866930591089],
              [33.133311391368657, 31.045558962504021],
              [33.221446158886266, 31.059800513089083],
              [33.194834832885817, 31.073431715881828],
              [33.262461782735542, 31.100775437920344],
              [33.30396568935582, 31.07965727942139],
              [33.303233270830503, 31.099798911211394],
              [33.317637563731786, 31.100775437920344],
              [33.277191604670719, 31.106919687662263],
              [33.386485222032043, 31.11440664328213],
              [33.377696163109746, 31.132554456429908],
              [33.406423370862456, 31.137274462165792],
              [33.406423374387984, 31.155422280216825],
              [33.499522335087782, 31.128078545143783],
              [33.64795983590291, 31.117254984178796],
              [33.854340038344574, 31.163478893627428],
              [34.047048377290245, 31.22919346390205],
              [34.200269440051486, 31.314266678153043],
              [34.24835085789546, 31.211448965664065],
              [34.480406534452747, 30.651205134197355],
              [34.504384398794215, 30.530333954350848],
              [34.536217081283063, 30.482171532504115],
              [34.526915325204925, 30.409617828710129],
              [34.599469033834723, 30.344505502622315],
              [34.733207642037144, 30.012587789335626],
              [34.7413725201503, 29.940240803548505],
              [34.82436486816615, 29.741699932525105],
              [34.855267359748886, 29.545716920317766],
              [34.886729364466994, 29.490057706978206],
              [34.885509299155565, 29.489495693783951],
              [34.736582877031161, 29.311265348368277],
              [34.729014504743169, 29.198919853070588],
              [34.694997602870131, 29.164496264972719],
              [34.67457116214414, 29.106512782597949],
              [34.685720254903494, 28.988674287814291],
              [34.646739113823386, 28.967433838742906],
              [34.640310082021003, 28.9487978220379],
              [34.647146038429526, 28.862860501356348],
              [34.620453311022906, 28.845851857337685],
              [34.624522332564773, 28.735988679567537],
              [34.510590029893784, 28.537990525691431],
              [34.523610869842635, 28.507310257295455],
              [34.469004759945591, 28.455389776006516],
              [34.4101668610448, 28.320013719048784],
              [34.412933797568492, 28.233140444682302],
              [34.455332881090968, 28.174872158520778],
              [34.426753299164268, 28.081543398022813],
              [34.444026566202723, 28.053540483338217],
              [34.434906456691408, 27.975572118643143],
              [34.400726764073795, 27.968736123059958],
              [34.370860212036433, 27.923651329382],
              [34.33130945024481, 27.914130047246353],
              [34.320974151621563, 27.86127346931849],
              [34.279470260269278, 27.858343946764503],
              [34.259125195281634, 27.801703184366538],
              [34.214121935456006, 27.791489916973678],
              [34.221202005124795, 27.769842693077312],
              [34.257334832188945, 27.769517322011513],
              [34.263519720984547, 27.736029299794716],
              [34.249847846464789, 27.742824551925427],
              [34.249847844993063, 27.72858300014299],
              [34.189789246394881, 27.786769789655555],
              [34.054453974968951, 27.81452060670529],
              [33.987559451402127, 27.886664240740284],
              [33.90398196398943, 27.941799188994075],
              [33.879405148370189, 27.934637808515816],
              [33.865570512403288, 27.961330507171482],
              [33.763356973399546, 28.023993298925259],
              [33.763926618191022, 28.04901753047292],
              [33.715993675533269, 28.075262651144602],
              [33.674571173430209, 28.160549362576255],
              [33.634776246454827, 28.181301263104885],
              [33.618174689038426, 28.233303274494624],
              [33.564707891536564, 28.297105341347656],
              [33.43392989065962, 28.366400527715221],
              [33.369151227408729, 28.447943316525055],
              [33.256195517329779, 28.54413491961337],
              [33.269786012333206, 28.54413491961337],
              [33.262950069228047, 28.577053160483413],
              [33.237640828140293, 28.566107563176232],
              [33.256195498020823, 28.551581007893983],
              [33.228689000255528, 28.569403410432109],
              [33.194834831119366, 28.675116268905796],
              [33.228282107409079, 28.763861501738887],
              [33.17457115673114, 28.836981478587365],
              [33.16586346411647, 28.97606015848497],
              [33.177907755752351, 28.989569481435069],
              [33.145030137089918, 29.031724281209808],
              [33.078623891825792, 29.064886764044093],
              [33.061208540785699, 29.10138591771031],
              [32.957855663583295, 29.202093802769237],
              [32.885590040700848, 29.2430687590358],
              [32.868337427508344, 29.297430645999476],
              [32.817393429135066, 29.359768012289006],
              [32.817230663665597, 29.414048556721642],
              [32.741547058939972, 29.455959257043396],
              [32.734711124547047, 29.48383200412313],
              [32.728526225944776, 29.455959257043396],
              [32.715017110949717, 29.455959257043396],
              [32.724131714329239, 29.539536923550052],
              [32.712412943834494, 29.58047096596939],
              [32.680837436727252, 29.599920973180499],
              [32.693125836066379, 29.722845662920072],
              [32.651774808975155, 29.790019125000139],
              [32.604502784911688, 29.824163982772383],
              [32.625498901453341, 29.846340308578764],
              [32.625336120702137, 29.874253518732392],
              [32.571543805628508, 29.928900357357229],
              [32.585459837852, 29.952460084677671],
              [32.561615436551492, 29.97638586272662],
              [32.577810098313464, 29.983547329043429],
              [32.571543816045462, 30.011419989438224],
              [32.557465047246296, 29.976467260137248],
              [32.571543802950146, 29.942572206475223],
              [32.553965677720399, 29.962103454335164],
              [32.513438337632728, 29.961574520124927],
              [32.476898620579583, 29.932196225418998],
              [32.472911016489569, 29.881984889919689],
              [32.509532095453814, 29.866848033908393],
              [32.392832870009286, 29.734360981196492],
              [32.3376570928314, 29.592474635382388],
              [32.387705936219064, 29.525620947308408],
              [32.581228046369958, 29.369126547946703],
              [32.632334832695463, 29.2430687590358],
              [32.656174461143983, 29.12064911867396],
              [32.659678571398153, 29.089097289740824],
              [32.6246851064016, 29.048163300611176],
              [32.625498884663457, 28.972723603829301],
              [32.749196797996603, 28.80483619507444],
              [32.806895367256722, 28.778143500147227],
              [32.868907084494523, 28.578924740742067],
              [33.002940302042681, 28.489488044481945],
              [33.043223502905043, 28.40078358442836],
              [33.106700054071382, 28.347113221724602],
              [33.12647545630022, 28.287502338565545],
              [33.241953974017342, 28.174872158520778],
              [33.249359570831523, 28.142889714198432],
              [33.338145365094775, 28.085435140162755],
              [33.343597864682685, 28.050604695057256],
              [33.441742376042306, 28.016546856678747],
              [33.512543157061984, 27.959051739727688],
              [33.554372583386872, 27.896470352184373],
              [33.592051640909972, 27.791245964152026],
              [33.488942918655908, 27.84589279296927],
              [33.473480661093497, 27.82318752458265],
              [33.522715700000674, 27.751898603078228],
              [33.55787194660401, 27.75991451596656],
              [33.536794464771155, 27.70807523764665],
              [33.592051628682562, 27.64663320152119],
              [33.557871950440585, 27.68138265728048],
              [33.557871951534203, 27.659654154423546],
              [33.544200063597266, 27.679185262697931],
              [33.526540571268669, 27.677557796475902],
              [33.496348503683457, 27.64663320152119],
              [33.564707868566771, 27.571519157981477],
              [33.557871953606103, 27.536770063346712],
              [33.632985878056708, 27.495835734936076],
              [33.69166099899887, 27.341864269154144],
              [33.838389517715321, 27.242580456611989],
              [33.824717646706731, 27.180487402462656],
              [33.836761917392181, 27.120754326031907],
              [33.901377793679387, 27.05874250838216],
              [33.900889512799161, 27.014227535504713],
              [33.951670762824101, 26.930975582456217],
              [33.996104366505726, 26.896551865093464],
              [33.996104369341111, 26.837876767841845],
              [33.959646029202318, 26.849798885834755],
              [33.948252801857336, 26.83100008837668],
              [33.941416868446915, 26.65350989655262],
              [34.01400800563782, 26.611639676728345],
              [34.338715038034955, 26.001776410153813],
              [34.546560091414193, 25.72504302877395],
              [34.633474154474044, 25.569403380445365],
              [34.681895378821551, 25.428697004752259],
              [34.743337436931007, 25.351304440776392],
              [34.806895379608576, 25.211615309774462],
              [34.939138217008683, 25.003363348111886],
              [34.953725330357706, 24.944142438779647],
              [34.989756699695775, 24.905015271693898],
              [35.00220787821624, 24.815619197698254],
              [35.063487179640724, 24.764105597150301],
              [35.109548382789271, 24.643785028123837],
              [35.160269734580844, 24.574618510246932],
              [35.144556480328667, 24.500206504289082],
              [35.185720247296771, 24.485663143550159],
              [35.235454874521061, 24.400125855528177],
              [35.391856305999283, 24.282782158211063],
              [35.428645311371866, 24.185953000747073],
              [35.493828169228451, 24.108899998201206],
              [35.510508664537895, 24.111232877235594],
              [35.503899675244966, 24.140537638784046],
              [35.588371941575474, 24.075837127896243],
              [35.605260501921563, 24.018817054693844],
              [35.738571019267951, 23.983317461253215],
              [35.792535298732943, 23.902291134901265],
              [35.785778821052865, 23.893045906385101],
              [35.750355742118131, 23.932423393821264],
              [35.684520452750469, 23.910916271826981],
              [35.598533156295417, 23.929413351254819],
              [35.513926634571597, 23.977118308191155],
              [35.483871160854875, 23.91778718090654],
              [35.474767783164097, 23.79791511058626],
              [35.510148141904871, 23.756378579489986],
              [35.489431194611257, 23.497015815614951],
              [35.547536658788395, 23.393988402678616],
              [35.57468042291292, 23.212565217727757],
              [35.654642154114164, 23.073749583980753],
              [35.667816599411836, 22.982611356759943],
              [35.695305237467387, 22.932126592775575],
              [35.763682489754679, 22.870428804031977],
              [35.72339929145361, 22.931870930497855],
              [35.755707228391444, 22.922308681582805],
              [35.784922726898834, 22.833197405798956],
              [35.885963809257838, 22.735694823129212],
              [35.969493029936764, 22.697984041545247],
              [36.120616082570791, 22.675685948480179],
              [36.226084839167804, 22.635443533437964],
              [36.290537946949144, 22.568182534449765],
              [36.313415637485797, 22.491612691455778],
              [36.428099618324389, 22.426045031155006],
              [36.439822911427044, 22.356442907459225],
              [36.562839059086023, 22.296676533336758],
              [36.713715039546294, 22.169134826185456],
              [36.747569208075092, 22.160956138135692],
              [36.756846546692564, 22.17690659340731],
              [36.782237173818721, 22.164455453288731],
              [36.818207223236676, 22.108832041479562],
              [36.895382768714086, 22.066132502635277],
              [36.898448114370026, 22.017482835618242],
              [36.883636910832585, 21.995713546189641],
              [36.877940298297084, 21.976019572306779],
              [36.84009850743066, 21.966131954835141],
              [36.873545768222492, 21.936102594245671],
              [36.887868686580624, 21.650132562879442],
              [36.984060088244135, 21.465806324304673],
              [37.113617381737974, 21.278062207148704],
              [37.198985221379871, 21.202134497443474],
              [37.312998891818182, 21.057684603338338],
              [37.29135175838762, 21.012640682534201],
              [37.27214603130642, 21.02016838119755],
              [37.251963736204075, 21.006048867206385],
              [37.233897330572646, 21.020249719908289],
              [37.189300977054508, 21.097235419841866],
              [37.209320507179797, 21.098618853872374],
              [37.25001061190094, 21.054999074013068],
              [37.263519726610447, 21.049750060979726],
              [37.270030145911484, 21.062567479518265],
              [37.218923371963207, 21.141750377002833],
              [37.203135612724601, 21.136867575747235],
              [37.17514082165291, 21.156724361079934],
              [37.15919030119511, 21.148016687464835],
              [37.159515819031363, 21.206447627636749],
              [37.121429882140262, 21.224269895303308],
              [37.098399285250565, 21.180894276872621],
              [37.120616079704483, 21.143703482490157],
              [37.117849154703386, 21.086127015402955],
              [37.086436391940587, 21.040594762017484],
              [37.14730879086148, 20.940863361391415],
              [37.169118687300518, 20.746405361300155],
              [37.228037958155241, 20.565008874069957],
              [37.222422722741072, 20.468247800612769],
              [37.182302278869145, 20.462835987256224],
              [37.178884311024078, 20.449937242377157],
              [37.175140820524916, 20.349188536530409],
              [37.224891937064605, 20.119531531016168],
              [37.188812696034994, 20.013169664550663],
              [37.265310100934713, 19.786851444894573],
              [37.263356965279257, 19.703762083839379],
              [37.238291866256802, 19.655259558466604],
              [37.243825714950802, 19.576157912588986],
              [37.285817903218842, 19.475287148822122],
              [37.333506712717494, 19.159654129793417],
              [37.360850463772231, 19.128322765526303],
              [37.355235222781793, 19.101629962419782],
              [37.379562428899604, 19.069300868618175],
              [37.434336780276496, 18.861721020736724],
              [37.53980553666414, 18.715887788529908],
              [37.674724813771313, 18.74095326748235],
              [37.701670773927383, 18.711167788227471],
              [37.740733266647126, 18.709173857680838],
              [37.765572564780101, 18.667294699777017],
              [37.758067250256815, 18.628648119536916],
              [37.785159228731537, 18.640160468870029],
              [37.812754752789303, 18.615627326787529],
              [37.925504700812581, 18.585043585365476],
              [38.038197655798101, 18.461085945444644],
              [38.121857644407811, 18.413300915498489],
              [38.082956993820382, 18.382879360863207],
              [38.076119385556808, 18.348119329963247],
              [38.103624250675523, 18.291662427720599],
              [38.151674173517684, 18.249331003461567],
              [38.245433879150923, 18.243905583973156],
              [38.251160766624402, 18.28082450988089],
              [38.306162955962122, 18.306545298601083],
              [38.276215038670927, 18.242010787942956],
              [38.217295769305998, 18.217718821857748],
              [38.265147324286112, 18.223944280685476],
              [38.376231325382662, 18.190619356498335],
              [38.391449414003148, 18.224188528244788],
              [38.443207218644687, 18.155706965841709],
              [38.43384850326683, 18.142279352394279],
              [38.475596547248522, 18.13056057048027],
              [38.491709836058661, 18.141424936144151],
              [38.512217650405304, 18.073716640403916],
              [38.531993033848181, 18.070705452771467],
              [38.541677272614621, 18.085882763214887],
              [38.525889512318464, 18.12836324244897],
              [38.584483275340929, 18.077134607185236],
              [38.601573115844687, 18.004828237035216],
              [38.669769724559316, 17.853989937218628],
              [38.78972415328483, 17.668890664638582],
              [38.929047068922848, 17.397121452606914],
              [38.964691602586406, 17.292303787461723],
              [38.952647328875145, 17.25348536846948],
              [39.012461783212963, 17.165350624027504],
              [39.149668819801775, 16.716945767841111],
              [39.135996937628917, 16.723781587276882],
              [39.161387562747628, 16.657171888075528],
              [39.163340689396094, 16.628159871364367],
              [39.144867385902465, 16.609361101639657],
              [39.160980668445752, 16.563788210432808],
              [39.150889516886167, 16.529445669686201],
              [39.177012566368589, 16.521429761154792],
              [39.204844597354615, 16.349798900979142],
              [39.197439001295834, 16.298570109762668],
              [39.235606317636972, 16.108710056007379],
              [39.294118684845294, 15.928778367030079],
              [39.313487176987977, 15.893947692445684],
              [39.437022331703844, 15.811957092853348],
              [39.426524286877097, 15.755804787751821],
              [39.477875195499799, 15.661118873221019],
              [39.444590689691822, 15.63523995297788],
              [39.45069420685784, 15.619574283494423],
              [39.464040560987605, 15.638332423781385],
              [39.484873891909686, 15.633856475248118],
              [39.482758009054336, 15.61493561495581],
              [39.430186393686242, 15.603094788461778],
              [39.457530143687137, 15.524603577447717],
              [39.516856316876996, 15.520086996539794],
              [39.551768425711167, 15.542303790569232],
              [39.587168816595103, 15.531398840516262],
              [39.611338737014663, 15.49998605255205],
              [39.663584831359685, 15.336167698526721],
              [39.690765820248373, 15.322210991526322],
              [39.718272331576941, 15.263902077384058],
              [39.698252799938942, 15.123602604886822],
              [39.715586785126838, 15.094061593314812],
              [39.752289259040268, 15.092596747733692],
              [39.773692253961926, 15.071030991302855],
              [39.811289910148673, 15.078924874710898],
              [39.819672070821362, 15.125799868753921],
              [39.854665560543609, 15.173488665750227],
              [39.817718946403033, 15.2812360772242],
              [39.789724154560282, 15.257473041094817],
              [39.780935092285056, 15.278143627115579],
              [39.773448112129941, 15.390529674521897],
              [39.807139519550276, 15.458889074725162],
              [39.82813561266515, 15.448879293078271],
              [39.835622592833921, 15.476141683709272],
              [39.84164472774264, 15.463120848110018],
              [39.875254754385438, 15.504095776775724],
              [40.005137565971815, 15.381008204499604],
              [40.079925976102878, 15.340724986098687],
              [40.081309440072673, 15.319159230534799],
              [40.02662194053751, 15.237209368720041],
              [40.052012565745507, 15.229559632443292],
              [40.041514518806075, 15.204982811519018],
              [40.081309441040631, 15.16453685172954],
              [40.101817253884334, 15.064642642901045],
              [40.127940300119711, 15.066229561168774],
              [40.154307487994153, 15.037298894892416],
              [40.159434448402408, 14.982245319021841],
              [40.272634309774347, 14.937567427616061],
              [40.28679446055623, 14.913478790108602],
              [40.347178589768326, 14.944078008520526],
              [40.389821810992217, 15.003241277858551],
              [40.401377796941347, 14.966131847462179],
              [40.417735223825751, 14.969061624128429],
              [40.422699415669236, 14.99900951910837],
              [40.454437696000959, 15.004461981016282],
              [40.463145382111151, 14.97968176433444],
              [40.499034051429398, 14.962225678899964],
              [40.520192907711291, 14.982733515012283],
              [40.512705925004397, 15.017482815078722],
              [40.554209825106092, 14.99017963056292],
              [40.572334337152277, 14.951211076934717],
              [40.616384306287209, 14.948675762746698],
              [40.627696161846877, 14.89199456656889],
              [40.656586142163889, 14.880316621442736],
              [40.660410997720966, 14.902573846065836],
              [40.694509316209434, 14.896226398498833],
              [40.692718951298836, 14.881903483247921],
              [40.670909058166743, 14.880316621442736],
              [40.732432486458222, 14.825669635878723],
              [40.723887572720713, 14.75706627136203],
              [40.766368038340097, 14.714585740480047],
              [40.766449414441603, 14.69529855970284],
              [40.808116089952151, 14.702826385380359],
              [40.808116084740227, 14.722072708352446],
              [40.884450711184606, 14.71454488226329],
              [40.97266686106267, 14.669623078372554],
              [41.167491074818315, 14.636948828168926],
              [41.208750844203884, 14.568101252402647],
              [41.306813998464094, 14.488918369604736],
              [41.335948112745598, 14.402004294246961],
              [41.376638223552504, 14.376288275549051],
              [41.412771022417139, 14.30654517239323],
              [41.505869981517499, 14.213446233313322],
              [41.541758655502868, 14.126165997273414],
              [41.620941601697197, 14.063625387204363],
              [41.676524286489482, 13.940253025792016],
              [41.753428576226149, 13.920721635385711],
              [41.798106309073084, 13.934393488409512],
              [41.848968949066581, 13.876166142388852],
              [41.90430748761942, 13.879787494640112],
              [41.969737170852454, 13.845648424676819],
              [41.993662954567753, 13.78359604864778],
              [42.089203314952314, 13.687974232471355],
              [42.106618684879074, 13.643540734947345],
              [42.143809439085004, 13.650376657382902],
              [42.223887559012027, 13.553941009743879],
              [42.198741076950959, 13.598700162466878],
              [42.219004758977974, 13.606024579014441],
              [42.21973717402097, 13.632554409770988],
              [42.159922720113229, 13.656561553973836],
              [42.184825062166141, 13.66746646388505],
              [42.28842206512909, 13.574611605248295],
              [42.305918821549966, 13.476141779399345],
              [42.342539909826634, 13.418117576533959],
              [42.379405142068286, 13.222642280701683],
              [42.476817246918273, 13.194525313878483],
              [42.507497586213042, 13.206976512454171],
              [42.520681179338339, 13.235500258098245],
              [42.533946164389768, 13.232570793890039],
              [42.65544680435471, 13.072332938738045],
              [42.729746943189717, 13.033148549989852],
              [42.781260606392181, 12.851873952994531],
              [42.835785351925225, 12.864935612440929],
              [42.868907100802446, 12.82135659148677],
              [42.932139521148947, 12.810939890899272],
              [42.927989127464066, 12.78974026983642],
              [42.978037957602133, 12.823960691550203],
              [43.000987172172891, 12.900295256532212],
              [43.086436387577152, 12.820868097405768],
              [43.11768638971526, 12.707912411956968],
              [42.900357704024671, 12.616388588592008],
              [42.868835081376758, 12.626155463412603],
              [42.785222616874329, 12.517221618441818],
              [42.79225060784821, 12.429164890171235],
              [42.69618712567592, 12.380125787265428],
              [42.678252399281661, 12.360021833246964],
              [42.521569461181734, 12.496241016220376],
              [42.475680784304778, 12.516343020413649],
              [42.43092898849455, 12.520322022501047],
              [42.379459271218231, 12.465906928565664]
            ]
          ],
          [
            [
              [40.227793817045836, 15.674017662991997],
              [40.226573113872846, 15.696478597991172],
              [40.298594597691398, 15.700018633851105],
              [40.329925978881668, 15.664252052314239],
              [40.40626061212199, 15.638128957918914],
              [40.408050976479466, 15.580023496019493],
              [40.287364129955485, 15.572984133539062],
              [40.208262566868321, 15.599676840029153],
              [40.143321160556866, 15.592230545658813],
              [40.122813347979594, 15.613959068973786],
              [40.085297070650476, 15.587632547924592],
              [39.978851759716349, 15.606512774463457],
              [39.937347853943045, 15.70209385060147],
              [39.955739781011744, 15.699693118491544],
              [39.971446159493553, 15.661118873221019],
              [40.026621940797106, 15.647447003483531],
              [40.081309440492163, 15.661118873221019],
              [40.008799677151629, 15.736558372048771],
              [39.930430536379347, 15.739569426791181],
              [39.933767124987071, 15.788234802150743],
              [39.990000847166314, 15.769924223857664],
              [39.975271030733872, 15.815375079574618],
              [40.033457881186081, 15.826239362374922],
              [40.037445508059591, 15.83844633993642],
              [40.019379103952858, 15.868109475299939],
              [39.974375847535548, 15.871771561139752],
              [39.950938349020205, 15.893947692445684],
              [40.026215042073126, 15.882635844308968],
              [40.09156334812657, 15.849839604200685],
              [40.105642122814643, 15.828680727836474],
              [40.095713738093899, 15.784613349606182],
              [40.12281334517467, 15.792140986784572],
              [40.125987173632701, 15.811916384652577],
              [40.138926629303377, 15.792222403184924],
              [40.135915559220535, 15.695868200363781],
              [40.163828970474064, 15.644354532646055],
              [40.232106967181281, 15.627020578128905],
              [40.261566603748406, 15.663234798078696],
              [40.227793817045836, 15.674017662991997]
            ]
          ],
          [
            [
              [40.050466340658872, 16.107245161517316],
              [40.111013215069548, 16.073960646615625],
              [40.118825715699984, 16.061997767178202],
              [40.095388216819991, 16.04734934797299],
              [40.077403191999736, 16.019029055845369],
              [40.114512566280759, 15.985907298736244],
              [39.990000844872199, 16.017726919062167],
              [39.998220250018925, 16.049628031017594],
              [40.04721113576494, 16.063462661673849],
              [40.050466340658872, 16.107245161517316]
            ]
          ],
          [
            [
              [-12.574859179145001, 7.41034578839499],
              [-12.554432746144753, 7.41034578839499],
              [-12.605539516947646, 7.47866444843366],
              [-12.951649541924946, 7.575425393065774],
              [-12.914296028214242, 7.584418061956271],
              [-12.883290168962398, 7.616400574423767],
              [-12.621408657129763, 7.639715779834598],
              [-12.581125455437702, 7.63007238714092],
              [-12.595855273213429, 7.612738374425956],
              [-12.58604895618843, 7.607611294421586],
              [-12.529652472238974, 7.603827121221676],
              [-12.492990688631492, 7.568019877790443],
              [-12.501820441579294, 7.502386732897563],
              [-12.526437955014822, 7.465562243881929],
              [-12.519642707111469, 7.40412019821316],
              [-12.549672004171788, 7.38963452888329],
              [-12.565785285504797, 7.395656580069973],
              [-12.574859179145001, 7.41034578839499]
            ]
          ],
          [
            [
              [-0.873890753997198, 5.204006245629841],
              [-0.911488411000176, 5.218003648531258],
              [-0.976551886996929, 5.198309630799058],
              [-0.997059699997439, 5.216782939985268],
              [-1.154123501999276, 5.153876042815171],
              [-1.233631964999645, 5.10073476755137],
              [-1.319243944001897, 5.094549875047846],
              [-1.568802844076374, 5.019268597657111],
              [-1.618478969999918, 5.022447006953213],
              [-1.634022590095591, 4.974432805570784],
              [-1.718820767028272, 4.927679789377121],
              [-1.748605924100801, 4.877183456012497],
              [-1.912098761932916, 4.820868157023124],
              [-1.967274542940023, 4.758124026258623],
              [-2.090565559101714, 4.737128100805412],
              [-2.107980923878946, 4.775580023183617],
              [-2.155384894943191, 4.786078136191523],
              [-2.237049933939896, 4.849188487536665],
              [-2.252756314075638, 4.879136530473819],
              [-2.356597460147179, 4.919623244490651],
              [-2.525786913137408, 4.954413266247732],
              [-2.690419074999537, 5.01019928571437],
              [-2.964995897999925, 5.045314845998935],
              [-3.119618293004491, 5.091335357007964],
              [-3.115305142001381, 5.107814846938008],
              [-3.016102668006681, 5.114447337589326],
              [-2.957753058996236, 5.0826683584477],
              [-2.926340299004295, 5.094549875047846],
              [-2.929025845003924, 5.122015694771079],
              [-2.843698697002638, 5.149115303947796],
              [-2.780884968997201, 5.150875344011559],
              [-2.75701045699288, 5.179865819809358],
              [-2.778817912006788, 5.201001491041287],
              [-2.774890503000994, 5.239577942789786],
              [-2.796129516008803, 5.284975694363723],
              [-2.789566608995743, 5.346858213041133],
              [-2.74259273298913, 5.343137504138522],
              [-2.730138712979068, 5.373161504773693],
              [-2.761713013008182, 5.454913641916557],
              [-2.7855875250039, 5.595034284793979],
              [-2.806258098012715, 5.618495390849168],
              [-2.877494059970539, 5.636814657192469],
              [-2.945861979014333, 5.608289296543449],
              [-2.969503946978419, 5.621440923984457],
              [-2.9749041339437, 5.64727911844386],
              [-2.964801391051911, 5.709781832706196],
              [-3.029758666974717, 5.704252404988],
              [-3.022523966978663, 5.854501634728879],
              [-3.087765463023744, 5.996689366385509],
              [-3.118073690033095, 6.163475056455725],
              [-3.139364380057131, 6.219285617126156],
              [-3.171721891015726, 6.249584697015527],
              [-3.261114054113827, 6.633937337695238],
              [-3.230056518924181, 6.661119039361806],
              [-3.210419475047738, 6.715999476644327],
              [-3.243078980025229, 6.774755567364403],
              [-3.241683715965843, 6.810903201085889],
              [-3.097274114353584, 7.054053345644977],
              [-3.096592622955447, 7.054476947186113],
              [-3.045933390870346, 7.071249014557591],
              [-3.027536580029233, 7.138428462896527],
              [-2.97281123799837, 7.214961242173803],
              [-2.990458740019312, 7.270668447484322],
              [-2.941521158813561, 7.577161257860819],
              [-2.838168295192719, 7.796837973777359],
              [-2.840002806845566, 7.820247211222326],
              [-2.801193806892888, 7.850219566967995],
              [-2.790625977237313, 7.943289007861786],
              [-2.771221476947889, 7.93073147875729],
              [-2.690864625159478, 8.009744860431097],
              [-2.610559448167521, 8.040001417433611],
              [-2.599759074163889, 8.070387157460987],
              [-2.621876587207102, 8.135732029239662],
              [-2.610662800799131, 8.164851470255218],
              [-2.55810787003221, 8.167693805512751],
              [-2.50632808391419, 8.209267427086852],
              [-2.603118042025734, 8.785149513328932],
              [-2.617225707874778, 8.789180334611817],
              [-2.595573283026823, 8.828066929141263],
              [-2.61717403184661, 8.915012433947862],
              [-2.637689575271185, 8.931471594509642],
              [-2.660788940901366, 9.014903006580401],
              [-2.774838826902959, 9.054978082595158],
              [-2.755201782159251, 9.143138199114468],
              [-2.704817261137648, 9.218404913421567],
              [-2.661150675077977, 9.253906594132291],
              [-2.659807088203513, 9.27289774427765],
              [-2.714997517812979, 9.311060600062467],
              [-2.672416138066071, 9.374028453731054],
              [-2.675671752708563, 9.471722579814017],
              [-2.689210978087495, 9.488724304247571],
              [-2.766260538689347, 9.576522381185534],
              [-2.743404469265493, 9.653325452667451],
              [-2.795302693811407, 9.720002052713314],
              [-2.733911092034908, 9.822786575655954],
              [-2.760524455299269, 9.870535715748769],
              [-2.754374960034185, 9.966782952954247],
              [-2.783572144000566, 10.018511048265864],
              [-2.7884814050053, 10.092363215560962],
              [-2.798454956018366, 10.189534207748624],
              [-2.757682252004172, 10.234647727805156],
              [-2.754943399983646, 10.260795993135041],
              [-2.833181518997518, 10.305987040010839],
              [-2.841294719012263, 10.343271591008884],
              [-2.822329468012684, 10.387584132212247],
              [-2.767552449003039, 10.421199647294809],
              [-2.82444820201663, 10.435023098781663],
              [-2.891524211020577, 10.5216586391075],
              [-2.932503621902998, 10.634313216016604],
              [-2.905115112056048, 10.692733480495804],
              [-2.919959290310257, 10.711088188542906],
              [-2.8642390550903, 10.864273411478917],
              [-2.821399292040657, 10.906260493692143],
              [-2.837341471906548, 10.998011948577741],
              [-2.728797594090284, 10.986057377312429],
              [-1.598683227025892, 10.997133501493632],
              [-1.56240637198965, 11.026589042927794],
              [-1.423584092958487, 11.0179113737143],
              [-1.41355308523316, 11.014049766600767],
              [-1.355287231959014, 10.996720039523886],
              [-1.107550415034785, 10.994342989954163],
              [-1.07034338399648, 11.013902482509545],
              [-0.932470662967623, 11.003102074755665],
              [-0.89392004399257, 10.979899385137562],
              [-0.900586303981428, 10.966230955785489],
              [-0.827774211019199, 11.005840988042888],
              [-0.7030174950107, 10.994158828510027],
              [-0.66799068297944, 10.97651455487267],
              [-0.682770141986418, 10.953596068688034],
              [-0.634762735993853, 10.90796578962112],
              [-0.590579385994928, 10.982431529889409],
              [-0.512961385003102, 10.989743760674413],
              [-0.456685750984, 11.029612084574687],
              [-0.425214802987479, 11.101468169728749],
              [-0.405887816988008, 11.101468169728749],
              [-0.368939168007892, 11.065217206212113],
              [-0.318813028992477, 11.101364823012997],
              [-0.29829748600537, 11.128391641544097],
              [-0.301682291997687, 11.162937309248472],
              [-0.166109171000463, 11.134980370216294],
              [-0.121744954999255, 11.092192276245189],
              [-0.03226721199965, 11.098574311474609],
              [0.016205282000508, 11.062581714749506],
              [0.014189901000012, 10.983671765586243],
              [-0.014438842999681, 10.953596068688034],
              [-0.032060505999799, 10.813165380302426],
              [-0.075210327000951, 10.773658768904093],
              [-0.091564480315617, 10.700253756989399],
              [-0.088129435000863, 10.633486442235032],
              [0.029434448000014, 10.58253346568018],
              [0.05726220700096, 10.541114824536646],
              [0.126017699998925, 10.491608775489841],
              [0.179864541998564, 10.394172861989563],
              [0.197072795002, 10.410270091985188],
              [0.233220458997864, 10.398617034379606],
              [0.273243856000981, 10.406601057667901],
              [0.278824911002463, 10.366629342637854],
              [0.317582235001088, 10.317330020433602],
              [0.308797241000355, 10.297098694769717],
              [0.366597329998312, 10.304488418425276],
              [0.396595499998954, 10.283223568885651],
              [0.372049193999454, 10.265136819117538],
              [0.357192220002026, 10.219997463257288],
              [0.353600708001238, 10.115507714993429],
              [0.363393392000618, 10.089669496719791],
              [0.395148560000745, 10.072357892169327],
              [0.394570259710107, 10.03555702829264],
              [0.349776652000223, 10.028820496461611],
              [0.369568725970823, 9.938825893580944],
              [0.341715127978213, 9.90378929040912],
              [0.343885537992464, 9.838392815898933],
              [0.322439818964196, 9.760671352225396],
              [0.347089478011897, 9.663158103336841],
              [0.318719116004923, 9.648611163958879],
              [0.2752850749757, 9.685585523328019],
              [0.260970703021999, 9.657163698419957],
              [0.27763635202799, 9.606985904655927],
              [0.349363241002451, 9.613910429491067],
              [0.369155313981155, 9.610137976965854],
              [0.377733601995022, 9.589415775187698],
              [0.35460839796763, 9.571096382382393],
              [0.322439819015936, 9.583137166696929],
              [0.304559773965373, 9.571561442244109],
              [0.230197387982753, 9.575747281418726],
              [0.225908244025631, 9.531925903813434],
              [0.30192427502725, 9.507457084707948],
              [0.28531030201405, 9.488362591000177],
              [0.2280528160051, 9.47397066973139],
              [0.226812581023062, 9.432345405165051],
              [0.231360108006025, 9.418961113137426],
              [0.268489623985737, 9.420640496153322],
              [0.321819702025284, 9.442835690570673],
              [0.333782795999333, 9.479474178896542],
              [0.411659180042205, 9.492238390500852],
              [0.483515258986771, 9.470017360197698],
              [0.482791788036877, 9.427875362282579],
              [0.531367634960573, 9.40110677801847],
              [0.526613403046745, 9.297650770680125],
              [0.492920370021542, 9.258609167528087],
              [0.504702595053732, 9.187166582177754],
              [0.463645671048896, 9.137092118696692],
              [0.431270386029866, 9.027589712124872],
              [0.493127074966985, 8.915219127309697],
              [0.505632771048479, 8.866333442692875],
              [0.483629269982115, 8.834973131518078],
              [0.473490030991224, 8.79354703262228],
              [0.419591512034366, 8.79124756880719],
              [0.407809285980183, 8.759052972095114],
              [0.397112264026816, 8.781532379219096],
              [0.372669310988613, 8.783754333030304],
              [0.368083531998374, 8.761481018462058],
              [0.403726847004572, 8.662082229220768],
              [0.443517700001474, 8.606865951458481],
              [0.55079797404631, 8.519326188216851],
              [0.616323690060166, 8.488759597814862],
              [0.646709432034311, 8.414164605491445],
              [0.685053344930175, 8.382564245944423],
              [0.689187458952886, 8.33130127252142],
              [0.708824504059003, 8.322568174804225],
              [0.705207153042241, 8.28275144955961],
              [0.57384566198696, 8.203944770618245],
              [0.593276001052517, 8.150666531874007],
              [0.574982543950991, 8.124621355262684],
              [0.602687912025321, 7.893132195149791],
              [0.612292927947816, 7.699427664289011],
              [0.583354125955281, 7.70428526150082],
              [0.562063435972225, 7.612301253753236],
              [0.509250122004959, 7.58537792488544],
              [0.495607544003005, 7.50429759622095],
              [0.516691527990748, 7.411021598027036],
              [0.548214151986484, 7.383271343281704],
              [0.629656209024832, 7.389162558695065],
              [0.644435667986124, 7.301932642896833],
              [0.597720174003152, 7.1588923224444],
              [0.598030233015692, 7.031199892230368],
              [0.578909952990413, 6.996783318213348],
              [0.494574015005488, 6.97311555814686],
              [0.546250448003157, 6.914772856487268],
              [0.519275350022858, 6.832245659686005],
              [0.5766361899977, 6.754730930028711],
              [0.62583215297572, 6.727755772040371],
              [0.632240031017326, 6.623989610562715],
              [0.668206828017594, 6.585826563703529],
              [0.727428018997243, 6.571434625093817],
              [0.713075709584178, 6.533935671107826],
              [0.717919555024584, 6.488829914149567],
              [0.766805460979425, 6.419350843028972],
              [0.84132287603054, 6.379224206752489],
              [0.886798135970858, 6.330389853951277],
              [0.983536417989922, 6.324602134427887],
              [1.025187622002408, 6.222334497060462],
              [1.093400513012417, 6.160917073674007],
              [1.176186156983891, 6.151511916708835],
              [1.185394726987521, 6.100490607497333],
              [1.098806185997217, 6.047023825228139],
              [1.048024935997569, 5.992661846594114],
              [1.011729363006551, 5.926255612994997],
              [0.995290560982026, 5.839341504695564],
              [0.954844596997252, 5.791083069339646],
              [0.673572039007733, 5.759063295755906],
              [0.364919467004195, 5.781480231654193],
              [0.298106316000326, 5.773667711531432],
              [0.157399936002738, 5.724554787798134],
              [0.114593946002263, 5.688666119849323],
              [0.075694207000477, 5.677557694031187],
              [0.034515821000194, 5.628363354963009],
              [-0.068592902999466, 5.581203505377275],
              [-0.359306767395647, 5.498672511036889],
              [-0.445057745996056, 5.431382536824945],
              [-0.471587694003974, 5.390814537017466],
              [-0.62946529899803, 5.326727599909369],
              [-0.637766079999056, 5.340887759201718],
              [-0.799549934003405, 5.214829828844176],
              [-0.873890753997198, 5.204006245629841]
            ]
          ],
          [
            [
              [-11.397723347502611, 7.012802967300796],
              [-11.434671997098759, 6.980815342453868],
              [-11.436739053704327, 6.938543963585068],
              [-11.476185676282396, 6.919419705436702],
              [-11.57290605362992, 6.965806328447602],
              [-11.588002081698171, 6.978949242444305],
              [-11.56749427032341, 6.992621207699766],
              [-11.622141079492094, 6.985785149970089],
              [-11.698150193867502, 7.067043342248922],
              [-11.83958899624788, 7.148993265376081],
              [-12.506581183684457, 7.389837917691315],
              [-12.476185675894065, 7.415106498476307],
              [-12.439605272898103, 7.416489962957736],
              [-12.369455532687958, 7.389837917691315],
              [-12.417225715453981, 7.430812951173578],
              [-12.464263475964701, 7.429632875503599],
              [-12.489247199563572, 7.445054373508876],
              [-12.470773892152378, 7.491156336314415],
              [-12.428334114018746, 7.533596098380651],
              [-12.295074023704833, 7.533107905177038],
              [-12.232248502260193, 7.553697040387623],
              [-12.238433397638975, 7.568019877790443],
              [-12.188099738167233, 7.583075155134673],
              [-12.183827277049236, 7.602728461218247],
              [-12.25625566330654, 7.605170028034181],
              [-12.298654752929327, 7.575995302293331],
              [-12.403553840373339, 7.54751215827804],
              [-12.441070116264628, 7.553697040387623],
              [-12.463734504301378, 7.561997826917678],
              [-12.492990689933276, 7.616400574423767],
              [-12.485503710751978, 7.650539548511978],
              [-12.519642707580132, 7.644273250996164],
              [-12.519642707435555, 7.63007238714092],
              [-12.543934699196891, 7.653550423648868],
              [-12.492990689541353, 7.739935680614095],
              [-12.464995898790148, 7.733099774521542],
              [-12.471791145492929, 7.759955205625412],
              [-12.451975064343429, 7.77407465324022],
              [-12.472157355539924, 7.787665049609018],
              [-12.519642708052377, 7.726263868412424],
              [-12.601877407845334, 7.683783251022458],
              [-12.711415168637631, 7.71198158935657],
              [-12.778065559479924, 7.755804812641859],
              [-12.787505663785074, 7.804592283703438],
              [-12.759836392717467, 7.821844879653479],
              [-12.828724738206256, 7.79828512851593],
              [-12.875884569461192, 7.828680785525087],
              [-12.898589647427766, 7.865708658762037],
              [-12.959095831021822, 7.911200148167867],
              [-12.886708137505895, 7.938544071036277],
              [-12.821278450335866, 7.917425887490792],
              [-12.888417120667098, 7.975287138331651],
              [-12.911773239748983, 8.030666263810778],
              [-12.875884569559053, 8.10301347810857],
              [-12.908070440879019, 8.107407816859304],
              [-12.944813605158471, 8.164496065687828],
              [-12.98106848932578, 8.186224713717229],
              [-12.976233582573238, 8.246474348648309],
              [-13.090443489385997, 8.224595487955861],
              [-13.163929817045069, 8.171291413023624],
              [-13.163929816034074, 8.274359335720471],
              [-13.286773240615295, 8.424505885760484],
              [-13.266957159975867, 8.46271382450448],
              [-13.286773240725163, 8.500230180786261],
              [-13.1929825506905, 8.487779005820487],
              [-13.144398567209457, 8.431219816690584],
              [-13.060373503179346, 8.372707553384828],
              [-13.042447740389679, 8.375390061477672],
              [-13.033558723240127, 8.383531018371906],
              [-13.067697719020883, 8.410874635106003],
              [-13.054066535932703, 8.417669981657363],
              [-13.125599738607608, 8.449042016535445],
              [-13.116118945294454, 8.472967980845977],
              [-13.039947069768873, 8.526760241056481],
              [-13.026722786014711, 8.520697334598466],
              [-13.013050911919478, 8.561713057143287],
              [-12.907215948773102, 8.548040949441271],
              [-12.869699672897186, 8.569159126877217],
              [-12.928089972873064, 8.572170301246324],
              [-12.931141732038526, 8.582831234427758],
              [-12.875884570213108, 8.685207554398982],
              [-12.936431444920679, 8.60700114336111],
              [-13.061838346131672, 8.583197454275313],
              [-13.088775194260549, 8.602687920809457],
              [-13.066273567273475, 8.606838312225051],
              [-13.026722784766113, 8.651068295420844],
              [-13.05406653694453, 8.664740402372054],
              [-13.081939256129704, 8.616929336237282],
              [-13.157704230544951, 8.670965839070476],
              [-13.162587042432119, 8.653998054092252],
              [-13.1229141917308, 8.630560585443844],
              [-13.136586065799229, 8.623765239638239],
              [-13.109038866102516, 8.603338944928597],
              [-13.107492642638352, 8.581000135188917],
              [-13.143422004143281, 8.541815512334953],
              [-13.144113735271507, 8.517401355860478],
              [-13.162424283257382, 8.517645602576009],
              [-13.241200323860104, 8.672186471695429],
              [-13.240223761353521, 8.825832357477148],
              [-13.200917122176389, 8.859808781980147],
              [-13.184966601909736, 8.843492022840554],
              [-12.985707159621811, 8.857122969892067],
              [-13.026966926575255, 8.869696415885921],
              [-13.130360481231394, 8.864081145920515],
              [-13.157704231156162, 8.88446688007704],
              [-13.142648892590691, 8.916734177634112],
              [-13.075103317704741, 8.939113540703714],
              [-13.18097896947185, 8.923041028989687],
              [-13.225738086466984, 8.942531792207721],
              [-13.232818162901316, 8.966376034002323],
              [-13.240223761471956, 8.952093763419192],
              [-13.254872199901131, 8.966376034002323],
              [-13.266957160470911, 8.952093763419192],
              [-13.288441537300356, 8.969468623245255],
              [-13.285023566099706, 9.017035132596703],
              [-13.301096156637346, 9.041489839698333],
              [-13.20753535853463, 9.076707921960468],
              [-13.11591304613262, 9.04394522445844],
              [-13.028864094001339, 9.095983277631671],
              [-12.984163982276753, 9.172309597966875],
              [-12.959152589968182, 9.177838944927226],
              [-12.978350383993318, 9.212849729942382],
              [-12.957912354271821, 9.272432684318726],
              [-12.937009237490763, 9.287082974234021],
              [-12.917527220536156, 9.26700638393465],
              [-12.835826780572152, 9.281966713873938],
              [-12.795260782684561, 9.335090199254527],
              [-12.764151572126167, 9.34767355550391],
              [-12.75975907502065, 9.382839356505],
              [-12.722939617465668, 9.392089482484094],
              [-12.668627687158464, 9.542364515154986],
              [-12.64992081829336, 9.552105536615437],
              [-12.633849447750862, 9.597864963389988],
              [-12.602766072820598, 9.609362877218189],
              [-12.601551678329534, 9.65171186328277],
              [-12.522460896434584, 9.734471481339749],
              [-12.514321859955883, 9.851312043990193],
              [-12.472334758869492, 9.881258527592879],
              [-12.276739459805507, 9.929265731565419],
              [-12.174833536086393, 9.879191294934406],
              [-12.10980705099192, 9.881675819579476],
              [-11.921774048090189, 9.922212025152835],
              [-11.91009517457586, 9.992517759320517],
              [-11.587518915163548, 9.994283063490608],
              [-11.449172865717523, 9.995040137436154],
              [-11.272666382437968, 9.996006007568386],
              [-11.188537149644795, 9.972596499866246],
              [-11.160270141980771, 9.872757667913568],
              [-11.044928345608595, 9.787129889557271],
              [-10.968498900820945, 9.654243855710515],
              [-10.940128539606835, 9.639696916235723],
              [-10.921680053065664, 9.595901076917702],
              [-10.886333374406073, 9.568409369844934],
              [-10.877703410836483, 9.53267516694522],
              [-10.852588665170797, 9.512082147298555],
              [-10.854862426594178, 9.455263725485551],
              [-10.81145422464509, 9.40826413426044],
              [-10.831763063216753, 9.392141155808657],
              [-10.765462199659114, 9.385216329448184],
              [-10.6751317950622, 9.306461373487437],
              [-10.685208699006834, 9.224502666849975],
              [-10.742569540569587, 9.163292000621327],
              [-10.746341919230398, 9.08381360640694],
              [-10.629346476473149, 9.070351801274237],
              [-10.593100657037242, 9.047616735176179],
              [-10.592179110718194, 9.041657477615512],
              [-10.611879841382247, 8.945139793724017],
              [-10.599684202998178, 8.815380222084459],
              [-10.481861937969482, 8.672469172975172],
              [-10.503307658252341, 8.631567314465764],
              [-10.565422729639279, 8.612782850387877],
              [-10.631878620712126, 8.532012596900874],
              [-10.669085653534813, 8.399075084623066],
              [-10.735283162856897, 8.287299005469958],
              [-10.715181029760901, 8.269599678673137],
              [-10.707894654562221, 8.303137790830611],
              [-10.659783895625816, 8.333265160499396],
              [-10.572657429918138, 8.304584644835412],
              [-10.554363971960584, 8.311845051949657],
              [-10.460209513152675, 8.392150254195272],
              [-10.389774536863833, 8.489095474606943],
              [-10.34429927690412, 8.499069032490832],
              [-10.282235880604237, 8.484625429173477],
              [-10.282907672967193, 8.432948771067782],
              [-10.331276815775171, 8.272286993721355],
              [-10.320941529020052, 8.183119204858057],
              [-10.384555217259679, 8.14211398977266],
              [-10.529249226245064, 8.124285478412856],
              [-10.56717972841686, 8.06320395918028],
              [-10.616220662516454, 8.022508782162991],
              [-10.615187133646124, 7.769035898931378],
              [-10.692598429080435, 7.737565014580275],
              [-10.730580607767923, 7.705474049437417],
              [-10.864025143091887, 7.543683822296726],
              [-10.977904011683547, 7.484918879431164],
              [-11.144213026321989, 7.345193473198846],
              [-11.217889363584995, 7.254080241993829],
              [-11.317211466526055, 7.213565910766149],
              [-11.373228718944015, 7.138841849924598],
              [-11.355141968507397, 7.084064913884692],
              [-11.389713500624584, 7.073522793459339],
              [-11.397723347502611, 7.012802967300796]
            ]
          ],
          [
            [
              [-13.882503704924751, 13.503781381533797],
              [-13.842690388615672, 13.476646196642564],
              [-13.818712524681578, 13.429362264529436],
              [-13.822562417521095, 13.378202526123848],
              [-13.851036132084936, 13.335750371664616],
              [-13.900567992361212, 13.3145630507332],
              [-14.116808025351071, 13.282161989321366],
              [-14.201686565800379, 13.229555407559435],
              [-14.368833984898533, 13.235704848922891],
              [-14.43143998222623, 13.261439731473326],
              [-14.470326496947166, 13.298259172880094],
              [-14.552109141075034, 13.323094279049347],
              [-14.592153689515259, 13.353139693769114],
              [-14.661606811094572, 13.34091801836421],
              [-14.731576702911113, 13.35900493240101],
              [-14.790332805183933, 13.417347581743455],
              [-14.949702919376417, 13.463081008135477],
              [-15.137650108086522, 13.589972750763504],
              [-15.181331442016486, 13.559843203125515],
              [-15.217955280261156, 13.514679979194151],
              [-15.227773802558373, 13.425176412947504],
              [-15.248341022555982, 13.398976461722741],
              [-15.342392129295119, 13.362570401471926],
              [-15.519538941518, 13.386600065334513],
              [-15.596123412869963, 13.355826713908158],
              [-15.692499960617431, 13.360348442483026],
              [-15.807118287244302, 13.339781202180188],
              [-15.82267289165677, 13.319420656473156],
              [-15.824367248958307, 13.248512054430924],
              [-15.826600302101864, 13.161678425377687],
              [-15.897441201337116, 13.157399142944897],
              [-16.673525348234168, 13.164313771187366],
              [-16.708406942911282, 13.156691637322314],
              [-16.748507855258428, 13.099227462553012],
              [-16.753651495493671, 13.065008829552252],
              [-16.786732552790802, 13.090074053150893],
              [-16.775502080405683, 13.112738265200266],
              [-16.796742316401776, 13.177232133164651],
              [-16.795033332833974, 13.235907336758219],
              [-16.829701302663505, 13.338527820280179],
              [-16.809966603244824, 13.379868995418276],
              [-16.762928842236906, 13.404974790065859],
              [-16.678822397900582, 13.496161346079388],
              [-16.652251756322812, 13.468247754754861],
              [-16.61685136794123, 13.478176272297498],
              [-16.59072832128502, 13.461371277072477],
              [-16.585316534062205, 13.443345346371308],
              [-16.624256966415246, 13.427232235980508],
              [-16.595529751690854, 13.385077200189841],
              [-16.590728320639876, 13.338527820280179],
              [-16.553863086052655, 13.295803181443681],
              [-16.429351367942722, 13.262193202561665],
              [-16.413929817320536, 13.239976320811028],
              [-16.419422983186138, 13.208197447949154],
              [-16.399769659822354, 13.224310552105408],
              [-16.377797005801238, 13.215033364888269],
              [-16.415272589285749, 13.267035185651428],
              [-16.439930793201377, 13.276434647510786],
              [-16.384632944027668, 13.28388103307144],
              [-16.374745247507818, 13.263861474077709],
              [-16.257964647794822, 13.32489654122967],
              [-16.230132616594961, 13.316392351325186],
              [-16.227609831992616, 13.25600831052682],
              [-16.185454880085935, 13.258286749397717],
              [-16.151275195998785, 13.28388103307144],
              [-16.199289516119816, 13.259100606322507],
              [-16.227121547519168, 13.333685536158637],
              [-16.216216598274631, 13.372747971172515],
              [-16.161203582137329, 13.428697118801125],
              [-15.99486243452648, 13.413031344871253],
              [-15.871327278680804, 13.440904075224381],
              [-15.764475065819228, 13.436916505480362],
              [-15.6686905577444, 13.475734700564344],
              [-15.620838998002521, 13.454820162106447],
              [-15.543446418751216, 13.509670355548092],
              [-15.500396287361319, 13.488185905367631],
              [-15.451079883932957, 13.490912282137101],
              [-15.41885331901484, 13.454575914815168],
              [-15.340565559026484, 13.440822659462716],
              [-15.304798957385863, 13.455308356262158],
              [-15.299956837660769, 13.496161346079388],
              [-15.301909962939853, 13.496161346079388],
              [-15.321848112800438, 13.458238122060145],
              [-15.351673955034586, 13.456732381063524],
              [-15.415760871595145, 13.473212013503003],
              [-15.465240037147336, 13.510158549754367],
              [-15.490834116390522, 13.502997266541472],
              [-15.556141732377943, 13.528306456181854],
              [-15.610666467460639, 13.489325125278848],
              [-15.672108530418468, 13.502997266541472],
              [-15.76988684953554, 13.465074042033082],
              [-16.090240035321091, 13.440496996416194],
              [-16.141590950015509, 13.454575914815168],
              [-16.178456185379204, 13.440985490986055],
              [-16.273019987699051, 13.362616366821571],
              [-16.28913326716653, 13.365871494696783],
              [-16.289133264348081, 13.406805593090223],
              [-16.316395637166774, 13.365871494696783],
              [-16.302113410887628, 13.352769267134233],
              [-16.390533009047797, 13.336859548546549],
              [-16.521839973523512, 13.359035575967246],
              [-16.503529424667672, 13.416937498681465],
              [-16.556548632580398, 13.485581802478533],
              [-16.548003710089475, 13.54808177752326],
              [-16.561399168845234, 13.586914100934973],
              [-16.085382943752666, 13.585168318195608],
              [-15.51819535225218, 13.583099576172174],
              [-15.502485716347948, 13.588267225265055],
              [-15.498030087681318, 13.641522164039602],
              [-15.46750077290363, 13.708285822877501],
              [-15.394068563708657, 13.77151195871442],
              [-15.3477664790163, 13.788642627629638],
              [-15.304461629574307, 13.781873097686175],
              [-15.267254596064975, 13.741797890984849],
              [-15.097704223590775, 13.819984413921777],
              [-15.016778932509879, 13.796885153103094],
              [-14.915803182601081, 13.792440930919762],
              [-14.86031380990012, 13.765595342285547],
              [-14.831312214042466, 13.735622606985803],
              [-14.796017212050678, 13.644697980841302],
              [-14.740930132608376, 13.615448982251356],
              [-14.667187869451945, 13.652888830361062],
              [-14.585539103134936, 13.660459297656217],
              [-14.523243161976982, 13.625655097425852],
              [-14.462134597295323, 13.516656189362902],
              [-14.347284910693876, 13.45235816143256],
              [-14.196828979513116, 13.51878832126056],
              [-13.988495445206768, 13.579146554478424],
              [-13.91808630412004, 13.554987698211988],
              [-13.882503704924751, 13.503781381533797]
            ]
          ],
          [
            [
              [33.964121934310782, 27.534124993927186],
              [34.006602408904939, 27.509466852030744],
              [34.028493687919045, 27.502020595971661],
              [34.051280144357023, 27.448635161913195],
              [33.956390816598315, 27.504380552801987],
              [33.933767119297627, 27.494696315404134],
              [33.913584824700614, 27.523749011083318],
              [33.964121934310782, 27.534124993927186]
            ]
          ],
          [
            [
              [34.732161959351423, 27.918942964287361],
              [34.70469477762714, 27.908368063938205],
              [34.661785769051292, 27.930218161975489],
              [34.681773327517533, 27.958703239991088],
              [34.731881999971939, 27.957140999677723],
              [34.732161959351423, 27.918942964287361]
            ]
          ],
          [
            [
              [34.506846556978864, 27.986232887669701],
              [34.511892117052568, 27.967474614997567],
              [34.570567259367358, 27.974107219833048],
              [34.5851343074306, 27.955145537835357],
              [34.620453326578442, 27.920355594163979],
              [34.518077013224108, 27.930405931639747],
              [34.48951257513513, 27.996039225104607],
              [34.517344588786372, 28.016546856678747],
              [34.544200075149625, 27.996039225104607],
              [34.506846556978864, 27.986232887669701]
            ]
          ],
          [
            [
              [32.989268425880276, 31.073431715881828],
              [32.978526237827815, 31.081691797457793],
              [32.977061393093237, 31.091253964885109],
              [32.989268425880276, 31.073431715881828]
            ]
          ],
          [
            [
              [33.375987172894995, 31.189520556489423],
              [33.475922068831615, 31.141750373938237],
              [33.269786002416303, 31.216782931049501],
              [33.375987172894995, 31.189520556489423]
            ]
          ],
          [
            [
              [33.104746942342096, 31.240301836864745],
              [33.262461782057095, 31.223618856081046],
              [33.102549671824903, 31.226751991906301],
              [32.934743689598641, 31.14793532114226],
              [33.078623895748734, 31.227118246483172],
              [33.104746942342096, 31.240301836864745]
            ]
          ]
        ]
      }
    },
    {
      "type": "Feature",
      "properties": { "fid": 3.0, "NAME": "Portugal", "Empire": "p" },
      "geometry": {
        "type": "MultiPolygon",
        "coordinates": [
          [
            [
              [32.961273633835496, -26.044122000926471],
              [32.949392125611062, -26.053969040882862],
              [32.913584831512843, -26.030450121845544],
              [32.906748894166817, -26.057793880101951],
              [32.895355663636266, -26.02841560576098],
              [32.918304883603007, -26.001397388973601],
              [32.982595246741823, -25.969008055061995],
              [32.961273633835496, -26.044122000926471]
            ]
          ],
          [
            [
              [35.434906442055897, -21.782891471543365],
              [35.437510608535703, -21.672946801991621],
              [35.46957441149079, -21.549086139964313],
              [35.490000842860518, -21.530205921891078],
              [35.490733265782566, -21.641859581837085],
              [35.45533288188723, -21.781345355695013],
              [35.434906442055897, -21.782891471543365]
            ]
          ],
          [
            [
              [32.480804886267393, -26.003187787084112],
              [32.501963737711115, -26.009454030297555],
              [32.508799677283179, -25.968519819343072],
              [32.54712975285031, -25.97893644125266],
              [32.650726760673372, -26.093357050199913],
              [32.680837437464653, -26.188164990400086],
              [32.698090039395467, -26.173435146399481],
              [32.748057490603109, -26.191501592626516],
              [32.842458524577737, -26.288669461746871],
              [32.879405142399293, -26.277520421150264],
              [32.868825719003432, -26.219414996963359],
              [32.894786001040274, -26.114678606841991],
              [32.954437693434443, -26.078871319757262],
              [32.918223506855085, -26.544203417635782],
              [32.879405142020993, -26.811944245447243],
              [32.893077017988482, -26.846123943997053],
              [32.352216022317037, -26.860271483717945],
              [32.113884315516621, -26.840014312804271],
              [32.107063029612306, -26.500293485640849],
              [32.059830769559575, -26.414820652457024],
              [32.039883667269343, -26.283665876424653],
              [32.081431517127911, -26.148790360965457],
              [32.057453651636493, -26.041200022373854],
              [32.070579467283821, -26.009780772699699],
              [32.004020223825052, -25.994381215747833],
              [31.949243202053122, -25.958104324517986],
              [31.90583499937684, -25.812996906475743],
              [31.954410849266264, -25.684942745940056],
              [31.995751995770306, -25.636883670746478],
              [31.966399779644878, -25.479683920566661],
              [31.988723997735757, -25.372610354659844],
              [31.991927942270532, -24.500415610035301],
              [31.986553587554116, -24.423107583519318],
              [31.926310768085834, -24.276739771350229],
              [31.869454792384442, -24.16379525862985],
              [31.856491130947649, -23.962957961811153],
              [31.850437872667364, -23.930631308358702],
              [31.741193891317966, -23.836786855973799],
              [31.642285192276717, -23.587861354433578],
              [31.527615189104225, -23.456809933870773],
              [31.536348517956267, -23.156983452962724],
              [31.279103234004481, -22.415323234297635],
              [31.288921752047735, -22.397339766412156],
              [31.43382246590075, -22.302048387998141],
              [32.408543337910203, -21.290327306992758],
              [32.445849258561871, -21.308993758351317],
              [32.37174971589068, -21.187904577776212],
              [32.380638062843737, -21.165477022672523],
              [32.339813681608113, -21.134057747559677],
              [32.491018921204258, -20.936343692629162],
              [32.46910811117403, -20.686849841327774],
              [32.481613810583028, -20.60303071144412],
              [32.513136434349882, -20.564583441265114],
              [32.646461630527533, -20.557968860408586],
              [32.671783080521905, -20.531820568471044],
              [32.735861857526636, -20.414205026391031],
              [32.85296065270709, -20.273851821781733],
              [32.885310100127718, -20.103009544273707],
              [32.926547892254952, -20.08647308753633],
              [32.953729695028336, -20.030249125502593],
              [33.007266479944043, -20.032006123004781],
              [33.001995476200896, -19.926999492080849],
              [33.032794637301144, -19.784165959355512],
              [32.962411341408234, -19.735383480630212],
              [32.960964391653057, -19.658798852391666],
              [32.943187702252004, -19.649290435769867],
              [32.872184279182683, -19.690218079002836],
              [32.819629357715307, -19.674301925602514],
              [32.832186729525297, -19.500875798350442],
              [32.825365437161132, -19.479171636924878],
              [32.763353724073433, -19.463978871351493],
              [32.768831425155625, -19.363623223924471],
              [32.828672735252319, -19.284558301645731],
              [32.862262404634841, -19.118056627077333],
              [32.855906206437162, -19.083743527618289],
              [32.814203332879877, -19.023799000279553],
              [32.698964876638541, -19.022248503175799],
              [32.681084845589368, -18.954966042017915],
              [32.715759718063666, -18.919825821700023],
              [32.69679447705041, -18.897191726600315],
              [32.691420123736442, -18.83424975293137],
              [32.787641635798451, -18.791254852779723],
              [32.885206751045509, -18.787844413498192],
              [32.902518349576617, -18.774511794143617],
              [32.922310425443705, -18.693173142257912],
              [32.871667515135954, -18.573180332843826],
              [32.870737344611918, -18.535766677608592],
              [32.996414431752072, -18.467140451241416],
              [32.98535566716982, -18.412466629359631],
              [33.042768191544141, -18.352005356532736],
              [32.95496993341532, -18.256300619815903],
              [32.975537147396167, -18.183333387027872],
              [32.927374708839324, -17.972906868947184],
              [32.952127734908998, -17.940247644011933],
              [32.936883182460896, -17.875031923150001],
              [32.946081576355994, -17.834724080339374],
              [32.999101599262474, -17.794313182253685],
              [33.004062539146922, -17.675560776264536],
              [33.024526405156543, -17.619233446615819],
              [33.006646354694823, -17.580992802562356],
              [32.951662634559391, -17.55143393721421],
              [32.936573119949379, -17.4983106480415],
              [33.011650989795328, -17.383990612116222],
              [33.021632527353148, -17.345555102712026],
              [32.983598676855578, -17.317753267410239],
              [32.969089676133088, -17.266114949633142],
              [32.954143106966256, -17.167168069351597],
              [32.828776086237369, -16.935140953081294],
              [32.916212603420725, -16.847911020646329],
              [32.968509156673022, -16.681616325235645],
              [32.893371620844675, -16.712415443262174],
              [32.769348188687374, -16.695465668902688],
              [32.730950336044621, -16.708656170613605],
              [32.698654828774664, -16.686784011002288],
              [32.671783082780379, -16.599760879493886],
              [32.290462688176966, -16.451759565945974],
              [32.211759480846176, -16.440184017857785],
              [32.014148807043689, -16.444938314489036],
              [31.910279172762028, -16.4289185128555],
              [31.885629517157316, -16.406284304910361],
              [31.871935258910415, -16.350370317915523],
              [31.818088417934558, -16.319571185004698],
              [31.710704795144615, -16.217872033058509],
              [31.519191936356272, -16.196477994721512],
              [31.465655151914007, -16.167745889423475],
              [31.404573608506919, -16.162268157495106],
              [31.295329630314825, -16.041655381781776],
              [31.259982951125586, -16.023465273710205],
              [31.11410038366223, -15.996903621132464],
              [30.989766886742199, -16.064289669123159],
              [30.901865274202542, -16.007135500557023],
              [30.857423541873853, -15.998143794317043],
              [30.4025675857634, -16.001244377494402],
              [30.396263061083005, -15.635995382892323],
              [30.412696166482029, -15.627933846169515],
              [30.365257202199182, -15.547421981580975],
              [30.392852417750621, -15.480759396346036],
              [30.371768431643076, -15.439831636716736],
              [30.364947142650227, -15.354152111823774],
              [30.334871460292621, -15.304749457871585],
              [30.28794926037018, -15.278911242723577],
              [30.263144571984608, -15.231265563634301],
              [30.225834187908259, -15.106311948797295],
              [30.214420891608146, -14.981965620273183],
              [30.318438354341932, -14.9669922740768],
              [30.485559942262295, -14.885963770540121],
              [30.815772333607438, -14.768244600320978],
              [31.410878131963056, -14.633575923043196],
              [31.658408239797428, -14.519577636607707],
              [33.202706747463637, -14.01387218317271],
              [33.280221398606884, -14.060794458341158],
              [33.290556687204678, -14.156912660450583],
              [33.35710549008175, -14.230565202895429],
              [33.457368201757106, -14.404339219182123],
              [33.512455288530411, -14.432968188014701],
              [33.545941604606014, -14.481647113758633],
              [33.595757693004401, -14.511412907601956],
              [33.618405584986107, -14.56184063458001],
              [33.632964716371234, -14.591407852003979],
              [33.662420284518127, -14.607014183621498],
              [33.684072711487538, -14.518750859022033],
              [33.720401246512544, -14.489708795351007],
              [33.774196407753102, -14.530016304641141],
              [33.802411746301722, -14.532806979512912],
              [33.916306595273866, -14.481337072195302],
              [34.050768678552103, -14.495186496891245],
              [34.077537062638342, -14.454671996565203],
              [34.109576455283815, -14.44144295684672],
              [34.18244023010925, -14.439479360492346],
              [34.335299107589535, -14.388836243195728],
              [34.380436308966281, -14.413643168154547],
              [34.426456334695459, -14.497563482304594],
              [34.518130325422362, -14.607427572513636],
              [34.505831336583483, -14.700341845379642],
              [34.542831658358388, -14.796253213779426],
              [34.551099889885336, -14.918312980938204],
              [34.58417280872191, -14.984458874755413],
              [34.548722779081508, -15.057632753715291],
              [34.559085119521114, -15.200177708795579],
              [34.565155884259624, -15.297308049353921],
              [34.50800174983533, -15.348054297609679],
              [34.480406534337561, -15.412856533431315],
              [34.410126586604534, -15.481276134927198],
              [34.419118286369049, -15.575327257931779],
              [34.404028767471765, -15.64684742135082],
              [34.342217822793742, -15.730323032747602],
              [34.247139119234717, -15.794125248668797],
              [34.233186482405571, -15.889830005167148],
              [34.244038532347716, -15.917631905184789],
              [34.304293253530922, -15.952151785721409],
              [34.404545532771536, -16.05974214210157],
              [34.38521854584279, -16.186452735943305],
              [34.42645633703571, -16.273889223099438],
              [34.445990034031119, -16.293216305376703],
              [34.524744913223351, -16.300760992082548],
              [34.575077757050678, -16.392331607823234],
              [34.637399532564238, -16.450519242821105],
              [34.654969520987663, -16.489379945931898],
              [34.732070756799843, -16.529170776735373],
              [34.819507282643869, -16.62776946334672],
              [34.844622031186852, -16.678412396087474],
              [34.886613110731446, -16.700848912611018],
              [34.905496870159034, -16.740837562488434],
              [34.948078248837433, -16.759337700944187],
              [35.004508909242993, -16.814631416686414],
              [35.095769489049324, -16.817318606563099],
              [35.118300410919261, -16.833441595271463],
              [35.12512170551323, -16.932867154559865],
              [35.113442829831826, -16.96025563293815],
              [35.044403117172571, -17.004697370137841],
              [35.03654830305652, -17.035910005685565],
              [35.069104452688805, -17.084072397574921],
              [35.066003869967744, -17.109807302752312],
              [35.133906697520736, -17.132028087356858],
              [35.291672873440319, -17.129368238775704],
              [35.314360796448511, -16.982269731820253],
              [35.270952599079315, -16.944235996820112],
              [35.285111939035076, -16.930076617768911],
              [35.285215290243691, -16.871062100241442],
              [35.310226681984339, -16.850598210321426],
              [35.285111938788837, -16.786726190411645],
              [35.278187294822906, -16.700736552026321],
              [35.222996868512162, -16.642135546896846],
              [35.174317664639922, -16.625495663355906],
              [35.131942991354634, -16.537645741382807],
              [35.228164510479502, -16.470259712931234],
              [35.237253461858678, -16.399090520539858],
              [35.266198361517944, -16.356468135751783],
              [35.251935671350154, -16.317814273159971],
              [35.258756954201552, -16.271512074430518],
              [35.299156138438462, -16.208720949230873],
              [35.393425739991741, -16.1285751338417],
              [35.4563676367491, -16.129401991069955],
              [35.488717083182564, -16.164645306286001],
              [35.514555297542103, -16.171363211377454],
              [35.529024698945328, -16.140770770968249],
              [35.697593220426434, -16.107491138212115],
              [35.785133095746453, -16.042275468377003],
              [35.796591427951036, -15.933197760747106],
              [35.837558281994831, -15.459198517003465],
              [35.837623210619093, -15.458280930519962],
              [35.840530232762966, -15.417197362329071],
              [35.788582504930005, -15.211427619537936],
              [35.790817505209908, -15.146826278233371],
              [35.904298953756296, -14.886893896292991],
              [35.863267864275457, -14.87666191229664],
              [35.847248167020005, -14.650422423308433],
              [35.750539403569967, -14.543142601142684],
              [35.522823524561822, -14.262745815326769],
              [35.455747519542463, -14.136965468412441],
              [35.084090619588743, -13.704227049770738],
              [34.863897596813224, -13.516283058771027],
              [34.795426068008375, -13.498761543467145],
              [34.651352177203009, -13.497831420864575],
              [34.58275973100794, -13.403625872186721],
              [34.545312136182019, -13.325748852917872],
              [34.549342896737116, -13.159092349610171],
              [34.49446252970386, -12.687389955804747],
              [34.355581017628914, -12.204939630427818],
              [34.380050904965174, -12.103859584997309],
              [34.563812294409722, -11.83090459651409],
              [34.604429974512421, -11.732616141487826],
              [34.616728965324278, -11.578310310097772],
              [34.964614707731357, -11.573556060245226],
              [35.423501424786799, -11.576553265530347],
              [35.441174765382094, -11.59143609549716],
              [35.498742309287856, -11.582340982657714],
              [35.531505167231082, -11.61272672312605],
              [35.532745400063014, -11.595570114806559],
              [35.57625695713255, -11.6051819613361],
              [35.664830362723713, -11.572005709134157],
              [35.703380980472552, -11.516505212917748],
              [35.695629514715662, -11.494594355532666],
              [35.764255820951128, -11.47485407991733],
              [35.826370888222634, -11.413462371822307],
              [35.93974898554827, -11.434133067979511],
              [35.970341429782557, -11.46121141125645],
              [35.969824668406488, -11.502449307382342],
              [36.022224570023624, -11.50565320603461],
              [36.168055462569328, -11.578723697004813],
              [36.179217570112776, -11.675565290127143],
              [36.199681435769989, -11.70150682196584],
              [36.240919227333762, -11.694582140256326],
              [36.278746377297978, -11.708844890631276],
              [36.378068481441417, -11.680939620585091],
              [36.494857218439556, -11.680939620585091],
              [36.50870649927235, -11.709775011228027],
              [36.545706826620687, -11.729412092303059],
              [36.625701944649251, -11.721350596424456],
              [36.738046510875833, -11.674738516277401],
              [36.820108684823218, -11.573556060245226],
              [36.866307414494351, -11.574176140604619],
              [36.905891558540674, -11.592779602952616],
              [36.998392374812624, -11.58461476086436],
              [37.032395465701242, -11.564874334376904],
              [37.071566204964711, -11.629159904470519],
              [37.141639446896377, -11.674738516277401],
              [37.270210408991886, -11.698406269778086],
              [37.340800414426617, -11.680939620585091],
              [37.378317504276744, -11.708844890631276],
              [37.450664512527183, -11.722590907441491],
              [37.48477095527462, -11.708844890631276],
              [37.50378788291259, -11.67267143144122],
              [37.572930951443098, -11.644146081506344],
              [37.647758421096668, -11.635981089021733],
              [37.816947062815579, -11.533558473972588],
              [37.81849735665287, -11.459867903866062],
              [37.875238077069362, -11.319101258904084],
              [37.938076618555442, -11.2839612717483],
              [38.093357268221069, -11.256310016271396],
              [38.115430135288584, -11.249544786941579],
              [38.166899861047966, -11.283754578312692],
              [38.210411419474617, -11.270008713795534],
              [38.256610145942503, -11.277139937737569],
              [38.347664023678171, -11.358788802394102],
              [38.492254677090273, -11.413462371822307],
              [38.654208618864921, -11.275796430407885],
              [38.715083454948797, -11.256469392531688],
              [38.759731893843636, -11.26318737980114],
              [38.896261026831645, -11.167689305419847],
              [39.060798787723421, -11.160144544500897],
              [39.126221151332608, -11.139680693019502],
              [39.238152302371944, -11.174200524074715],
              [39.286624796052138, -11.154150059434276],
              [39.498498169489174, -10.990645866345647],
              [39.785819133515631, -10.932561557048919],
              [39.885968058330057, -10.864452015035035],
              [40.008131144958796, -10.811121954316933],
              [40.161093383650574, -10.704358409334352],
              [40.250700316490523, -10.610927414800816],
              [40.389193156404524, -10.535273143322819],
              [40.436859570558717, -10.47478605357885],
              [40.469411655319504, -10.472588808985629],
              [40.464854362598999, -10.495863528745025],
              [40.483734570620648, -10.500095299362474],
              [40.510508659468428, -10.477715738068648],
              [40.527028841947761, -10.488457939534138],
              [40.53207441509079, -10.50945403653756],
              [40.499034049892764, -10.550469656009534],
              [40.506602409498541, -10.566338786045964],
              [40.56104576846424, -10.584649332140193],
              [40.577810092302187, -10.649834902317387],
              [40.631358270315403, -10.662855763111773],
              [40.654958529728361, -10.686944261564001],
              [40.569834833161998, -10.696709925834488],
              [40.485362175344648, -10.762139590396645],
              [40.492198112213501, -10.796970288635036],
              [40.512705926268069, -10.769626594524064],
              [40.620290561124392, -10.840915626351222],
              [40.528575066798176, -10.901950800420417],
              [40.496104361864596, -10.955743066671143],
              [40.506521030127651, -11.037204688378392],
              [40.54053795616516, -11.003106355833278],
              [40.566091342963524, -11.013929971534219],
              [40.552012565449559, -11.07431404549626],
              [40.49903404860396, -11.139580951421539],
              [40.50652103130394, -11.187432583987841],
              [40.427582227331889, -11.252862246607609],
              [40.397227411352986, -11.31080498091236],
              [40.348806188129991, -11.317071276994758],
              [40.375498892307625, -11.358656464516477],
              [40.382985875103401, -11.338148750144391],
              [40.436859569461106, -11.392185114656217],
              [40.465830927849275, -11.385186528841652],
              [40.458018425011971, -11.489027602302247],
              [40.423350454430341, -11.563164907423893],
              [40.458018424262292, -11.605075760556108],
              [40.427582227844745, -11.650079055036555],
              [40.448985221947794, -11.728448173709713],
              [40.470713737738599, -11.751234626561024],
              [40.479502799578334, -11.82341886769362],
              [40.492198114040278, -11.83904390337395],
              [40.520192906040954, -11.83904390337395],
              [40.486175975439529, -11.895196184142099],
              [40.536875847498628, -11.99684011395779],
              [40.49903404863467, -12.126560121647545],
              [40.524912954608467, -12.204522337805495],
              [40.505869987814556, -12.242608326655114],
              [40.4536238938148, -12.242608326655114],
              [40.451182486733551, -12.26360439536133],
              [40.475840689509113, -12.258070536110937],
              [40.513682487060329, -12.300551018122658],
              [40.509532096821438, -12.380303639874629],
              [40.561045767618076, -12.387139549139038],
              [40.52116946701301, -12.417575779298158],
              [40.478200717229825, -12.501071878249222],
              [40.502777533529681, -12.521416777580395],
              [40.562022332191276, -12.530043231346317],
              [40.564789263766066, -12.613051147450303],
              [40.619639517011677, -12.645114797372143],
              [40.602712434858475, -12.65894945140229],
              [40.585622594438767, -12.63982518280925],
              [40.568044471594469, -12.649590856203778],
              [40.57813560767832, -12.70631263914828],
              [40.608897333497133, -12.701836880423222],
              [40.646820504420354, -12.755303542380494],
              [40.626963741609892, -12.793633801838826],
              [40.583994985974186, -12.792657114140926],
              [40.56788170550184, -12.777520407762488],
              [40.574717637992812, -12.804864058109896],
              [40.53199303663785, -12.811456024244755],
              [40.554453978611868, -12.846856523741062],
              [40.524424677474187, -12.909356432247066],
              [40.510264522914092, -12.886000344041198],
              [40.484060097960231, -12.881280337166773],
              [40.410899280347564, -12.942071120027903],
              [40.417735220553375, -12.97185634638935],
              [40.483409043792179, -13.02190507122574],
              [40.512380408202979, -12.998956057641058],
              [40.500173376903312, -12.9480120623125],
              [40.589203316766337, -12.95794027075625],
              [40.595225463164525, -12.975681382060007],
              [40.561045763017617, -13.099053515327018],
              [40.567881709378192, -13.243340803437674],
              [40.527028841889802, -13.298272391671954],
              [40.529633014424732, -13.310235398428235],
              [40.56788171213163, -13.284763387406525],
              [40.567881712092685, -13.366631875747256],
              [40.588389524227317, -13.360446982578615],
              [40.546722853884368, -13.431817355273511],
              [40.527028837696115, -13.510593267918745],
              [40.595225459105841, -13.56519952028704],
              [40.539398630585048, -13.636407089172998],
              [40.650563997352478, -14.031914959274552],
              [40.634287950457455, -14.070733202842025],
              [40.595225456060632, -14.085381750605093],
              [40.616465697845769, -14.101495183771434],
              [40.619476758430693, -14.127211184901153],
              [40.538584837427408, -14.164483436642277],
              [40.560069204947737, -14.201836807210213],
              [40.554209833406915, -14.230075806208387],
              [40.588064000535361, -14.20615004710028],
              [40.60206139106554, -14.243584837383123],
              [40.580902536463704, -14.257256700822568],
              [40.601898639124165, -14.263116242683404],
              [40.622569203785183, -14.250420769044782],
              [40.622325070015812, -14.221286794596699],
              [40.696299670584708, -14.182549652531799],
              [40.720713740265147, -14.204766577728893],
              [40.724131713802009, -14.250176821758386],
              [40.746104358866312, -14.270928564727516],
              [40.732432480564377, -14.339938918260669],
              [40.684580928720997, -14.367120120835263],
              [40.636241074581925, -14.339938918260669],
              [40.656586135821172, -14.449151334432768],
              [40.629649287934797, -14.449883777521244],
              [40.643077015920611, -14.470147335866679],
              [40.622569203667148, -14.490655143168],
              [40.636241078510864, -14.504327015326055],
              [40.6294051515913, -14.56633894210114],
              [40.665293821475927, -14.52385843380948],
              [40.700531448157747, -14.432061496816168],
              [40.773285354800876, -14.401299791036557],
              [40.82837975951557, -14.434258825986928],
              [40.842539917672852, -14.464450923211167],
              [40.832041859595186, -14.494073111160615],
              [40.760020373769954, -14.526136879052329],
              [40.786957222464522, -14.539157725216853],
              [40.81609133531115, -14.517185028803057],
              [40.833750848971732, -14.538750945816105],
              [40.811371285063601, -14.612969567394538],
              [40.843516472590245, -14.668552352888856],
              [40.840098503850953, -14.798272391280607],
              [40.787608263863227, -14.8219539404062],
              [40.709727412435747, -14.895277646170264],
              [40.674082884517993, -14.90154397809761],
              [40.643077024166566, -14.85377379019779],
              [40.653656453835744, -14.908461338125996],
              [40.670909056596287, -14.92205181044843],
              [40.746104369608538, -14.92205181044843],
              [40.773936400611817, -14.997735402618469],
              [40.670909057964288, -14.97665795351659],
              [40.661957230599391, -14.994887041768566],
              [40.711924674904743, -15.072930595299365],
              [40.622243686077859, -15.09807708238886],
              [40.602061393898651, -15.128106376193255],
              [40.533213737960743, -15.120700778297619],
              [40.512705924716556, -15.182061450963252],
              [40.580902539766079, -15.203220305857023],
              [40.609629754382134, -15.161309509784012],
              [40.660411003638124, -15.178969001590492],
              [40.681651237722818, -15.233005462115079],
              [40.677500846601419, -15.260918870993159],
              [40.656586133663815, -15.271579679091586],
              [40.666840039890438, -15.299248954078541],
              [40.588389519907999, -15.408623971802614],
              [40.573252800866946, -15.504978137979963],
              [40.533376497180811, -15.530938394858467],
              [40.49903405034933, -15.525323181037214],
              [40.495941602623475, -15.55152761275389],
              [40.425791862152707, -15.615004150427977],
              [40.363617385854212, -15.714776331696855],
              [40.164561392724437, -15.915622632397696],
              [40.122243685474587, -15.939629807107114],
              [40.109711134695623, -15.972263290748984],
              [40.064952020767841, -15.989190392858356],
              [40.0720320965208, -16.009535406918062],
              [40.129079621141578, -15.963555565604278],
              [40.134776240200651, -15.986504853110981],
              [40.104746940222512, -16.064060140945418],
              [39.992360871748055, -16.222426019138236],
              [39.875254755156966, -16.244805616306053],
              [39.783376496008692, -16.301934469810529],
              [39.800629102242567, -16.31991953303519],
              [39.807953323943927, -16.388929994772248],
              [39.855967646332587, -16.429782848502093],
              [39.793793164398252, -16.463799728070647],
              [39.786387566020451, -16.436455988336377],
              [39.746104365170915, -16.443291960903331],
              [39.765961133398669, -16.463799728070647],
              [39.729014523165922, -16.479180665781989],
              [39.715098500958227, -16.515069218864351],
              [39.678396033817798, -16.546075190868564],
              [39.204356312631447, -16.816989786694759],
              [39.147471549283296, -16.876641522252758],
              [39.129079620550073, -16.871840061815927],
              [39.117930536971116, -16.901788051287291],
              [39.080739783031568, -16.915704083670466],
              [39.122325069442681, -16.91741307534101],
              [39.12232506225731, -16.936781446807167],
              [39.074554882716519, -16.991387607047141],
              [38.970469599525423, -16.996270482325158],
              [38.875498892835346, -17.045586827940582],
              [38.718272335930457, -17.059665687531655],
              [38.662933787933937, -17.025567281971014],
              [38.684906446865618, -17.054131783227362],
              [38.666758658050874, -17.075371970978686],
              [38.595469596836516, -17.094414969311309],
              [38.599782747521274, -17.076104417121385],
              [38.553070505915024, -17.121758671283946],
              [38.512217646194863, -17.104668914148821],
              [38.505381706970518, -17.13543059651375],
              [38.222829622346744, -17.243584883229286],
              [38.172862179058157, -17.28753027285661],
              [38.137705921843938, -17.263848513899916],
              [38.136241082130681, -17.196465755162865],
              [38.121755408786846, -17.176934565791296],
              [38.116709832830914, -17.201918240762293],
              [38.080821159798369, -17.190687754653723],
              [38.129649287815496, -17.256605773501398],
              [38.108083532126933, -17.273207325122467],
              [38.127940298609076, -17.28630948005619],
              [38.039886916149079, -17.327813427961242],
              [37.908864776933314, -17.355157108278849],
              [37.724457225789692, -17.468357008982494],
              [37.717051632129959, -17.456963851798161],
              [37.692067905306317, -17.467054951069926],
              [37.615244979923517, -17.523858197352649],
              [37.580577016722913, -17.518975481275838],
              [37.38559004110801, -17.654880485348265],
              [37.360850455063449, -17.649997621900777],
              [37.3339949795091, -17.681084753336474],
              [37.2829695881004, -17.690606230419299],
              [37.242198110408189, -17.736504773048988],
              [37.1894637394931, -17.738702105774106],
              [37.18506921188105, -17.775648776886815],
              [37.086436397438796, -17.869073231938945],
              [36.984060090548901, -18.012383698026987],
              [36.97722415594825, -17.985121367682048],
              [36.915049679270105, -17.944919599839938],
              [36.887950060760744, -17.881035978816573],
              [36.832774279678006, -17.877618008296114],
              [36.819590695376434, -17.903252935899506],
              [36.851735881183366, -17.882907946296097],
              [36.873545769850132, -17.899021106141298],
              [36.90748131410551, -18.014418195638971],
              [36.977224152936266, -18.046563374939822],
              [36.887380403993681, -18.189060137428502],
              [36.826426630552611, -18.177504190616723],
              [36.811208527397547, -18.186944226053978],
              [36.785410998931511, -18.232110200419562],
              [36.847504102025596, -18.198011977420506],
              [36.766286654385233, -18.300225508877627],
              [36.584971547639135, -18.478936417139217],
              [36.552012568785457, -18.486016579880328],
              [36.538340682412759, -18.540703892708223],
              [36.511078315384751, -18.527032066505488],
              [36.517914264430942, -18.553643577375894],
              [36.472911009672934, -18.556410508466683],
              [36.479502806279029, -18.576430049379848],
              [36.417491082473781, -18.688734640789949],
              [36.401866077597887, -18.711358258614084],
              [36.401621940396943, -18.689385665077236],
              [36.384287964131225, -18.69866313635174],
              [36.372406441890597, -18.741794461422401],
              [36.401866086468345, -18.739353196422574],
              [36.407481315871102, -18.78484465688334],
              [36.358897329244094, -18.804131723729288],
              [36.295420774263405, -18.780206074656526],
              [36.238129098318858, -18.694105666169751],
              [36.264170761068264, -18.830254685447741],
              [36.250336127752341, -18.862888176203228],
              [36.266937696559808, -18.890883080199327],
              [36.244313998031622, -18.883233331519147],
              [36.146739126755385, -18.900485897991697],
              [36.131846558388737, -18.886325917404108],
              [36.133067250235065, -18.808574126733991],
              [36.108571818933598, -18.805922264216768],
              [36.009532100567228, -18.920831047009003],
              [35.976735874106282, -18.924900016314872],
              [35.982758004289146, -18.904554867984242],
              [35.968923374498523, -18.892998980831248],
              [35.928965690345557, -18.965101810158103],
              [35.907481311641597, -18.969821800770024],
              [35.87354576410219, -18.944105645709801],
              [35.855316604882624, -18.951348613858407],
              [35.846934449503522, -18.968926832161696],
              [35.87354576434641, -18.972588722809316],
              [35.867442246437491, -18.988457815579036],
              [35.662282752973312, -19.132989273717602],
              [35.640879759800441, -19.170668323465542],
              [35.668223509804896, -19.170668323465542],
              [35.565196154863223, -19.25261801151051],
              [35.585703966860279, -19.25261801151051],
              [35.339854367500493, -19.520684578067879],
              [35.12680097520424, -19.705010644931058],
              [35.06706789833683, -19.72600665726819],
              [35.012543169691348, -19.779473644744343],
              [34.982269730580498, -19.801364902137337],
              [34.973155152619121, -19.79094831981913],
              [34.880056181475581, -19.863376483827373],
              [34.840017122838297, -19.844414969273291],
              [34.823090031130803, -19.786716254327857],
              [34.764984574727244, -19.739841467032569],
              [34.705821157905696, -19.715590066510899],
              [34.642914261840964, -19.643812806265146],
              [34.626719599271055, -19.595879854622908],
              [34.568614125608221, -19.575941607202388],
              [34.530446813287213, -19.616306286997119],
              [34.546071815512086, -19.622735360891241],
              [34.582041860125848, -19.602715704057978],
              [34.613780151586369, -19.611586325045149],
              [34.691905136650028, -19.742933727440068],
              [34.735036657759473, -19.756768534698423],
              [34.777598495342922, -19.81503657075638],
              [34.757578968089327, -19.869073108930742],
              [34.735118033386641, -19.886895413729018],
              [34.709239123054772, -19.883884272432002],
              [34.711761912660357, -19.901055557431118],
              [34.743337442821428, -19.890069384267644],
              [34.764821810347833, -19.903252851986849],
              [34.764984578347665, -19.993096736982142],
              [34.748871289982191, -20.026788018698163],
              [34.774912957126766, -20.152113542134231],
              [34.756521030191557, -20.180352475227082],
              [34.705821160050114, -20.157484633844522],
              [34.663828972492155, -20.16708750631463],
              [34.655284050176341, -20.151462500980109],
              [34.670746289726864, -20.188571868385466],
              [34.743337435693313, -20.226495044832138],
              [34.679942253308667, -20.346937746348207],
              [34.698741081048823, -20.373223549984033],
              [34.670176629107083, -20.388360285802591],
              [34.640310092211486, -20.376071876565774],
              [34.664561393272251, -20.428480714743824],
              [34.709239127992497, -20.445570554059564],
              [34.716319207051434, -20.466973566862983],
              [34.712657098091128, -20.497165641325907],
              [34.668304883097349, -20.54111091982983],
              [34.73991946599763, -20.524346596183943],
              [34.749685091342222, -20.560153892974913],
              [34.764984571426524, -20.548597922145518],
              [34.832530144740318, -20.612074489364367],
              [34.851817253811795, -20.670830984860434],
              [34.880381709059698, -20.651137011329023],
              [34.893565299147454, -20.65846118179665],
              [34.868011914849973, -20.694431245499594],
              [34.872406444194283, -20.713067285933388],
              [34.907888215465434, -20.692559477463515],
              [34.955577021181199, -20.695977508242077],
              [34.993337434712373, -20.730157137642266],
              [34.99659264361177, -20.780694262567241],
              [35.016123896057131, -20.775160449062344],
              [35.023936394725538, -20.794366156004465],
              [35.003428583070267, -20.825453400706692],
              [35.009613477226452, -20.842868751743111],
              [35.051931184556558, -20.883884349183646],
              [35.037608267008061, -20.938409080165425],
              [35.079763216828191, -20.91375090616879],
              [35.112478060488037, -20.952650640581801],
              [35.107676629796238, -20.998711860075726],
              [35.077647333030356, -21.000176707934536],
              [35.065440301512588, -21.017836220858392],
              [35.08594811267092, -21.027764575594748],
              [35.07878665472419, -21.085056243476764],
              [35.048106318175378, -21.096612273688439],
              [35.024912957179772, -21.084893490950741],
              [35.016449415582692, -21.11109792456341],
              [35.057953321039371, -21.137627863643807],
              [35.059418163346031, -21.197930569954842],
              [35.085948114105513, -21.213311474052471],
              [35.088552281054355, -21.227308869208944],
              [35.047536654022196, -21.252862222033365],
              [35.072276233722789, -21.26799888624242],
              [35.07227623783411, -21.321954031298006],
              [35.097178579072981, -21.297133023341864],
              [35.126963735983864, -21.178643455076475],
              [35.111827019766864, -21.289646104482216],
              [35.120127800594766, -21.377211205650873],
              [35.151621942666715, -21.453871378947348],
              [35.27100670654054, -21.644138271647751],
              [35.268565299050834, -21.773614175892476],
              [35.311859573272194, -21.894626595931509],
              [35.335785353141006, -22.089125275870508],
              [35.305674671441878, -22.388604370049631],
              [35.311534053332252, -22.413018539386449],
              [35.360362174969488, -22.439873955530327],
              [35.394053581676751, -22.487725514045326],
              [35.39779706754495, -22.433363486905613],
              [35.427989126306848, -22.405694227587883],
              [35.404633005302607, -22.36939863900032],
              [35.390879754562512, -22.271579693717584],
              [35.414886912902695, -22.206475486407342],
              [35.435883012426871, -22.242771145123669],
              [35.44906659913724, -22.226820526600303],
              [35.414886918237713, -22.17913181937999],
              [35.441416862997997, -22.119561455967254],
              [35.477386912096414, -22.091485238705822],
              [35.496836784873366, -22.096612236024939],
              [35.517344599199703, -22.310153937905028],
              [35.551442908250195, -22.17913181937999],
              [35.542246937432104, -22.409925985325998],
              [35.492686394809006, -22.564873968308788],
              [35.489431179307168, -22.690036615865818],
              [35.537852414837147, -22.946954105884785],
              [35.55144290328473, -22.91961025847511],
              [35.585134306800484, -22.927178581596628],
              [35.585703977488436, -22.905938490658517],
              [35.606130402907809, -22.914727440905121],
              [35.478526237065012, -23.176853109281133],
              [35.489431179288509, -23.275323077195655],
              [35.424082876567311, -23.480645405973235],
              [35.405772325274775, -23.717217610726575],
              [35.390391470749606, -23.747979407316912],
              [35.381602417172239, -23.67766702696267],
              [35.340342647064595, -23.676202124622051],
              [35.36719812273175, -23.727715890908154],
              [35.332367389425102, -23.964532234619906],
              [35.387705929802387, -23.912693034095941],
              [35.371592639241939, -23.878187691320136],
              [35.380137556581751, -23.844414839714506],
              [35.466075060486325, -23.880140805948042],
              [35.475840687086126, -23.782403197924332],
              [35.527354360821725, -23.802992415437359],
              [35.543223505173017, -23.863213816375989],
              [35.485687701737263, -24.036390962193042],
              [35.493500203561631, -24.110528356761286],
              [35.304372581416651, -24.375746209006234],
              [35.191172711509687, -24.489027461100545],
              [35.180674669806145, -24.530694199455272],
              [35.106455927029273, -24.597914348078618],
              [34.812266474277365, -24.74138765828166],
              [34.648936394624016, -24.81275807928564],
              [34.480153851800516, -24.852227602350542],
              [33.729177279721611, -25.105075775295489],
              [33.277191602170163, -25.296807552256624],
              [33.332530143699969, -25.248467702008398],
              [33.319183789559254, -25.252373950136747],
              [33.214610222578486, -25.297295838688314],
              [33.221446160001513, -25.318047784018834],
              [33.241953972418841, -25.309828388555559],
              [33.227305536374985, -25.331963818215346],
              [33.132007747720465, -25.37916530944662],
              [32.844737174547632, -25.572686450056874],
              [32.76954186393214, -25.681735947162711],
              [32.737315298983638, -25.767347901815949],
              [32.739919464563371, -25.825860252545265],
              [32.73471113239107, -25.803968987189478],
              [32.704274934366765, -25.824151278890312],
              [32.68702233484737, -25.885918914636431],
              [32.658760946523834, -25.910562040518361],
              [32.591481965756749, -25.969008055061995],
              [32.516612177571794, -25.94996513509362],
              [32.485199414403034, -25.965427334319379],
              [32.480804886267393, -26.003187787084112]
            ],
            [
              [34.73248417281075, -12.109027223436444],
              [34.76235315100076, -12.040297573861963],
              [34.738271933671776, -12.009498438723918],
              [34.694140258382085, -12.000403323688175],
              [34.65589969918085, -12.076264348030717],
              [34.669025510330563, -12.117812148748026],
              [34.688972616285128, -12.12453013888582],
              [34.73248417281075, -12.109027223436444]
            ],
            [
              [34.627477661292396, -11.987277535215489],
              [34.59843550412613, -11.970534310204544],
              [34.561641888538766, -11.978595957541147],
              [34.544071897732266, -12.011358680268813],
              [34.611147910674276, -12.072543714544542],
              [34.641223592083549, -12.017869976336195],
              [34.627477661292396, -11.987277535215489]
            ]
          ],
          [
            [
              [11.671369884280956, -16.529743695704902],
              [11.701977018603632, -16.500393389804341],
              [11.719745932529433, -16.506082622581427],
              [11.725759312262435, -16.618422203053846],
              [11.738506687894541, -16.705822070177913],
              [11.701973057661167, -16.655673646682899],
              [11.669394142602373, -16.557209556745047],
              [11.671369884280956, -16.529743695704902]
            ]
          ],
          [
            [
              [39.90330170512302, -16.409805639057335],
              [39.878475567366628, -16.416889766583317],
              [39.832454851501289, -16.390516863410017],
              [39.821337249204738, -16.317412448673938],
              [39.832347014171837, -16.299772729156508],
              [39.909537140468196, -16.27582714379049],
              [39.943576813037794, -16.279272019004157],
              [39.946372182190714, -16.302192388558343],
              [39.915147536425224, -16.348977076042015],
              [39.90330170512302, -16.409805639057335]
            ]
          ],
          [
            [
              [13.521324098205739, -17.121899572511587],
              [13.530935913280462, -17.093270785150676],
              [13.479776245435731, -17.010278442594732],
              [13.363710976924231, -16.964182993577559],
              [13.34594653853101, -16.96871121255462],
              [13.267489459547456, -16.98537031113932],
              [13.16630700622529, -16.951057241930716],
              [13.014274943118698, -16.977928980816003],
              [12.887150918629615, -17.029812045296453],
              [12.876402223281158, -17.059784507245787],
              [12.818317912495516, -17.104846317516159],
              [12.636210163603373, -17.185151449162142],
              [12.567170451028993, -17.234554139452499],
              [12.460510293772453, -17.223081959477849],
              [12.417928912910774, -17.203444870618046],
              [12.379481648561422, -17.220394772648884],
              [12.242642456955783, -17.224839018234729],
              [12.170708862317342, -17.149184688497808],
              [12.139909707397118, -17.156005929573869],
              [12.088129921617526, -17.139159371572593],
              [11.942092327285955, -17.180500658051127],
              [11.82240970840293, -17.264423084201169],
              [11.766123893428412, -17.252699446395734],
              [11.750743035681495, -17.216892221586985],
              [11.780013158343525, -16.869467421713164],
              [11.768141037198793, -16.768251289060643],
              [11.78592141525449, -16.763520127933727],
              [11.803709509872744, -16.824033351569945],
              [11.820474057330609, -16.78147168158738],
              [11.821950717583871, -16.479099249394526],
              [11.77914472685846, -16.099867437924459],
              [11.806976758800213, -16.018812746568337],
              [11.736618369230115, -15.900203236347803],
              [11.735524936263896, -15.85711029935505],
              [11.763519726523722, -15.789971585210981],
              [11.804942253700096, -15.769219641534882],
              [11.818369988115775, -15.792413025716398],
              [11.84424889378551, -15.793552329570376],
              [11.894704623374267, -15.746677363657701],
              [11.910166863082768, -15.676202085803897],
              [12.005137565955637, -15.594333589422009],
              [12.040375196249363, -15.463311470563418],
              [12.030039910273166, -15.436944285000415],
              [12.056407096897306, -15.233086840889898],
              [12.10499108214619, -15.172784121694985],
              [12.145274285130089, -15.168633729713983],
              [12.148936394023398, -15.134209895386693],
              [12.112478061072915, -15.115166929355389],
              [12.115000847004083, -15.093926691238927],
              [12.16049238191464, -14.953545705054211],
              [12.196136917350776, -14.908461338125996],
              [12.2077742862993, -14.833265962009172],
              [12.235606317175412, -14.823012048378649],
              [12.272715691686962, -14.750583633860911],
              [12.266368036486657, -14.696058943093],
              [12.299001495772707, -14.507582151526117],
              [12.34213301012886, -14.367120120835263],
              [12.342133009105924, -14.270440369702216],
              [12.314219598131723, -14.18222428939503],
              [12.348887567353907, -14.168552428474925],
              [12.355804884226634, -14.14234792949896],
              [12.328786654591061, -14.092217679648599],
              [12.399912956304917, -13.951592660880872],
              [12.415537959125825, -13.878594797736527],
              [12.450531445919474, -13.862481372746512],
              [12.485687697503511, -13.877129913584158],
              [12.502452020979169, -13.855238668546953],
              [12.512705926009257, -13.61679459597627],
              [12.533355067897157, -13.567038735828749],
              [12.512705925189218, -13.442071234761004],
              [12.522146031101615, -13.410577155493508],
              [12.634450714874898, -13.343356885650463],
              [12.656504754096838, -13.255629171569996],
              [12.694102409415692, -13.218356989294643],
              [12.71208743606916, -13.222588804687021],
              [12.761485221911501, -13.192966397998289],
              [12.944834832588114, -12.982354465077869],
              [12.958832226472405, -12.929131732889838],
              [12.927500844904387, -12.842054801017319],
              [12.939463736604601, -12.816664224310166],
              [13.178558789810911, -12.601739177858585],
              [13.232758010554797, -12.613051147450303],
              [13.276866081890713, -12.578301683440667],
              [13.328379751963707, -12.599379025085101],
              [13.392914256953301, -12.570407669650217],
              [13.469248893712528, -12.494805577246957],
              [13.479014520050026, -12.419122075609156],
              [13.505625847063451, -12.371351825393948],
              [13.575450066980681, -12.311456056053084],
              [13.561778190827583, -12.34612394405749],
              [13.630218946710205, -12.263441714319436],
              [13.705088738633034, -12.078057594534634],
              [13.715179883029657, -12.008396023294095],
              [13.766449415063724, -11.920505471530269],
              [13.792601164162438, -11.748739884441928],
              [13.781911654834122, -11.481052329667124],
              [13.79525800933369, -11.332207966155636],
              [13.819021030386963, -11.295586876234177],
              [13.846527539759688, -11.113702062528811],
              [13.843435091684565, -10.945733306323806],
              [13.731455925339731, -10.764255494297975],
              [13.76978600426969, -10.694268509769369],
              [13.764984570786339, -10.662041907677841],
              [13.52759850405497, -10.406508075651381],
              [13.517344597083113, -10.298435161123077],
              [13.48908627563603, -10.249259575168399],
              [13.442637565923867, -10.179375902339517],
              [13.431162957001179, -10.13054778409653],
              [13.317393425103642, -9.976332299337601],
              [13.335215692273611, -9.926690478306762],
              [13.305430534360573, -9.842461788432871],
              [13.191172721164522, -9.69003663851889],
              [13.223887566675018, -9.614190426763363],
              [13.169932487261439, -9.466403832786888],
              [13.170664911475132, -9.402520584203076],
              [13.143402540221036, -9.330254837668328],
              [13.045420769153971, -9.189060169441834],
              [12.996348505312827, -9.093845443619612],
              [12.992360872267307, -9.038018412932717],
              [13.030284051015188, -8.959568071592726],
              [13.08643639449255, -8.892347965901081],
              [13.136566603003722, -8.871026403585152],
              [13.042816600788461, -8.96249752931895],
              [13.000173372761306, -9.072035390647867],
              [13.013031445577411, -9.08375412198629],
              [13.086924673784269, -8.959730602269701],
              [13.137461785850711, -8.94085060611118],
              [13.191172721104287, -8.850518395719302],
              [13.194590692302191, -8.80608502876181],
              [13.241547070381994, -8.760674673937697],
              [13.259532097911146, -8.754815457362348],
              [13.19800866045925, -8.823174785418979],
              [13.2780054059502, -8.782484730974646],
              [13.287119988231643, -8.756036089930506],
              [13.380137565031831, -8.755059403620191],
              [13.410899283734226, -8.651950647884206],
              [13.371001371608488, -8.581555623703069],
              [13.342051628223475, -8.467461764474193],
              [13.379893424854394, -8.453789956537786],
              [13.378916861903729, -8.347100401255146],
              [13.264903190790395, -8.169691641834737],
              [13.189300977753563, -7.975762713543166],
              [13.094134885586213, -7.792776507111271],
              [12.939282648364989, -7.435969172839836],
              [12.911472617514374, -7.335110555519029],
              [12.849963117176237, -7.265919003212367],
              [12.833262565893026, -7.005791911088512],
              [12.815196160555264, -6.946954106714589],
              [12.833506707068855, -6.912286075029069],
              [12.799571159867579, -6.923272376578128],
              [12.779633009152301, -6.914727492065631],
              [12.706879102003386, -6.81422291544442],
              [12.620425358507637, -6.73482270795509],
              [12.458181185493817, -6.465752791084568],
              [12.395575571518442, -6.324452672166614],
              [12.31914930994734, -6.220139805220321],
              [12.275060382983478, -6.114769135519044],
              [12.333647693116774, -6.078436286473607],
              [12.324780828819572, -6.122353106089546],
              [12.496927621058903, -6.094594283678956],
              [12.645518425159102, -6.02898530734069],
              [12.742537742094354, -6.04935626270189],
              [12.81743084815519, -6.031749833457134],
              [12.927569027783347, -5.981218294723932],
              [12.98587963707665, -5.901139794103209],
              [13.046372105030445, -5.885679237392465],
              [13.111827019168429, -5.8902320531914],
              [13.183913258714099, -5.856426843862712],
              [13.269349812761403, -5.863516913002396],
              [13.342523641150471, -5.890595419235091],
              [13.380454142080085, -5.856385610303841],
              [13.64152347887129, -5.865790692167261],
              [13.943572224859107, -5.841606120845692],
              [14.021190226266674, -5.872508682892149],
              [14.140149373745718, -5.863516913002396],
              [14.241848592056179, -5.889561876422524],
              [14.482144002146407, -5.885531127049745],
              [14.576608521141207, -5.90465140621095],
              [14.759651665047004, -5.880469163171603],
              [16.100855891984136, -5.858107806123336],
              [16.315727172689545, -5.854628564992059],
              [16.396135700692358, -5.894109359648665],
              [16.497318156243306, -5.882843960801435],
              [16.597363727675749, -5.924701806315202],
              [16.580723918273637, -5.955397674873513],
              [16.60118778478121, -6.050585608590464],
              [16.632193644110753, -6.065261751307323],
              [16.611109659954863, -6.089756362978926],
              [16.695859008851446, -6.14091601868016],
              [16.726761515922394, -6.189181814523289],
              [16.720973754742722, -6.342350740390187],
              [16.697409300845703, -6.349792158430735],
              [16.692965128738123, -6.398367994025389],
              [16.718906697231496, -6.415317915629521],
              [16.706090942494303, -6.465030565412174],
              [16.72779504439276, -6.465960836541353],
              [16.721697224187167, -6.491799030748105],
              [16.747328736405308, -6.521978089564594],
              [16.730792277698157, -6.569830497001155],
              [16.760351196281995, -6.691993435028522],
              [16.823086384873466, -6.785114428137926],
              [16.832904907210221, -6.827799195231763],
              [16.914967081831158, -6.864076012085506],
              [16.928713011654438, -6.968669093807963],
              [16.955274698586368, -6.981484843197691],
              [16.97315474345756, -7.01476445275169],
              [16.961165812354061, -7.069231499564939],
              [16.929126423384606, -7.060653117736821],
              [16.945662881933576, -7.204623712595822],
              [16.989071085310748, -7.254853239663215],
              [16.996099080363283, -7.297951389498841],
              [17.082502074637102, -7.342289699861787],
              [17.097894948079382, -7.378293574938089],
              [17.118158813011195, -7.425488791032029],
              [17.132214803444164, -7.409572490331752],
              [17.176553181921602, -7.428175956724636],
              [17.148544555719258, -7.472617762413011],
              [17.21779097624832, -7.585995902364253],
              [17.286417275857854, -7.625166421127336],
              [17.288897746007599, -7.699477234673117],
              [17.3037805593092, -7.692449355904583],
              [17.320420369711577, -7.713636639324875],
              [17.315976197079983, -7.753634230713502],
              [17.342434530101496, -7.784019974143273],
              [17.375404092948671, -7.79228801352413],
              [17.380985146598665, -7.823190490202408],
              [17.400002073454012, -7.823397183673582],
              [17.390700318474298, -7.839210435877358],
              [17.420569293314134, -7.843861038947013],
              [17.426357056927614, -7.875487242589181],
              [17.452401975594352, -7.883961975152845],
              [17.434108521072996, -7.915794871771363],
              [17.4683183177217, -7.939462474979964],
              [17.468318317559874, -7.959926329334569],
              [17.481857545427648, -7.945663879683526],
              [17.496223592696175, -7.987211668496998],
              [17.536531207886171, -8.015116787297256],
              [17.536218702051858, -8.075402177477311],
              [17.628411906071964, -8.098005968814428],
              [17.713264608576424, -8.068343656220826],
              [17.789539020213148, -8.081779331351937],
              [17.867983845571732, -8.044469060375256],
              [17.930822388405666, -8.062142552255562],
              [17.981878702435349, -8.105343886647889],
              [18.098150675252498, -8.109271362578461],
              [18.092879678290235, -8.056354534751724],
              [18.120371541849327, -8.022455005813512],
              [18.192718547021261, -7.99692686185566],
              [18.366558066323062, -8.016770635368141],
              [18.420508260053495, -7.998270369326807],
              [18.507634725585266, -7.997546942227048],
              [18.50432743443023, -7.940702936177825],
              [18.516523071226153, -7.932227903375257],
              [18.738525024150821, -7.93233125010652],
              [18.773768352043511, -8.001991151977284],
              [19.355541627075837, -8.001991151977284],
              [19.33094364282903, -7.898638112506851],
              [19.381379842476388, -7.703921444924721],
              [19.355644977967714, -7.57411012548591],
              [19.443908326851961, -7.575247240102156],
              [19.468713013640773, -7.521090240826846],
              [19.513154743546117, -7.479438948187479],
              [19.476361125277531, -7.31593477595611],
              [19.487213174870874, -7.153877451123681],
              [19.542610310807216, -7.052281579624093],
              [19.521836384443649, -7.001948703448462],
              [19.963079167098826, -7.001948703448462],
              [20.294295694421621, -7.001948703448462],
              [20.319513794863223, -6.918543060521257],
              [20.611485636908867, -6.915959241262263],
              [20.524462524294567, -7.143128787565447],
              [20.520535115595038, -7.28637580208808],
              [21.784954059933117, -7.283378596029884],
              [21.842418252806457, -7.369884934800964],
              [21.832909789359661, -7.390762180125246],
              [21.860918415044996, -7.469827099794607],
              [21.846655721068327, -7.514268904926053],
              [21.854097128584478, -7.585995902364253],
              [21.826558138094253, -7.645600836035257],
              [21.770484658299747, -7.806757457913468],
              [21.753948202870486, -7.997340248769937],
              [21.799630166233275, -8.04085162451682],
              [21.81513309597263, -8.096765507697121],
              [21.851203248350895, -8.143481230856144],
              [21.873217408955028, -8.264094062611953],
              [21.913146326587768, -8.333003188598509],
              [21.899882444373848, -8.348843175321957],
              [21.943910767962794, -8.45591697597329],
              [21.916212200997343, -8.576839829643458],
              [21.935952596827462, -8.58314427879294],
              [21.906910440040292, -8.645465943100211],
              [21.859884887284075, -8.846383927467381],
              [21.839731078187718, -9.09236374078662],
              [21.851616657027471, -9.233750390409281],
              [21.791982055657609, -9.406143124565189],
              [21.819887328003929, -9.447690879914992],
              [21.854097125405598, -9.617809661886222],
              [21.878901813015439, -9.657083785037935],
              [21.942360471775991, -9.722919491868049],
              [21.956519814793037, -9.761780225419971],
              [21.984425092111518, -9.748757950233838],
              [21.998377727354832, -9.809115981316644],
              [22.055841918562031, -9.875365066886182],
              [22.090981890603182, -9.877121959289163],
              [22.159918250863363, -9.931485580642827],
              [22.209734333980709, -10.098193866965005],
              [22.202809692082617, -10.130646671389009],
              [22.31339725785217, -10.368564953370534],
              [22.271849405969096, -10.481736346417527],
              [22.305955851956444, -10.550672706789431],
              [22.308573271441421, -10.612519262279323],
              [22.326419718352231, -10.694643216738928],
              [22.31949507669135, -10.76130583172788],
              [22.22399703073717, -10.797065974477395],
              [22.165499307535054, -10.852359698059736],
              [22.196091755771558, -10.992299488905172],
              [22.243840779596212, -11.078289063612024],
              [22.255519653735846, -11.166552416435215],
              [22.237639608168408, -11.249544786941579],
              [22.281771281402079, -11.236729042953202],
              [22.340269002024435, -11.180195009152031],
              [22.440314575609115, -11.146915413778286],
              [22.469356729661321, -11.122420739970806],
              [22.500982706258135, -11.042425650291598],
              [22.537569621512112, -11.037154667366304],
              [22.727738891156207, -11.096789252322768],
              [22.85310591554882, -11.053070962857293],
              [22.931137329157657, -11.096789252322768],
              [23.014336384332736, -11.102473622115228],
              [23.19675419071153, -11.071881191706964],
              [23.373280884729496, -10.975142957688345],
              [23.455963174443021, -10.960983556324546],
              [23.641584920317197, -11.004495152432819],
              [23.752275838409027, -11.008215859519403],
              [23.833717896344272, -11.028473017503483],
              [23.867410928638172, -11.016380700701147],
              [23.96745650185002, -10.872306816168264],
              [24.003733357378088, -10.982480950048593],
              [23.990090778721971, -11.113532396663253],
              [24.015308878690952, -11.130482309555426],
              [24.011174765057838, -11.272902572100991],
              [24.061714315838969, -11.406951227985999],
              [24.009934531636645, -11.459454516976825],
              [24.009727824567246, -11.523429894094095],
              [23.954640748040749, -11.636911359799086],
              [23.990194133388744, -11.824083411262945],
              [23.967043091707787, -11.882891162037895],
              [23.954330690086778, -12.151918683422792],
              [23.959601683888916, -12.196670386807027],
              [24.016859172611738, -12.27893937442529],
              [24.030811807349863, -12.385082677692498],
              [23.928699177384907, -12.56160937137073],
              [23.865653927241819, -12.789709025443891],
              [23.895109496016758, -12.849757145223048],
              [23.971797319428244, -12.933369554896064],
              [24.000632768078258, -13.00147904309812],
              [21.979877559408418, -13.00147904309812],
              [21.980353102757402, -13.694822172617089],
              [21.98380497310724, -16.165885554562838],
              [22.045196573233294, -16.252288489864597],
              [22.011710245234443, -16.252288489864597],
              [22.055841918392495, -16.364633058805058],
              [22.105554646042425, -16.379412538263793],
              [22.079923136921693, -16.457754035416123],
              [22.104004354534347, -16.536715611801956],
              [22.138110798163282, -16.552631913312933],
              [22.151650024586679, -16.597693774844064],
              [22.237742963247921, -16.665493331600093],
              [22.290762982347715, -16.656398282384011],
              [22.333654417591138, -16.673658101077493],
              [22.377992799996512, -16.73484309567915],
              [22.416646768201048, -16.754480058979041],
              [22.508527466698396, -16.906202107875455],
              [22.554519491534613, -16.924185501169262],
              [22.573433065963833, -16.971004388546636],
              [22.65167118321553, -16.998702907064846],
              [22.710478962391687, -17.055443606967462],
              [22.765152628809901, -17.169648561493819],
              [22.876153607078965, -17.248093420254165],
              [22.998626748505444, -17.293775288139809],
              [23.097638793948622, -17.432164813606033],
              [23.176186971081368, -17.478156842187481],
              [23.189726199649009, -17.536551305890111],
              [23.32015750756139, -17.546369612636976],
              [23.382272583237327, -17.601043402295328],
              [23.381652465581109, -17.641144295899199],
              [21.386838825784476, -18.014454847840273],
              [21.364824666781359, -17.992027304357087],
              [21.216616660396369, -17.930635750204686],
              [21.093109984783577, -17.938077051671286],
              [20.986454530800739, -17.965771104144398],
              [20.908315064512117, -17.986136213224036],
              [20.894465783296919, -18.012594598400732],
              [20.806202431758063, -18.031404687553174],
              [20.73747277607352, -17.993474165202219],
              [20.722486617427435, -18.006496813561053],
              [20.666262657226586, -17.980245121896491],
              [20.565493614173246, -17.985206088358069],
              [20.437542762738548, -17.894462110110428],
              [20.386796504191913, -17.890327919280988],
              [20.336153604066837, -17.85487800280541],
              [20.278172647069518, -17.85487800280541],
              [20.243446083800791, -17.882783268635954],
              [20.193113237998972, -17.8721378991522],
              [20.154562617246707, -17.890327919280988],
              [20.034259883190792, -17.895908971729355],
              [19.951991002754102, -17.862319307284451],
              [19.793964472787788, -17.862319307284451],
              [19.771020136337164, -17.890327919280988],
              [19.711282182639501, -17.87296467731948],
              [19.672628215943096, -17.842682422463081],
              [19.421274048838519, -17.859425583521322],
              [19.246607706258356, -17.804028430259386],
              [19.160824825096594, -17.800927710580126],
              [19.020574989685056, -17.822321804129142],
              [18.890040322884001, -17.799274153626317],
              [18.761986124742066, -17.747701135394795],
              [18.642820267539861, -17.638043573778358],
              [18.619669230999424, -17.594842257310233],
              [18.554143510468588, -17.546369612636976],
              [18.516626425755351, -17.471335609134972],
              [18.489858034142273, -17.46244727630144],
              [18.453581175313303, -17.389893436779854],
              [18.000482988003512, -17.389115626676904],
              [17.278972031757391, -17.388928159119875],
              [15.559114345748011, -17.388545412857184],
              [14.219111768899021, -17.388137280362162],
              [14.174979286313741, -17.416248399610438],
              [13.957318154336566, -17.41914227948309],
              [13.884351034130209, -17.338527171069643],
              [13.694130086973642, -17.236621240811427],
              [13.521324098205739, -17.121899572511587]
            ]
          ],
          [
            [
              [13.065331258171238, -4.663951952167522],
              [12.802918335527684, -4.739813014815771],
              [12.76622806734953, -4.825182285458419],
              [12.696981647642779, -4.875618532944435],
              [12.678894897578019, -4.924297885143625],
              [12.606961303674716, -4.942229458234228],
              [12.587737671000172, -5.000313823008177],
              [12.550427286998172, -5.024188333682214],
              [12.444387248001556, -5.055090841243082],
              [12.444697305987114, -5.093538103863364],
              [12.524072306012956, -5.12909149310543],
              [12.530686889000167, -5.162681172021103],
              [12.5089827881416, -5.726264365688356],
              [12.344445027807959, -5.724610667156287],
              [12.258972209053249, -5.736702990307213],
              [12.210541211832282, -5.763441638752917],
              [12.161794467192109, -5.681247684432356],
              [12.147227410024366, -5.617933855878416],
              [12.17017662909473, -5.55462006519102],
              [12.228282097010112, -5.523695572605448],
              [12.229258659957933, -5.466892178204095],
              [12.124611914044726, -5.184828060481213],
              [12.023122592006823, -5.045993749161028],
              [12.023285352004541, -5.035251560766802],
              [12.06782263199346, -5.046252993872848],
              [12.080891585000453, -5.075509126064719],
              [12.100527406008563, -5.080022219439678],
              [12.137054130997308, -5.014996054529358],
              [12.112884833000246, -5.002009817030786],
              [12.097859003996712, -5.054042887433718],
              [12.079587688006209, -5.020231729051644],
              [12.009607690999418, -5.01963083589212],
              [12.130814656179467, -4.91292883462233],
              [12.192206257440834, -4.763480635524866],
              [12.213496947254754, -4.769165010400667],
              [12.23520104860601, -4.803994987877297],
              [12.321914102672402, -4.778156783577364],
              [12.374107299593289, -4.683175659848909],
              [12.387026407148561, -4.605454055105273],
              [12.429091024181684, -4.607521291631993],
              [12.623807820175184, -4.559255329639678],
              [12.718479044844793, -4.451871992728991],
              [12.737909382395767, -4.404949540536014],
              [12.761680542573904, -4.391203815145297],
              [12.782655682864156, -4.400070610157833],
              [12.869890991480304, -4.411977723872814],
              [12.921980834365277, -4.502307936196721],
              [13.027194051356926, -4.612172198286606],
              [13.073702839414745, -4.635323084388642],
              [13.065331258171238, -4.663951952167522]
            ]
          ],
          [
            [
              [6.66000410200038, 0.107326568034517],
              [6.61622155, 0.078111068891901],
              [6.578379754, 0.078111068891901],
              [6.557302280000016, 0.028265690963749],
              [6.544200066000053, 0.043931381169191],
              [6.526621941000084, 0.024115301787281],
              [6.461680534999876, 0.222154037970103],
              [6.47087649799886, 0.267889711112375],
              [6.53305097699477, 0.348130584326742],
              [6.641856315994132, 0.410793345331755],
              [6.681407097002128, 0.407131257379698],
              [6.746104363001498, 0.338080149431244],
              [6.756521029999065, 0.250067445884662],
              [6.674571160000403, 0.133368233535386],
              [6.653330924999977, 0.124579168025195],
              [6.66000410200038, 0.107326568034517]
            ]
          ],
          [
            [
              [7.405772332055287, 1.556463971241308],
              [7.401377800009912, 1.531195386726239],
              [7.33253014398727, 1.565334368311773],
              [7.330088737955866, 1.614650753824181],
              [7.364024285109375, 1.62938067220443],
              [7.385264518958571, 1.692328165912883],
              [7.448741082073162, 1.693182729507284],
              [7.462738477074669, 1.674546663817209],
              [7.428721549997896, 1.647853906595707],
              [7.461761914905901, 1.630804694500164],
              [7.438243034925602, 1.623928078818245],
              [7.43051191508906, 1.572740035286623],
              [7.405772332055287, 1.556463971241308]
            ]
          ],
          [
            [
              [-13.561105924986675, 9.78823485718836],
              [-13.604115362889317, 9.78017802684297],
              [-13.651193814440294, 9.842840926304161],
              [-13.66478430778993, 9.83661519403401],
              [-13.650542773280776, 9.777004324249999],
              [-13.661284958857101, 9.7545432580813],
              [-13.728911913189018, 9.744086021963771],
              [-13.749826627338294, 9.799872167124875],
              [-13.681996223320251, 9.913478936307254],
              [-13.690362453731472, 9.950763327884175],
              [-13.702015752325627, 9.911688396221976],
              [-13.749745247393697, 9.86347089323667],
              [-13.784657355391296, 9.850246432246225],
              [-13.827707486748009, 9.855373505827709],
              [-13.927642380305324, 9.935939699242546],
              [-13.945383267915735, 9.966945783941467],
              [-14.058338995987587, 10.025295313952471],
              [-14.046131965031694, 10.079494535686726],
              [-14.020334439018047, 10.094427803530202],
              [-13.993763801013149, 10.076157946121073],
              [-14.028187628975548, 10.116603905943597],
              [-14.041615363984564, 10.101304427703106],
              [-14.068348761946675, 10.118109437525082],
              [-13.999908006930239, 10.199693095165022],
              [-14.089344855967166, 10.138251041257744],
              [-14.092274542998137, 10.068589584849978],
              [-14.130279100981932, 10.048895573482673],
              [-14.179798956987504, 10.090277409959413],
              [-14.178781704947575, 10.110296937628549],
              [-14.123646614013085, 10.162583727095925],
              [-14.137766079911723, 10.179185281669406],
              [-14.153146938976082, 10.156317448014002],
              [-14.18492591101761, 10.15192292046804],
              [-14.182484504037108, 10.129543364094905],
              [-14.222401496041552, 10.106105864466716],
              [-14.25059973903009, 10.140529692496131],
              [-14.243885871043011, 10.18231843055292],
              [-14.270130989013666, 10.159735420132675],
              [-14.376698370908443, 10.234442442569675],
              [-14.43195553290812, 10.234442442569675],
              [-14.452544725922371, 10.214585672720263],
              [-14.46304277285323, 10.330023493276988],
              [-14.548003710221286, 10.425604576407434],
              [-14.53559322839984, 10.507473061528534],
              [-14.596424933860703, 10.47597889714757],
              [-14.644276495933855, 10.4877383428733],
              [-14.65119381416377, 10.475083738724649],
              [-14.663807745944093, 10.529201560692449],
              [-14.650461392099256, 10.570257887635945],
              [-14.596424933953735, 10.603745831448832],
              [-14.628651496138803, 10.617254960642281],
              [-14.615223762275233, 10.691310960951158],
              [-14.607289191769057, 10.705389698447254],
              [-14.590240037919591, 10.699367573881112],
              [-14.568511523142895, 10.73102449186845],
              [-14.500233527588035, 10.891099320067127],
              [-14.519927537624692, 10.885402707839903],
              [-14.521351692448611, 10.850816181790261],
              [-14.573475715137816, 10.812404700389953],
              [-14.629709438899992, 10.706447650412898],
              [-14.699818489431618, 10.643133888827686],
              [-14.703724738825214, 10.670843803755631],
              [-14.678334113652181, 10.693101277655698],
              [-14.705718553553584, 10.68634671322639],
              [-14.719349738918886, 10.699367573881112],
              [-14.699086067151891, 10.756252357418649],
              [-14.651356575018454, 10.80996328439053],
              [-14.664702928639732, 10.81663643304147],
              [-14.723133918488605, 10.765122825628533],
              [-14.760324673918667, 10.699367573881112],
              [-14.795074022618762, 10.768255898579511],
              [-14.754139777510023, 10.802964548505022],
              [-14.740467903440553, 10.87189365462028],
              [-14.77257239455477, 10.836493197994052],
              [-14.808705207200449, 10.823472412850023],
              [-14.795074022918726, 10.89858632402777],
              [-14.819732225614333, 10.91201403672715],
              [-14.808705207300404, 10.939601976983525],
              [-14.731760219703526, 10.966457402259767],
              [-14.71629798141749, 11.000962662547531],
              [-14.664702928983417, 11.035793359792571],
              [-14.685170051290992, 11.06366610419769],
              [-14.694976365510266, 11.038478872267381],
              [-14.726796028291691, 11.025824307274384],
              [-14.741525844629638, 10.989081094923213],
              [-14.801258918194867, 10.980536214210119],
              [-14.795480924106901, 10.999701246783514],
              [-14.810658331567611, 11.014471715618852],
              [-14.843495245579312, 10.967474646388279],
              [-14.874623176288475, 10.973293381942833],
              [-14.894439256953861, 11.030259503680163],
              [-14.918568489434021, 11.028957455233231],
              [-14.898793097654412, 10.993231487012991],
              [-14.911122199493308, 10.960028350267827],
              [-14.959584114196971, 10.980536214210119],
              [-14.911122200174217, 10.925930092684007],
              [-14.939808723049126, 10.889105539586051],
              [-14.980051236340875, 10.874986094826321],
              [-14.973215299429832, 10.820054460500117],
              [-14.945912238631637, 10.792792031885709],
              [-14.959584113614538, 10.768255898579511],
              [-15.031564907629535, 10.792792031885709],
              [-15.079457161143242, 10.858710038384832],
              [-15.074330207025874, 10.89687734787228],
              [-15.027821417944271, 10.929348044983877],
              [-15.02098548057428, 10.967474646388279],
              [-14.959056355619044, 11.035761589690299],
              [-14.863144896761247, 11.218644494097264],
              [-14.828211628785235, 11.334787277941858],
              [-14.711061159042274, 11.497568127460239],
              [-14.64538041106397, 11.515060461763641],
              [-14.520943563918049, 11.512890180555384],
              [-14.432267987074122, 11.560575531168103],
              [-14.339223388548596, 11.610610218183586],
              [-14.289691527518841, 11.668849555166794],
              [-14.161844034783456, 11.660943079627712],
              [-14.11856502292502, 11.637998753656724],
              [-14.015134644645755, 11.637120306456868],
              [-13.945423137167328, 11.675670890057464],
              [-13.923744873594268, 11.665025575913559],
              [-13.886408651253362, 11.675567543326224],
              [-13.870053060460727, 11.743677096134471],
              [-13.846281900485867, 11.737269147946032],
              [-13.815766967323825, 11.686832937915209],
              [-13.770007486866771, 11.688693329301866],
              [-13.7299324131464, 11.709828937793645],
              [-13.723937948118476, 12.00278270239281],
              [-13.734919189061152, 12.019267410702909],
              [-13.807757120391127, 12.04427882734182],
              [-13.842406169472094, 12.091304455850727],
              [-13.918396362894452, 12.137761528734995],
              [-13.972527423974306, 12.151559072734688],
              [-13.943924520416205, 12.218635180388002],
              [-13.840003214524454, 12.277132908832797],
              [-13.795690673136743, 12.278734783859944],
              [-13.808558106070503, 12.256100638446597],
              [-13.740836142342804, 12.256927412637442],
              [-13.695324440977449, 12.292492523081949],
              [-13.660711833327193, 12.458672202243939],
              [-13.73463496829676, 12.585331069051202],
              [-13.728278766582372, 12.673387663123648],
              [-13.359801389657793, 12.649736563200191],
              [-13.338612632490044, 12.6392297369056],
              [-13.284145669226158, 12.653337178367362],
              [-13.221539671080114, 12.648376230665628],
              [-13.201902631073507, 12.63339034135395],
              [-13.145316937823804, 12.643932317507748],
              [-13.076458089933263, 12.635922338349843],
              [-13.059327353313892, 12.603469636108166],
              [-13.082710936733548, 12.515671266202933],
              [-13.066742919494628, 12.480117864174749],
              [-12.981037556774917, 12.466992069922856],
              [-12.949489097030154, 12.535928591473139],
              [-12.913134726691263, 12.536341978689261],
              [-12.849210977894533, 12.495000704415768],
              [-12.838617310292495, 12.466371989147158],
              [-12.783478557672799, 12.4530911749019],
              [-12.773272461795388, 12.435056107959404],
              [-12.66751664185087, 12.433660776049708],
              [-12.578129722651273, 12.361528322927889],
              [-12.521918294453597, 12.386893649879479],
              [-12.466753703348758, 12.384464850171293],
              [-12.40551713127741, 12.35645621898194],
              [-12.360920370135201, 12.305606598319375],
              [-12.192041789311221, 12.348756432969852],
              [-12.103985149423449, 12.407357515659058],
              [-11.997583374820222, 12.386376915943893],
              [-11.923944457524158, 12.418777936804926],
              [-11.839608520586184, 12.386686956305212],
              [-11.757804727287279, 12.383327885302883],
              [-11.643083049363458, 12.417641122108996],
              [-11.515390583460521, 12.431645363389778],
              [-11.388421590216703, 12.403895097795298],
              [-11.388628296318549, 12.384464850171293],
              [-11.44722937010785, 12.374542957827824],
              [-11.44459387371128, 12.28948359968831],
              [-11.507794148637174, 12.191608347949188],
              [-11.470793823349911, 12.134609302256193],
              [-11.409557250454668, 12.107892512058219],
              [-11.351317912514423, 12.040403173816394],
              [-11.274991820331916, 11.996271406398296],
              [-11.184624431658921, 12.021072223552135],
              [-11.159391642390336, 12.077506762323784],
              [-11.072781942594952, 12.14949213745351],
              [-11.052318074151065, 12.202512032852812],
              [-10.952117471752832, 12.219461954550319],
              [-10.909794475769205, 12.200135057174055],
              [-10.86964188647476, 12.138433282694296],
              [-10.80494299365591, 12.095955360440106],
              [-10.807785197268728, 12.022833174118913],
              [-10.711356974542603, 11.890386504787205],
              [-10.655081339925987, 11.898964735189736],
              [-10.613791869788514, 11.967694377582642],
              [-10.559479940059756, 11.99518626550889],
              [-10.566507935588234, 12.01725214901748],
              [-10.515089884525002, 12.052908882278354],
              [-10.511627563494839, 12.11807276885083],
              [-10.445688435439406, 12.120708261478635],
              [-10.381402954499505, 12.180136255933773],
              [-10.353394327453227, 12.166493581529974],
              [-10.323577026544768, 12.201995299009177],
              [-10.311019654029401, 12.191039940726711],
              [-10.266939656211836, 12.217808256012979],
              [-10.24781937714077, 12.20106517809123],
              [-10.060182252175666, 12.147528398726445],
              [-9.88877152576811, 12.060556992872808],
              [-9.833684448689185, 12.05513098774402],
              [-9.778649047477426, 12.026657154215556],
              [-9.722993530212284, 12.025416993171103],
              [-9.68630326349302, 12.068153430134549],
              [-9.675141154652531, 12.133989221680359],
              [-9.628167277333791, 12.170162692136888],
              [-9.515616007601212, 12.207059591113778],
              [-9.438876506021591, 12.254756980174504],
              [-9.360173299284565, 12.246643807830843],
              [-9.336815552133332, 12.269846510519431],
              [-9.309168659461708, 12.357748053781782],
              [-9.339166829407153, 12.37061547954762],
              [-9.347150838726197, 12.396453828591218],
              [-9.407250529669012, 12.445133021126354],
              [-9.398155477676379, 12.473245001741562],
              [-9.327307088931489, 12.497532851213085],
              [-9.294079143500799, 12.483786975919598],
              [-9.265863809799765, 12.495207398014189],
              [-9.14731807571348, 12.465493541382308],
              [-9.027765494025266, 12.404751163711934],
              [-8.993839070976849, 12.38751373060254],
              [-8.964745239190538, 12.346275959964823],
              [-8.994278320650094, 12.224836287047159],
              [-8.973840292534303, 12.187577673800828],
              [-8.927021444657507, 12.187370980266085],
              [-8.906040812048822, 12.147735092254054],
              [-8.922112183400879, 12.045364118484594],
              [-8.819792846227905, 12.01265291808936],
              [-8.797830362522777, 11.925112963887793],
              [-8.847233033107459, 11.657945874231613],
              [-8.777211466711339, 11.635931668856115],
              [-8.726516887560773, 11.649470991718331],
              [-8.656753702917729, 11.496431163287539],
              [-8.575208293352834, 11.47028294020858],
              [-8.549576783540651, 11.490126712730374],
              [-8.539424992104651, 11.45631205559676],
              [-8.527562622793816, 11.42338651109301],
              [-8.427723755070277, 11.400080473625174],
              [-8.375323851866062, 11.36765348743238],
              [-8.426070108577521, 11.340471647908839],
              [-8.417956908483012, 11.325511309081131],
              [-8.371034708438541, 11.320550366162204],
              [-8.376719115744068, 11.294660511103343],
              [-8.406691447554438, 11.275281950018414],
              [-8.492577678569335, 11.277788258135143],
              [-8.498778848999304, 11.233501485926061],
              [-8.551798869021271, 11.210738019629137],
              [-8.578153849257813, 11.142060070898777],
              [-8.62461096217827, 11.122035442985114],
              [-8.633680176293057, 11.071289201290604],
              [-8.696906291055429, 10.996048285871296],
              [-8.696234497280722, 10.962742853908319],
              [-8.6809382728445, 10.952304159630723],
              [-8.559550334273775, 10.971605360547358],
              [-8.505755168091975, 11.052789012587983],
              [-8.410463825857171, 11.04191109480541],
              [-8.369329386005527, 11.054235941713788],
              [-8.326592977044417, 11.023850204748863],
              [-8.305095582112077, 10.978245762576968],
              [-8.303648641034192, 10.87489288750386],
              [-8.341940878257775, 10.76324598612198],
              [-8.315585896721544, 10.753091495007006],
              [-8.311141723767815, 10.735288971084254],
              [-8.295535441076458, 10.537445790435283],
              [-8.228872843868169, 10.423421714684384],
              [-8.189030314003771, 10.413629048546298],
              [-8.135441854097136, 10.42732331667006],
              [-8.115494751079025, 10.360247306235093],
              [-7.99627722095352, 10.328259576282663],
              [-7.962584187937876, 10.233252452897153],
              [-7.989662639028687, 10.16199066622757],
              [-8.034879516971241, 10.085793758772402],
              [-8.127535359992608, 10.037114561936798],
              [-8.158489543792777, 9.984921483603843],
              [-8.136268676004807, 9.96944412801561],
              [-8.152391724279108, 9.949988228340608],
              [-8.174715942689316, 9.933038183162063],
              [-8.14954952086849, 9.905339789979482],
              [-8.150996460652392, 9.866143184287621],
              [-8.128103800607825, 9.866246530900385],
              [-8.123504597218068, 9.844852279747865],
              [-8.161021688252095, 9.553604062856691],
              [-8.145363729865021, 9.497147656405968],
              [-8.070432902754659, 9.397541318641514],
              [-7.991574665707319, 9.385319676097803],
              [-7.933025269094673, 9.414258540256141],
              [-7.870600138338282, 9.41859939987221],
              [-7.929562948212968, 9.183885025185774],
              [-7.878713338189656, 9.163912080611059],
              [-7.847914185316606, 9.168562980952471],
              [-7.823367879862587, 9.131976158259279],
              [-7.748202715765127, 9.075403170242529],
              [-7.827036906492006, 9.057820416501578],
              [-7.931836711880533, 8.996558070444848],
              [-7.968940389135742, 8.812848228252173],
              [-7.958915161373807, 8.781997439319344],
              [-7.803679157596272, 8.749053578929979],
              [-7.696812297732928, 8.62484947868727],
              [-7.679242310355975, 8.505089278458019],
              [-7.689577597635404, 8.438659277538841],
              [-7.662447470061766, 8.37486461555406],
              [-7.720738485474228, 8.368534329061871],
              [-7.77101965256017, 8.386517558052558],
              [-7.823832966365138, 8.477855619099863],
              [-7.845743774533871, 8.474315994421787],
              [-7.848585978633823, 8.428634045997182],
              [-7.898582926744562, 8.426282607953489],
              [-7.970542357715726, 8.496950124616438],
              [-8.200295776734849, 8.491834162294071],
              [-8.254401000713825, 8.446513927748267],
              [-8.235280721201105, 8.379515517975602],
              [-8.245305949701644, 8.28507675066051],
              [-8.265976521258965, 8.24598345174066],
              [-8.182932495530576, 8.191671746803999],
              [-8.085522420298176, 8.162035272100953],
              [-8.003305215711841, 8.184049325341046],
              [-8.021288614879335, 8.10265897481116],
              [-7.965637542803134, 8.026927455612286],
              [-7.962635864358181, 8.015170864073436],
              [-8.011986858311023, 8.035557207753117],
              [-8.067228964638906, 8.020751887794995],
              [-8.079114542333565, 7.957654804256565],
              [-8.128878947675105, 7.882569197666525],
              [-8.131204387556682, 7.842416588071985],
              [-8.098260661513836, 7.791877029989493],
              [-8.115133016444377, 7.776890851834531],
              [-8.12738033081472, 7.713018661872668],
              [-8.197866983227117, 7.618554032139855],
              [-8.200244099737478, 7.576334483905255],
              [-8.228976196232479, 7.544295190398893],
              [-8.303235230443923, 7.589305401587509],
              [-8.33677323335065, 7.597831808384389],
              [-8.390878458950871, 7.585791311862044],
              [-8.414804646385717, 7.612921334212658],
              [-8.485446330732534, 7.557989535429861],
              [-8.566526651265399, 7.623411629485143],
              [-8.567405151052739, 7.688213942102504],
              [-8.686571003261069, 7.694363373588249],
              [-8.727576252951772, 7.622016448456099],
              [-8.729617472273285, 7.508690133383777],
              [-8.790388957109791, 7.450812499835436],
              [-8.799225626280695, 7.412210235861433],
              [-8.860617227855924, 7.357639846932882],
              [-8.85782670110947, 7.273045573030975],
              [-8.925419473799694, 7.248602563596162],
              [-8.957200479872652, 7.286481402040875],
              [-8.981023314984103, 7.250566302139595],
              [-9.106085324189822, 7.202974971335185],
              [-9.125407267777206, 7.190208192114111],
              [-9.119619506955237, 7.237957247041451],
              [-9.153079997152332, 7.275474371952924],
              [-9.18147619708194, 7.275681065459973],
              [-9.206280884140764, 7.298367029710035],
              [-9.234341185577357, 7.381307604808398],
              [-9.29950516831622, 7.376605177441713],
              [-9.319400594385641, 7.411951868987314],
              [-9.349217895696546, 7.42156356733136],
              [-9.37515946460343, 7.419289788631328],
              [-9.407353881817349, 7.378052031951114],
              [-9.438101358693723, 7.42156356733136],
              [-9.487098761344219, 7.373204198105169],
              [-9.353507039546065, 7.622429835427736],
              [-9.374694376852199, 7.646924515528271],
              [-9.355470744334911, 7.741905878033661],
              [-9.367753447778936, 7.757545183728658],
              [-9.438669799333917, 7.866239212053049],
              [-9.448436645807543, 7.907838975959438],
              [-9.424148722091148, 8.026177891412692],
              [-9.451537231983481, 8.051757708424534],
              [-9.474223184095811, 8.028813232958282],
              [-9.459805460277265, 8.068784982789895],
              [-9.481406209328517, 8.164696450173423],
              [-9.530137085097081, 8.185496179424931],
              [-9.509156453376796, 8.265594692986895],
              [-9.539387166968778, 8.314584040301712],
              [-9.49913122651045, 8.343471249254778],
              [-9.600158650798409, 8.410883047047461],
              [-9.619537311991291, 8.392718661101553],
              [-9.677259887458005, 8.391530173933692],
              [-9.645117147912597, 8.443413526521837],
              [-9.650543172425781, 8.464807496591996],
              [-9.70325313249343, 8.487260770161491],
              [-9.722115030985584, 8.435636085904804],
              [-9.773584757422325, 8.563018410100559],
              [-9.790586304528048, 8.565395684655435],
              [-9.806812703971318, 8.506251928882204],
              [-9.858644164573075, 8.487054076750795],
              [-9.872803507323512, 8.500360866299413],
              [-9.944168660026735, 8.488345910567295],
              [-10.06168086628578, 8.422174275859582],
              [-10.0793542082932, 8.43995111138684],
              [-10.069277302637049, 8.486873220016417],
              [-10.091084757472141, 8.510101894041568],
              [-10.164878703727734, 8.524648843873814],
              [-10.23241979951681, 8.477054682129467],
              [-10.24027461801956, 8.493746376764003],
              [-10.282235880604237, 8.484625429173477],
              [-10.34429927690412, 8.499069032490832],
              [-10.389774536863833, 8.489095474606943],
              [-10.460209513152675, 8.392150254195272],
              [-10.554363971960584, 8.311845051949657],
              [-10.572657429918138, 8.304584644835412],
              [-10.659783895625816, 8.333265160499396],
              [-10.707894654562221, 8.303137790830611],
              [-10.715181029760901, 8.269599678673137],
              [-10.735283162856897, 8.287299005469958],
              [-10.669085653534813, 8.399075084623066],
              [-10.631878620712126, 8.532012596900874],
              [-10.565422729639279, 8.612782850387877],
              [-10.503307658252341, 8.631567314465764],
              [-10.481861937969482, 8.672469172975172],
              [-10.599684202998178, 8.815380222084459],
              [-10.611879841382247, 8.945139793724017],
              [-10.592179110718194, 9.041657477615512],
              [-10.593100657037242, 9.047616735176179],
              [-10.629346476473149, 9.070351801274237],
              [-10.746341919230398, 9.08381360640694],
              [-10.742569540569587, 9.163292000621327],
              [-10.685208699006834, 9.224502666849975],
              [-10.6751317950622, 9.306461373487437],
              [-10.765462199659114, 9.385216329448184],
              [-10.831763063216753, 9.392141155808657],
              [-10.81145422464509, 9.40826413426044],
              [-10.854862426594178, 9.455263725485551],
              [-10.852588665170797, 9.512082147298555],
              [-10.877703410836483, 9.53267516694522],
              [-10.886333374406073, 9.568409369844934],
              [-10.921680053065664, 9.595901076917702],
              [-10.940128539606835, 9.639696916235723],
              [-10.968498900820945, 9.654243855710515],
              [-11.044928345608595, 9.787129889557271],
              [-11.160270141980771, 9.872757667913568],
              [-11.188537149644795, 9.972596499866246],
              [-11.272666382437968, 9.996006007568386],
              [-11.449172865717523, 9.995040137436154],
              [-11.587518915163548, 9.994283063490608],
              [-11.91009517457586, 9.992517759320517],
              [-11.921774048090189, 9.922212025152835],
              [-12.10980705099192, 9.881675819579476],
              [-12.174833536086393, 9.879191294934406],
              [-12.276739459805507, 9.929265731565419],
              [-12.472334758869492, 9.881258527592879],
              [-12.514321859955883, 9.851312043990193],
              [-12.522460896434584, 9.734471481339749],
              [-12.601551678329534, 9.65171186328277],
              [-12.602766072820598, 9.609362877218189],
              [-12.633849447750862, 9.597864963389988],
              [-12.64992081829336, 9.552105536615437],
              [-12.668627687158464, 9.542364515154986],
              [-12.722939617465668, 9.392089482484094],
              [-12.75975907502065, 9.382839356505],
              [-12.764151572126167, 9.34767355550391],
              [-12.795260782684561, 9.335090199254527],
              [-12.835826780572152, 9.281966713873938],
              [-12.917527220536156, 9.26700638393465],
              [-12.937009237490763, 9.287082974234021],
              [-12.957912354271821, 9.272432684318726],
              [-12.978350383993318, 9.212849729942382],
              [-12.959152589968182, 9.177838944927226],
              [-12.984163982276753, 9.172309597966875],
              [-13.028864094001339, 9.095983277631671],
              [-13.11591304613262, 9.04394522445844],
              [-13.20753535853463, 9.076707921960468],
              [-13.301096156637346, 9.041489839698333],
              [-13.321603971278924, 9.056626822525844],
              [-13.322173630957803, 9.083075158396863],
              [-13.300648566667547, 9.084621452907404],
              [-13.243072068743944, 9.169745158641826],
              [-13.157704231513787, 9.18549230614491],
              [-13.259510872136371, 9.196356624105466],
              [-13.232818163107607, 9.267401444560114],
              [-13.280629036285715, 9.165025160243168],
              [-13.315297004707226, 9.182074355587361],
              [-13.307932096040011, 9.250311692617599],
              [-13.322173632294021, 9.261216567668809],
              [-13.325347460187849, 9.311021244214249],
              [-13.318674282231763, 9.329494458656338],
              [-13.301096156632045, 9.315863215242715],
              [-13.301096158803489, 9.356838360634315],
              [-13.352853970484949, 9.338771923769388],
              [-13.374501105365722, 9.272772466498026],
              [-13.407785612155457, 9.287014176605105],
              [-13.4319962224713, 9.371079769501737],
              [-13.396636524480833, 9.439357955776124],
              [-13.465402800097715, 9.41815837406366],
              [-13.513986783899107, 9.449611805637003],
              [-13.520741339984383, 9.495103255546161],
              [-13.486683722551598, 9.569077818290845],
              [-13.515614388577111, 9.524481641103964],
              [-13.547474738491475, 9.500189472521747],
              [-13.588449673472759, 9.569077818290845],
              [-13.643266997594704, 9.542543569214033],
              [-13.722401495838845, 9.505804740160649],
              [-13.673329229870777, 9.573797815375388],
              [-13.625803188279813, 9.647284181211445],
              [-13.623199024362584, 9.727362495424694],
              [-13.561105924986675, 9.78823485718836]
            ]
          ],
          [
            [
              [-23.730702277992616, 15.018500066775877],
              [-23.772084113962503, 15.037990625852375],
              [-23.792591926070621, 15.085760811156437],
              [-23.772084113908598, 15.127346093221639],
              [-23.785755988737851, 15.174505919063506],
              [-23.770130988770777, 15.183986714061749],
              [-23.751576301057185, 15.233465888727492],
              [-23.785755988708139, 15.291815488250522],
              [-23.758412239255556, 15.304877027665507],
              [-23.779530403039651, 15.311672269190025],
              [-23.751576301322494, 15.332749751653067],
              [-23.737945116039604, 15.311672269190025],
              [-23.71922766780083, 15.322902730029087],
              [-23.703236457270073, 15.313462640113611],
              [-23.710682746290512, 15.284369216746608],
              [-23.648548956726643, 15.237209368720041],
              [-23.656076626735693, 15.229722389991595],
              [-23.591600739602274, 15.170212334992135],
              [-23.511382615909604, 15.127346093221639],
              [-23.484658796837273, 15.064038367274238],
              [-23.443104621000405, 15.010687567015376],
              [-23.47146755851816, 14.973721567360096],
              [-23.49400794431293, 14.918687314529706],
              [-23.539296028166337, 14.907619538213901],
              [-23.676503058434708, 14.935532927439972],
              [-23.715077275432872, 14.968451153844711],
              [-23.730702277992616, 15.018500066775877]
            ]
          ],
          [
            [
              [-24.758941209715864, 14.8318545504812],
              [-24.758941214575025, 14.866644734772262],
              [-24.7453507195725, 14.866644734772262],
              [-24.749419721635022, 14.885483986682168],
              [-24.704335085515783, 14.900824152063359],
              [-24.683257616310186, 14.842474686323968],
              [-24.718006965725145, 14.803941169839785],
              [-24.751535612070011, 14.838771909079449],
              [-24.758941209715864, 14.8318545504812]
            ]
          ],
          [
            [
              [-24.449086062980374, 14.838080022999208],
              [-24.506581186919213, 14.884955233026108],
              [-24.520619267008126, 14.945257790326119],
              [-24.488921675208452, 14.990545852671636],
              [-24.42969106398084, 15.025015234114084],
              [-24.385568813987366, 15.043524480624205],
              [-24.343251105956039, 15.040716862686931],
              [-24.301475750912505, 14.954845958632497],
              [-24.298207157848584, 14.895453096252353],
              [-24.299549930517003, 14.863023072875778],
              [-24.376535608221602, 14.815985334252751],
              [-24.449086062980374, 14.838080022999208]
            ]
          ],
          [
            [
              [-24.172474736731548, 16.629095708973928],
              [-24.089995897855175, 16.622463279091139],
              [-24.032826301741462, 16.596828538101796],
              [-24.044097459028844, 16.559881876631792],
              [-24.114735481081951, 16.559271554221251],
              [-24.233306442807763, 16.602118198958767],
              [-24.272328252469617, 16.587225611901797],
              [-24.324696419607665, 16.482652128347137],
              [-24.370920379719497, 16.587144345741223],
              [-24.408273892048019, 16.600165107282699],
              [-24.430653451601039, 16.639471789594928],
              [-24.422596807904458, 16.662298865885418],
              [-24.375622655588696, 16.677122953173146],
              [-24.340565561446244, 16.675360484189529],
              [-24.292836068486675, 16.641831812771002],
              [-24.226796029414697, 16.64960362093268],
              [-24.172474736731548, 16.629095708973928]
            ]
          ],
          [
            [
              [-24.592659601083525, 16.624312422120596],
              [-24.569512031680748, 16.619972268614543],
              [-24.575298926168863, 16.605505090039678],
              [-24.60133994182868, 16.609845243647591],
              [-24.592659601083525, 16.624312422120596]
            ]
          ],
          [
            [
              [-23.25816809774367, 15.174505919063506],
              [-23.251332161011494, 15.222886460356646],
              [-23.230865038148796, 15.243963938588857],
              [-23.251332160745939, 15.256415098185792],
              [-23.217152472462743, 15.319159230534799],
              [-23.189849413314853, 15.332749751653067],
              [-23.189849412463364, 15.319159230534799],
              [-23.176258918314655, 15.332749751653067],
              [-23.16193600215124, 15.312567454650953],
              [-23.127797004038587, 15.311672269190025],
              [-23.111927864015428, 15.171942450483071],
              [-23.16881262898681, 15.119859116589964],
              [-23.195952928949747, 15.122056380434772],
              [-23.25816809774367, 15.174505919063506]
            ]
          ],
          [
            [
              [-22.957753059291079, 16.030829177558431],
              [-22.957753058304384, 16.089015997635272],
              [-22.913563606367518, 16.125555741758266],
              [-22.915598111997159, 16.243963962959235],
              [-22.852528450434921, 16.206610431697982],
              [-22.829416469360666, 16.204006233317447],
              [-22.79381262818454, 16.231349978174986],
              [-22.723866339586298, 16.212632541863108],
              [-22.68248450485488, 16.168646577204111],
              [-22.682118293722787, 16.113592862387947],
              [-22.666574674485116, 16.091457438385834],
              [-22.679798956850238, 16.063218487555453],
              [-22.806141731159482, 15.985907298736244],
              [-22.873890754027808, 15.983872789824927],
              [-22.957753059291079, 16.030829177558431]
            ]
          ],
          [
            [
              [-22.970814584412015, 16.757880017801551],
              [-22.989247200373914, 16.770941483497158],
              [-22.990793425371404, 16.815659936397928],
              [-22.922434049947896, 16.86029696855697],
              [-22.895090296558724, 16.829291014415297],
              [-22.909779425663928, 16.80337147655294],
              [-22.904652474286092, 16.735825950300697],
              [-22.881337041415758, 16.692694358136514],
              [-22.895090297398507, 16.613918315474081],
              [-22.929188606124082, 16.593410552528919],
              [-22.941395635660022, 16.669378935104458],
              [-22.95653235428961, 16.699448911741101],
              [-22.977609829299865, 16.689032274252828],
              [-22.981760218443323, 16.703517927134833],
              [-22.970814584412015, 16.757880017801551]
            ]
          ],
          [
            [
              [-24.685249881246428, 16.742943722425728],
              [-24.740225361286104, 16.73426341724565],
              [-24.787967224123598, 16.774771657000869],
              [-24.773499994453626, 16.802259437465818],
              [-24.748905696883863, 16.793578983135554],
              [-24.725758126595046, 16.757410897391054],
              [-24.683803156185803, 16.755964179913551],
              [-24.685249881246428, 16.742943722425728]
            ]
          ],
          [
            [
              [-25.081125452431742, 16.832342775147008],
              [-25.094146289659225, 16.826157987538778],
              [-25.078195768443621, 16.865057720958873],
              [-25.005970832548577, 16.887681396069244],
              [-25.01219641943835, 16.901271913852245],
              [-24.97809811354017, 16.923000458095427],
              [-24.965199347076993, 16.908921593319359],
              [-24.937733530536025, 16.923000458095427],
              [-24.919748501845568, 16.895086977028928],
              [-24.876291471602684, 16.849839626396712],
              [-24.891102669172206, 16.813950944318677],
              [-24.98802649627266, 16.785142327037487],
              [-25.058176238686304, 16.809637831029018],
              [-25.081125452431742, 16.832342775147008]
            ]
          ],
          [
            [
              [-25.313384569660276, 16.938462648684464],
              [-25.313872853759538, 17.004950331490228],
              [-25.360422329590989, 17.05524322074664],
              [-25.330922001937399, 17.096828466332479],
              [-25.279774540796275, 17.107326509714554],
              [-25.245350717094176, 17.136704866301688],
              [-25.102609829792353, 17.196600647777096],
              [-25.039540169232286, 17.182440528102934],
              [-25.025868290357913, 17.144924154165171],
              [-24.974964971605335, 17.114487987596949],
              [-24.986682476539585, 17.078864609451653],
              [-25.015126105479037, 17.049139702756403],
              [-25.115874806100408, 16.997463336329393],
              [-25.187855596226164, 16.928167990935876],
              [-25.298695441107853, 16.917385135422748],
              [-25.313384569660276, 16.938462648684464]
            ]
          ]
        ]
      }
    }
  ]
}
