{
  "type": "FeatureCollection",
  "name": "sdn_admin0",
  "features": [
    {
      "type": "Feature",
      "properties": {
        "NAME": "Sudan"
      },
      "geometry": {
        "type": "Polygon",
        "coordinates": [
          [
            [-3119876.7924421066, 5665803.297985484],
            [-3119958.063733171, 5665799.802025539],
            [-3119997.3411388802, 5665798.118830695],
            [-3120194.9746479006, 5665657.384195054],
            [-3120216.0412277495, 5665641.204364213],
            [-3120274.003484031, 5665493.872984754],
            [-3120324.635322206, 5665365.178282386],
            [-3120338.1560637197, 5665330.812253498],
            [-3120349.0048765535, 5665313.311162117],
            [-3120362.448275797, 5665291.624604865],
            [-3120362.6840339843, 5665291.244252133],
            [-3134173.2501921165, 5643055.312368098],
            [-3134202.826582668, 5642863.3252728265],
            [-3145633.909917263, 5623848.536522838],
            [-3161279.5843322254, 5624296.900153003],
            [-3168409.587531138, 5624446.481765221],
            [-3169229.933811333, 5617253.600006621],
            [-3169257.0403412054, 5617200.004114099],
            [-3172685.8383552544, 5590207.698187438],
            [-3172758.2528313063, 5589867.322632601],
            [-3174210.509671749, 5578908.602761003],
            [-3175436.4615745298, 5568479.579500397],
            [-3180324.1750330743, 5566129.838075387],
            [-3193718.1059183255, 5559401.843941067],
            [-3193953.4598700344, 5559334.911110517],
            [-3194517.8474399745, 5559083.29924482],
            [-3206427.887468213, 5552966.900565443],
            [-3212828.938290237, 5549693.436147295],
            [-3217228.485291609, 5547580.804080374],
            [-3217314.95194255, 5543553.803841205],
            [-3217444.9863603655, 5539379.220238743],
            [-3217520.289779607, 5533812.524701197],
            [-3217839.63480034, 5527906.455243361],
            [-3217831.228286678, 5527727.141318263],
            [-3218019.7815792346, 5521680.460098807],
            [-3218521.229237159, 5505901.243106195],
            [-3218521.8606007267, 5505881.64006242],
            [-3240333.954559571, 5496877.971559992],
            [-3240530.069378935, 5496822.754758498],
            [-3253854.0205062446, 5491350.426545694],
            [-3254139.0973580927, 5491233.401069348],
            [-3254187.599128181, 5491213.48319015],
            [-3254303.020493435, 5491259.3873054655],
            [-3277190.527562645, 5500370.47612634],
            [-3277408.376872294, 5500458.232505275],
            [-3284148.9551963913, 5503081.418452308],
            [-3293354.509376353, 5506665.991741982],
            [-3293869.8757929867, 5506523.42473881],
            [-3295006.0407762406, 5506208.368519141],
            [-3296989.8070537206, 5505658.348073752],
            [-3313512.3398502697, 5501074.470430424],
            [-3340720.375658675, 5493353.616008396],
            [-3346756.713478509, 5491643.142315724],
            [-3354077.096652997, 5489585.640618234],
            [-3354759.1961015034, 5489394.879177579],
            [-3354833.158167086, 5489374.195037371],
            [-3355170.095166324, 5489279.96935556],
            [-3355505.7615442234, 5489186.386729722],
            [-3408917.721651258, 5474330.887042088],
            [-3412836.4678756907, 5473251.776929908],
            [-3413154.9137001173, 5473220.089108068],
            [-3437674.0437285737, 5466415.764283372],
            [-3438066.512335029, 5469548.499401357],
            [-3437792.0876693097, 5471615.566679191],
            [-3437516.1358365635, 5473740.25036042],
            [-3437454.2032563044, 5473994.51575392],
            [-3436636.857012194, 5477446.062571644],
            [-3436574.972030234, 5477700.383390514],
            [-3434219.276052145, 5481561.658569668],
            [-3433374.304398606, 5485260.117033557],
            [-3435472.8267482445, 5486004.917121918],
            [-3436623.423649714, 5487440.589373951],
            [-3437814.495011269, 5487783.084877961],
            [-3441113.918623402, 5483506.109133003],
            [-3441613.267364037, 5482854.936978049],
            [-3441801.5577810523, 5482451.55506694],
            [-3443474.3880190724, 5478837.242214474],
            [-3443666.0721329832, 5478414.07785784],
            [-3443791.2790941107, 5478037.84934681],
            [-3444982.3052263227, 5474245.69321632],
            [-3444560.075042873, 5469764.8779769],
            [-3445090.00054925, 5464509.508001493],
            [-3446097.8815085706, 5464097.277490926],
            [-3479580.1679551126, 5454464.906617041],
            [-3479862.956895648, 5454434.046916477],
            [-3513438.3627485647, 5445231.506617642],
            [-3546691.5695011867, 5436260.345043432],
            [-3579238.5966470707, 5427398.381943103],
            [-3579590.7823192934, 5427301.9277892625],
            [-3612542.856257272, 5418292.079366288],
            [-3645222.0372632365, 5409386.079403849],
            [-3678210.4148388584, 5400359.765157251],
            [-3710896.2374859396, 5391577.47804165],
            [-3722698.3682042947, 5388366.248515955],
            [-3727630.5288940277, 5387025.435040665],
            [-3743656.0624734755, 5382673.666866641],
            [-3777152.9619037723, 5373696.824205754],
            [-3810463.4807069427, 5364764.65570749],
            [-3843722.1496431464, 5355850.610182326],
            [-3876843.7923600143, 5347024.47685992],
            [-3909544.4172986727, 5338464.445202385],
            [-3942291.372034616, 5329849.461799472],
            [-3949371.678418901, 5327991.665233663],
            [-3956927.8204735685, 5326010.708153375],
            [-3962016.3469841755, 5324677.661298107],
            [-3962234.5554563287, 5324620.514755308],
            [-3956289.1687794677, 5302692.204198822],
            [-3950127.2371698553, 5278828.256264186],
            [-3943949.024810903, 5254654.735396586],
            [-3937599.1686689393, 5231015.382800529],
            [-3931497.641278661, 5207509.368352994],
            [-3927371.9301213166, 5192168.475212537],
            [-3927371.5199772767, 5192166.953508297],
            [-3925167.9067387753, 5183991.023247688],
            [-3918850.4201738313, 5160341.695627259],
            [-3917572.4366871715, 5155658.061035991],
            [-3916575.637363486, 5151903.858879509],
            [-3916575.614711884, 5151903.773711387],
            [-3916264.6937781703, 5150732.7166770715],
            [-3998631.8416218115, 5129209.193333901],
            [-3989604.367445366, 5094644.300937724],
            [-3988628.93203355, 5090909.022878419],
            [-3977496.036545525, 5048271.862666553],
            [-3968029.4372555492, 5012010.102686196],
            [-3954429.029857776, 4959908.067995023],
            [-3927193.5279533877, 4854007.537734928],
            [-3925743.965658495, 4849250.795754506],
            [-3919861.5877812942, 4826758.428295629],
            [-3916576.1501626153, 4814197.126189538],
            [-3915214.453802791, 4809023.884728752],
            [-3910445.002648303, 4789647.888083064],
            [-3908834.113942855, 4783133.376328227],
            [-3908465.0132901543, 4781466.135672014],
            [-3907774.3341137012, 4778847.658362771],
            [-3906442.0704282606, 4773796.9919024585],
            [-3904262.0280476585, 4765532.859093734],
            [-3904054.717350901, 4764768.375360469],
            [-3903191.99904867, 4761444.6201031245],
            [-3902733.316006992, 4759356.026389909],
            [-3903258.103334967, 4759169.455064306],
            [-3904299.2426025793, 4758776.708038426],
            [-3905404.7682564403, 4758489.02806518],
            [-3906888.4198667854, 4758367.509210285],
            [-3908138.1701479587, 4758309.996926928],
            [-3909826.724041756, 4758343.750060666],
            [-3911419.5502714054, 4758322.284684638],
            [-3913047.130483778, 4758047.282750725],
            [-3913839.5524318633, 4757949.386847186],
            [-3914543.717558144, 4758076.611149589],
            [-3915797.994446797, 4758456.2083406355],
            [-3917235.827540943, 4758718.235711308],
            [-3918745.9125771564, 4758718.438565057],
            [-3921409.7645551045, 4758109.018224942],
            [-3922442.995168008, 4757779.1598131005],
            [-3924076.7543744873, 4757244.123019666],
            [-3925587.9129864275, 4756977.633950514],
            [-3926280.424698956, 4756843.908347886],
            [-3926583.6040122616, 4756879.541853961],
            [-3926760.129872946, 4756897.50924918],
            [-3927377.706558814, 4756955.909459051],
            [-3928462.550503107, 4756936.995543677],
            [-3930499.6185557717, 4756663.616685842],
            [-3932922.579611232, 4756107.697530687],
            [-3933273.597995701, 4756027.20445286],
            [-3934907.9063475616, 4755665.756111422],
            [-3935413.6808751826, 4755559.298421859],
            [-3936605.965631685, 4755298.832020369],
            [-3937466.4011842376, 4754967.188050231],
            [-3938323.501989357, 4754634.753165474],
            [-3939047.5490448675, 4754304.901901809],
            [-3939484.466478333, 4754105.861892493],
            [-3939822.5498649683, 4753945.284956857],
            [-3940013.929948455, 4753847.353096718],
            [-3941194.709795391, 4753243.148503336],
            [-3941487.3185504945, 4753064.201369238],
            [-3942430.485829666, 4752477.840621135],
            [-3943707.718915733, 4751637.595682349],
            [-3944347.1178823337, 4751167.674105792],
            [-3944692.7645759466, 4750907.229607677],
            [-3946093.2443924495, 4749758.131980403],
            [-3946805.647282208, 4749099.452989202],
            [-3947156.269814818, 4748680.394559101],
            [-3948131.2948185457, 4747944.587015779],
            [-3948231.162603006, 4747770.312248684],
            [-3948451.8105040896, 4747518.848151859],
            [-3948711.814994771, 4747219.837142407],
            [-3949001.968493703, 4747037.497350886],
            [-3949863.4579199324, 4746483.902760559],
            [-3950486.0863567498, 4746185.319841796],
            [-3951615.9769228264, 4745647.051188611],
            [-3951880.203966605, 4745560.680217916],
            [-3952164.2129076202, 4745470.803456699],
            [-3952438.547917338, 4745379.294617555],
            [-3952962.0949176657, 4745132.887023682],
            [-3953361.41111075, 4744885.014925836],
            [-3953874.5135332956, 4744752.125330537],
            [-3954588.3678811695, 4744439.622110795],
            [-3955089.7570027336, 4744090.987853724],
            [-3955643.0713231093, 4743947.20693626],
            [-3956302.9361064816, 4743729.958360433],
            [-3957058.8003465016, 4743407.885857181],
            [-3957722.5449238936, 4743320.540028052],
            [-3958107.079622008, 4743285.142296579],
            [-3958810.206544262, 4743217.303410604],
            [-3959302.9356035343, 4743173.232614687],
            [-3959944.085303851, 4743145.961031273],
            [-3961150.9085395467, 4743096.55361692],
            [-3961644.2625798387, 4743041.125760227],
            [-3962251.922194439, 4743020.666995384],
            [-3963482.2485444145, 4742738.55246513],
            [-3963901.0591399833, 4742706.811883421],
            [-3964214.2968016295, 4742683.074208393],
            [-3964692.8890048903, 4742647.21052561],
            [-3965879.754597362, 4742589.9130469505],
            [-3966300.1610934474, 4742575.714244375],
            [-3967035.3834163677, 4742511.779379111],
            [-3967343.8627242027, 4742456.930768829],
            [-3968282.424705887, 4742280.228495427],
            [-3968899.3749829275, 4742275.562988054],
            [-3969301.0942393756, 4742135.43906021],
            [-3970012.2417718237, 4741832.612681316],
            [-3970966.8420432727, 4741631.198244467],
            [-3971564.487191981, 4741612.930101525],
            [-3971732.8839635607, 4741608.7758145435],
            [-3972424.894872908, 4741573.901034805],
            [-3973425.777796953, 4741441.7474548435],
            [-3973994.6205121987, 4741148.719268361],
            [-3974767.149914661, 4740994.460053832],
            [-3974967.8652476477, 4740923.556834794],
            [-3975495.664124738, 4740759.462846237],
            [-3976297.7380678346, 4740288.570257934],
            [-3976751.1984924003, 4739788.378565127],
            [-3976899.906075724, 4739591.819430431],
            [-3977038.2817339296, 4739408.047808615],
            [-3977198.5576336677, 4739162.143105584],
            [-3977265.433073541, 4739015.564396227],
            [-3977429.633178952, 4738655.674677641],
            [-3977513.9722106783, 4738333.0254129805],
            [-3977554.1549807815, 4737976.808474563],
            [-3977640.0283408705, 4737215.620864149],
            [-3977755.56753511, 4737012.1564927],
            [-3978052.137650804, 4736478.487083815],
            [-3978274.3706699717, 4736048.841270878],
            [-3978477.925812524, 4735818.777517095],
            [-3978859.619432102, 4735426.139747758],
            [-3979260.865045092, 4734945.989684619],
            [-3979358.785667549, 4734822.776082294],
            [-3979691.218358422, 4734424.517175624],
            [-3979930.068130503, 4733879.659737796],
            [-3980062.457624072, 4733571.9806090165],
            [-3980318.992038259, 4733095.48175827],
            [-3980518.06598175, 4732260.16252715],
            [-3980750.8964581024, 4731862.727391445],
            [-3980768.7089347676, 4731784.226290869],
            [-3980887.1118771886, 4731262.432496657],
            [-3981139.8104313198, 4730805.189989989],
            [-3981295.083853954, 4730607.989162199],
            [-3981470.343745533, 4730409.850095516],
            [-3981669.0046104533, 4730221.774084594],
            [-3981906.7254957333, 4729838.901672251],
            [-3981980.1154975584, 4729717.58176343],
            [-3982292.8082494535, 4729198.168044159],
            [-3982571.194925874, 4728758.175559188],
            [-3982760.5510448767, 4728439.912383775],
            [-3983010.4264015006, 4728033.100939585],
            [-3983155.0265686885, 4727805.266222892],
            [-3983337.0769027206, 4727573.603293063],
            [-3983761.7642679764, 4727033.192815627],
            [-3984098.7248630887, 4726604.426944512],
            [-3984645.2693123342, 4726261.467622296],
            [-3985086.656564346, 4725984.500714863],
            [-3985497.086678135, 4725755.024269752],
            [-3985772.7032214617, 4725597.54868024],
            [-3986130.3535090927, 4725341.064245436],
            [-3986298.201006734, 4725123.580662218],
            [-3986666.2726799245, 4724646.672773375],
            [-3986816.780970445, 4724333.254927441],
            [-3987050.967664079, 4723845.599983331],
            [-3987375.9991875063, 4723419.201830911],
            [-3987554.90486523, 4723184.506281054],
            [-3987587.581912514, 4723140.7893407],
            [-3987771.4334370797, 4722882.135817197],
            [-3987896.0167712676, 4722706.866750017],
            [-3987968.3270184644, 4722405.718231927],
            [-3988005.868474115, 4721867.555686506],
            [-3987935.775130239, 4721493.894218226],
            [-3987834.2207617313, 4721101.038902363],
            [-3987639.9374900367, 4720622.832496511],
            [-3987453.0649948865, 4720240.203113172],
            [-3987414.7435864327, 4720161.739298174],
            [-3987232.621689248, 4719252.228529136],
            [-3987060.4181563207, 4718859.459172765],
            [-3986987.0242506517, 4718404.7140759025],
            [-3986944.0019407943, 4717759.932580224],
            [-3986909.0472530285, 4717159.691762012],
            [-3986533.94481755, 4716481.313698053],
            [-3986209.3965434986, 4716046.003751485],
            [-3985831.8695784975, 4715405.794123839],
            [-3985152.335059095, 4714926.586619564],
            [-3984742.2568281596, 4714676.469748226],
            [-3983892.721743444, 4714568.2324580625],
            [-3983596.7938410416, 4714423.638844769],
            [-3983303.747261893, 4714237.79786094],
            [-3982740.224378638, 4713994.208669286],
            [-3981837.0963424, 4713451.264561727],
            [-3981426.9743831106, 4712992.6619517645],
            [-3981409.203519915, 4712970.154276585],
            [-3981229.918356721, 4712743.081836719],
            [-3980929.396750888, 4712565.941429436],
            [-3980849.5648346907, 4712521.891791163],
            [-3980804.7779229823, 4712500.677036655],
            [-3980452.7002659934, 4712333.906717858],
            [-3980148.541018788, 4712285.072361523],
            [-3979600.955411647, 4711944.031446928],
            [-3979445.3425490726, 4710864.169532502],
            [-3979056.2162743737, 4710008.663277276],
            [-3978982.8266644515, 4709554.1363413455],
            [-3978834.9228612427, 4708982.306713057],
            [-3978799.6133081256, 4708709.1664989395],
            [-3978467.8888731054, 4708075.642069934],
            [-3977896.46492865, 4707181.674405956],
            [-3977260.45303112, 4706054.553240962],
            [-3976726.987841911, 4705239.180407292],
            [-3976548.7255269648, 4704720.849156306],
            [-3976327.4586519073, 4703694.7532562325],
            [-3976341.8443645774, 4703408.825818883],
            [-3976358.4544935203, 4702994.880677017],
            [-3976464.1434218017, 4702579.638223585],
            [-3976588.225727167, 4702107.060574028],
            [-3976630.800354109, 4701622.6990933195],
            [-3976605.1689678268, 4701389.066682448],
            [-3976565.738921664, 4701029.652842871],
            [-3976255.205574786, 4700674.486683283],
            [-3976062.9150157114, 4700213.087386905],
            [-3975978.542318565, 4699579.565839105],
            [-3975915.7186651207, 4698858.571232538],
            [-3975768.353938514, 4698596.34190586],
            [-3975496.7638960676, 4698366.255345952],
            [-3975044.70388951, 4697746.003547469],
            [-3974855.430245509, 4697185.200292475],
            [-3974888.701280357, 4696357.517535841],
            [-3975085.906467894, 4695787.761827736],
            [-3975474.1489572204, 4695204.992817446],
            [-3975734.3570199898, 4694400.555607257],
            [-3975863.149564731, 4693702.9379258],
            [-3975815.202879991, 4693122.274037401],
            [-3976104.1272388995, 4692585.033434566],
            [-3976470.3121703435, 4692053.525791424],
            [-3976994.3794596684, 4691654.066594868],
            [-3977601.2785708075, 4691233.185000436],
            [-3978114.291291756, 4690927.588749316],
            [-3978643.1256933054, 4690398.757687668],
            [-3978768.890901859, 4689802.865270626],
            [-3978964.633120611, 4688851.468341029],
            [-3978925.309209706, 4687469.616402959],
            [-3978638.9099859693, 4686943.246733427],
            [-3978189.7108373186, 4686532.648228553],
            [-3977788.3142917105, 4686080.6865712935],
            [-3977438.6145995227, 4685254.998291718],
            [-3977359.164950893, 4684763.46971403],
            [-3977378.028660454, 4684494.78301842],
            [-3977567.0636112425, 4683927.369243434],
            [-3977725.2246920425, 4683240.604602752],
            [-3978028.633158795, 4683030.251754501],
            [-3978322.37813784, 4682818.568283993],
            [-3978784.9297452997, 4682655.619806228],
            [-3979178.0721197636, 4682572.471153824],
            [-3979707.275202033, 4682464.061977331],
            [-3980295.3545801854, 4682448.382097424],
            [-3981040.877394895, 4682255.537142516],
            [-3981761.6094161016, 4681932.6670331955],
            [-3982255.4081924334, 4681586.633924605],
            [-3982500.042392217, 4681326.625311891],
            [-3982883.538159801, 4680905.689838206],
            [-3982774.316345415, 4680483.403832706],
            [-3982768.8725788435, 4680462.356616142],
            [-3982559.8668208425, 4679825.137040556],
            [-3982444.3132819585, 4678900.000243223],
            [-3982643.9743614653, 4678202.598593618],
            [-3983035.2324273656, 4677924.415690723],
            [-3983427.8189941207, 4677645.153249327],
            [-3984069.7748326063, 4677051.658161623],
            [-3984552.5357902176, 4676799.473373664],
            [-3984944.2399946204, 4676434.420328436],
            [-3985033.379756642, 4676395.109976088],
            [-3985653.874416832, 4676109.516707453],
            [-3985917.0686585307, 4675719.002274185],
            [-3986073.6196608013, 4675196.508373787],
            [-3986155.6135453233, 4674693.3046956025],
            [-3986509.1882140916, 4674419.982804722],
            [-3986565.728688628, 4674023.408126387],
            [-3986728.8338787397, 4673662.938186883],
            [-3986943.623832996, 4672716.201059475],
            [-3986806.961256608, 4672187.743775385],
            [-3986892.554420355, 4671219.908585734],
            [-3987147.8418971393, 4671051.405570566],
            [-3987288.521128239, 4670958.550758074],
            [-3987377.3677913556, 4670899.9080618955],
            [-3987404.288090721, 4670914.201210569],
            [-3987426.9392140256, 4670899.250508977],
            [-3987456.2845266936, 4670858.929853298],
            [-3987707.3063228684, 4670514.028510552],
            [-3987838.8050887664, 4670323.934353033],
            [-3988215.129104425, 4669779.933327046],
            [-3988241.650114851, 4669742.906135498],
            [-3988274.2730728067, 4669710.969302626],
            [-3988556.5063122096, 4669428.291712542],
            [-3988876.59948086, 4669087.7102834275],
            [-3989211.783353366, 4668264.5472407285],
            [-3989210.536412088, 4667610.229826417],
            [-3988532.783869278, 4666485.42951408],
            [-3987855.3217337956, 4665492.458991954],
            [-3987393.4705693265, 4664357.264554249],
            [-3987183.731261578, 4663546.277561135],
            [-3987373.3435796504, 4662978.114733631],
            [-3988141.010307829, 4662693.0617699735],
            [-3989363.4133402705, 4662376.940986551],
            [-3989981.341923992, 4662000.848669961],
            [-3990983.125613289, 4661482.245394402],
            [-3991619.536701552, 4661014.870989069],
            [-3991732.830203206, 4660639.506674103],
            [-3992167.0802037846, 4659878.354057994],
            [-3992796.018441733, 4658893.85422428],
            [-3993545.7827339363, 4658051.1624234235],
            [-3993519.8250548164, 4657625.325650508],
            [-3993357.0906218053, 4657321.368143855],
            [-3993173.3905812944, 4656936.330246571],
            [-3993228.8027465753, 4656662.48527782],
            [-3993502.3628036333, 4656418.743228562],
            [-3993870.7779575223, 4655890.965538726],
            [-3993799.8945866716, 4655779.537752912],
            [-3993303.7103882846, 4654999.564279073],
            [-3992040.7781842942, 4653206.965922484],
            [-3991282.019839695, 4652062.573869999],
            [-3988650.784361754, 4648721.695425852],
            [-3987259.0286664963, 4646919.919867406],
            [-3986666.5462018237, 4644954.8299363],
            [-3987921.1890810477, 4644111.5273986915],
            [-3996896.9049876845, 4637813.372544502],
            [-3997420.1797005227, 4637721.294357077],
            [-3999547.8399195457, 4636998.287306622],
            [-4001586.182500735, 4636255.200849693],
            [-4001949.240439255, 4636031.673794076],
            [-4002470.094281675, 4635767.357574468],
            [-4002762.2891176892, 4635432.482290093],
            [-4003054.487138503, 4635097.609123278],
            [-4003543.9339093887, 4634711.751354787],
            [-4004075.277514142, 4634487.958688997],
            [-4004525.285299246, 4634112.303202706],
            [-4005120.1874094307, 4633483.090592051],
            [-4005665.1793557764, 4632823.56807233],
            [-4006281.0485099345, 4632275.39869603],
            [-4006960.494897744, 4631321.829207348],
            [-4007192.3415441858, 4630916.1538349325],
            [-4009725.335091688, 4630131.863432503],
            [-4009933.7435258445, 4627355.342530305],
            [-4009902.336586338, 4627233.815411728],
            [-4010068.14315264, 4622826.651803634],
            [-4010042.378248254, 4622401.238942901],
            [-4009863.616583306, 4622361.027190291],
            [-4009442.479574385, 4622685.907642625],
            [-4009100.258795385, 4622990.394231663],
            [-4008516.471110442, 4623011.663302868],
            [-4007112.958334025, 4622467.118330382],
            [-4005583.028110814, 4622084.929831133],
            [-4004282.564167742, 4621125.054543162],
            [-4004027.2509236075, 4619160.6730341185],
            [-4003691.432411456, 4616396.573906149],
            [-4003388.6632502037, 4614574.411586197],
            [-4002612.4057320985, 4612874.826221232],
            [-4002229.921947363, 4611721.332413889],
            [-4001707.305445634, 4611165.528921322],
            [-4001095.3012078186, 4610589.683894107],
            [-4000449.773750165, 4610024.900253235],
            [-3999872.9338182523, 4609094.332122018],
            [-3999727.7593102525, 4608533.0415776605],
            [-3999810.5169135006, 4608203.148938058],
            [-4000010.7995831533, 4608029.556828214],
            [-4000323.1098125917, 4607766.773025825],
            [-4000541.9091435233, 4607542.180505382],
            [-4001648.683223438, 4606348.643636723],
            [-4001554.110476412, 4605982.978692509],
            [-4001544.837366892, 4605468.243956512],
            [-4001556.178258587, 4604912.436296282],
            [-4001558.4227817934, 4604802.451298686],
            [-4001307.2972805235, 4604495.095424861],
            [-4001195.460945692, 4604302.966219687],
            [-4000667.1873956383, 4604051.075355393],
            [-3999848.627491775, 4603248.134283966],
            [-3998621.4986363156, 4602477.76731624],
            [-3998375.7923979447, 4602314.553008887],
            [-3997621.9385377564, 4601520.854918003],
            [-3996782.7817154783, 4600876.258835619],
            [-3996550.535082592, 4600669.659992357],
            [-3996246.6670953482, 4600924.259446912],
            [-3995995.676761447, 4601424.571946281],
            [-3995796.994530782, 4601648.313804514],
            [-3995455.22509586, 4601643.6857111445],
            [-3995048.6787398583, 4601696.799253423],
            [-3994842.36345678, 4601715.920094485],
            [-3994587.0856170924, 4601868.292834824],
            [-3994337.919066417, 4602198.16387489],
            [-3993889.652096127, 4602264.586132649],
            [-3992919.322890917, 4602220.552768962],
            [-3991976.417064056, 4602337.560518096],
            [-3991927.05062673, 4602338.865500208],
            [-3991626.0928702983, 4602346.82189087],
            [-3991188.354440532, 4602369.158995354],
            [-3990473.515976957, 4602242.123416099],
            [-3989948.9823706322, 4601819.181328648],
            [-3989928.844443378, 4601570.440710882],
            [-3989918.8603434493, 4601155.822433632],
            [-3989824.606091838, 4600518.147292481],
            [-3989550.131067559, 4599936.20088105],
            [-3989185.4007826746, 4599556.59049145],
            [-3988597.1422056104, 4599059.125577384],
            [-3987873.9832853717, 4598656.0299388645],
            [-3987602.5502795656, 4598291.005318485],
            [-3988415.2014851393, 4593543.132794845],
            [-3988792.9991068123, 4591336.584421982],
            [-3992143.6633263263, 4589985.65397258],
            [-3994707.831681345, 4584411.710420537],
            [-3996248.157326914, 4584041.415502046],
            [-3997239.1436140384, 4583808.114169029],
            [-3998153.3188476255, 4583592.905534038],
            [-3998391.614634445, 4583536.809191186],
            [-3998789.6372555085, 4582959.2794805635],
            [-3999157.4008275894, 4582415.035291895],
            [-3999574.919581549, 4581797.107294974],
            [-3999618.104898345, 4581733.19531293],
            [-3999672.7417174033, 4581652.336121004],
            [-4000537.7096046936, 4580451.393199249],
            [-4000560.493817198, 4580418.727316648],
            [-4000880.876589853, 4579959.39747222],
            [-4001072.256615676, 4579833.374571908],
            [-4001312.669627743, 4579675.1054319255],
            [-4002236.6980654825, 4579177.174395387],
            [-4003081.8484999575, 4578699.727655261],
            [-4003246.0429573786, 4578546.75246603],
            [-4003517.8061126294, 4578293.572704057],
            [-4003658.7527237665, 4578162.247429294],
            [-4003754.944033943, 4577807.19274328],
            [-4003857.8319889805, 4577440.225310651],
            [-4003895.966966578, 4577299.068962952],
            [-4004865.3023903384, 4573709.559399971],
            [-4006797.2269726563, 4573037.182171252],
            [-4008555.934273015, 4572399.27150827],
            [-4009437.51547724, 4572009.091382378],
            [-4009869.4036559183, 4571724.844007228],
            [-4010191.0321845766, 4571339.727135874],
            [-4010449.2087810645, 4570874.846651095],
            [-4010634.4627194405, 4570448.788653892],
            [-4010877.9430756676, 4569913.62540476],
            [-4010988.488975967, 4569537.800150816],
            [-4011403.465761941, 4568701.386560181],
            [-4013225.1195876636, 4565258.565402167],
            [-4013783.1279244423, 4564296.69613857],
            [-4014094.4079142082, 4563760.146299418],
            [-4014460.6124939583, 4563128.942037902],
            [-4014729.7455034745, 4562665.067017173],
            [-4015050.7138004587, 4562035.367993779],
            [-4016437.658360313, 4559309.671030707],
            [-4017690.6533876094, 4556852.2950956635],
            [-4018780.618268321, 4554715.808263702],
            [-4018902.161752602, 4554477.580249325],
            [-4018990.2799855005, 4554324.699702168],
            [-4019620.9709901274, 4553076.754532174],
            [-4019400.4359868346, 4552934.814069304],
            [-4019183.6901780907, 4552834.672537899],
            [-4019003.1024902365, 4552805.5419490235],
            [-4018950.534051171, 4552795.603301237],
            [-4018904.9243821334, 4552786.089467706],
            [-4018731.1205526423, 4552751.653503231],
            [-4018658.302282887, 4552734.7033217335],
            [-4018470.751437093, 4552692.823304626],
            [-4018098.0647266684, 4552651.43730279],
            [-4017987.9533395874, 4552642.425724918],
            [-4017703.4799540928, 4552667.611221855],
            [-4017681.7851614743, 4552652.444742819],
            [-4017643.2211878924, 4552656.627238556],
            [-4017283.1864506295, 4552404.936249191],
            [-4016939.5459618447, 4552197.25870877],
            [-4016888.975066858, 4552190.375052507],
            [-4016779.739382024, 4552179.281412318],
            [-4016723.391931655, 4552165.056221051],
            [-4016307.608421636, 4552053.915433431],
            [-4015926.6700013527, 4551721.455380478],
            [-4015653.7532257964, 4551317.96881613],
            [-4015543.4117574664, 4551217.211772314],
            [-4015435.864794667, 4551196.7585231345],
            [-4015025.713451342, 4551118.758312005],
            [-4014967.360380376, 4551107.661366353],
            [-4014575.971410572, 4550734.850958035],
            [-4014224.063121685, 4550351.813543492],
            [-4014061.475521193, 4550049.118039903],
            [-4013938.3616367583, 4549736.201807661],
            [-4013746.735910508, 4549484.11376038],
            [-4013444.770352419, 4549131.301456786],
            [-4013190.4308328195, 4548636.883062575],
            [-4013283.357483922, 4548181.89799043],
            [-4013463.388721584, 4547575.080275429],
            [-4013753.7623005607, 4547069.023932233],
            [-4013941.936681177, 4546330.846481567],
            [-4013818.836129867, 4546017.975104665],
            [-4013419.306810015, 4545776.647041591],
            [-4013146.376604734, 4545373.29809963],
            [-4013052.309909201, 4545009.831401493],
            [-4012910.6255670344, 4544787.977501709],
            [-4012640.021593943, 4544556.394839704],
            [-4012348.5044107954, 4544244.058180992],
            [-4012025.63015719, 4543810.578702592],
            [-4011652.815440133, 4543346.9538286645],
            [-4011234.7071641698, 4543196.661503303],
            [-4010845.615342698, 4542995.780935391],
            [-4010880.466531873, 4542642.087416152],
            [-4010676.0665538507, 4542177.989686681],
            [-4010289.9979410428, 4541810.484487145],
            [-4009796.3614542903, 4541768.620739201],
            [-4009768.983188386, 4541766.558064029],
            [-4009261.424330372, 4541596.376854303],
            [-4008514.616845457, 4541315.823806657],
            [-4008152.2485686284, 4540892.671695472],
            [-4007259.107451165, 4540046.941693044],
            [-4006699.2877679137, 4539674.964038132],
            [-4006089.5320402277, 4539272.834958484],
            [-4005660.948953719, 4539082.276946106],
            [-4005063.974283388, 4538892.266278507],
            [-4004752.194539298, 4538768.704112014],
            [-4004735.2828558763, 4538762.001890586],
            [-4004185.4373533526, 4538695.014180188],
            [-4003868.5029259585, 4538590.020355337],
            [-4003642.044361828, 4538350.0538046155],
            [-4003506.356302907, 4538202.240895471],
            [-4003367.4900353313, 4538109.582766817],
            [-4003103.872737285, 4537928.191128071],
            [-4002608.9249529736, 4537658.137060068],
            [-4002300.9300565845, 4537436.299718119],
            [-4001277.5127431713, 4536755.127858024],
            [-4001267.518454104, 4536734.328955362],
            [-4001099.220643175, 4536257.950152353],
            [-4000963.330120392, 4535733.276044795],
            [-4001006.2925865087, 4535248.396990298],
            [-4001036.4476957987, 4534551.511264829],
            [-4000940.100715922, 4534016.6301731765],
            [-4000739.430664709, 4533399.964328484],
            [-4000423.8848659885, 4532968.612991599],
            [-4000410.4642106146, 4532948.033982295],
            [-4000416.2447794913, 4532645.076893732],
            [-4000440.6367228585, 4532251.249732331],
            [-4000296.637634537, 4531857.885184219],
            [-4000266.4981550216, 4531090.6571812425],
            [-4000235.143861565, 4530969.61621748],
            [-4000202.8275345694, 4530037.46046493],
            [-3999942.4577046754, 4529839.747253006],
            [-3999574.2459259816, 4529719.8876746725],
            [-3999174.6995702763, 4529478.904854128],
            [-3998562.5787488185, 4528905.502279378],
            [-3998181.6017143284, 4528573.691712183],
            [-3997729.8001138372, 4528131.049922417],
            [-3997459.177016182, 4527899.813207731],
            [-3997240.2510442855, 4527533.845285282],
            [-3997069.429360724, 4527035.552033521],
            [-3996905.0980639094, 4526881.495941574],
            [-3996711.499787238, 4526722.927719],
            [-3996672.114707599, 4526685.22142209],
            [-3996635.215834993, 4526653.499110443],
            [-3996609.5354846306, 4526631.421581548],
            [-3996416.33739916, 4526463.081380142],
            [-3996029.565095244, 4526434.164107514],
            [-3995697.0609898055, 4526379.322509893],
            [-3995417.4585635806, 4526334.453198923],
            [-3995177.989777163, 4526275.291771775],
            [-3995073.5830215877, 4526246.172827312],
            [-3994985.7655721665, 4526224.477818999],
            [-3994610.9506784845, 4526129.562822668],
            [-3994223.440911702, 4525955.068135411],
            [-3993828.5517302137, 4525630.385390832],
            [-3993581.3782751784, 4525428.915487485],
            [-3993217.892392816, 4525178.759009889],
            [-3992805.969971034, 4525014.863137791],
            [-3992704.2163874223, 4524971.27628031],
            [-3992221.3090255256, 4524748.28201017],
            [-3992208.671184228, 4524729.694180316],
            [-3992014.8875602293, 4524462.188572361],
            [-3991958.3124816464, 4524384.091315164],
            [-3991854.905943315, 4523985.105057287],
            [-3991748.108988331, 4523573.0428913655],
            [-3991656.04292171, 4523217.822640133],
            [-3991564.897802222, 4522866.159982918],
            [-3991502.3067568922, 4522610.296346754],
            [-3991823.6369841867, 4522402.75579505],
            [-3991988.9711223487, 4522225.917190759],
            [-3992034.3036409253, 4521912.903662767],
            [-3992038.4190100296, 4521697.324357375],
            [-3992046.207575521, 4521623.969290835],
            [-3992017.708972019, 4521475.487653223],
            [-3991964.636366975, 4521156.199310095],
            [-3992584.8488743957, 4520134.698284573],
            [-3992955.3968590866, 4519436.105138819],
            [-3993321.3483606433, 4518910.891816629],
            [-3993900.9483315027, 4518545.478017856],
            [-3994147.1841469947, 4518180.393256383],
            [-3994148.432039656, 4517061.144599915],
            [-3994315.6793033937, 4516716.545773845],
            [-3994663.0307129333, 4516282.237601965],
            [-3994861.652441853, 4516058.631668086],
            [-3995240.5923353527, 4515569.3243624205],
            [-3995529.762717542, 4515112.691294878],
            [-3995831.9202256943, 4514598.430187967],
            [-3996003.740130267, 4514020.124713215],
            [-3996209.5692894943, 4513467.776553155],
            [-3996572.0010850932, 4512900.510862273],
            [-3996987.9276404525, 4512405.456341622],
            [-3997504.925740318, 4511798.113533102],
            [-3997828.9927102965, 4511585.002080629],
            [-3998185.074143049, 4511512.872677325],
            [-3998593.3859250345, 4511429.938156234],
            [-3998934.910021914, 4511298.367164567],
            [-3999306.702686444, 4510943.863066384],
            [-3999404.589554361, 4510778.626026732],
            [-3999481.338622372, 4510645.047828954],
            [-3999597.18250826, 4510438.2814896265],
            [-3999622.771257398, 4510115.990697665],
            [-3999659.981231614, 4509690.524776984],
            [-3999324.3854821036, 4509304.282228686],
            [-3999003.756788218, 4508784.947560322],
            [-3999078.154931992, 4508421.460659944],
            [-3999366.3370545623, 4507744.426727634],
            [-3999498.9165377477, 4507227.174939377],
            [-3999536.0269782236, 4507098.094052372],
            [-3999666.2065631268, 4506803.956059773],
            [-3999895.471505726, 4506304.501291311],
            [-3999940.4219271992, 4506218.863423145],
            [-4000021.813854654, 4505896.593207299],
            [-4000183.118254679, 4505699.974268979],
            [-4000376.170830465, 4505460.57279021],
            [-4000470.2740362906, 4505272.020968177],
            [-4000598.126051401, 4505015.850213709],
            [-4000653.1177245686, 4504920.159357998],
            [-4000801.482670736, 4504661.991486089],
            [-4000792.881837944, 4504277.478862138],
            [-4000794.6026049997, 4504147.535420746],
            [-4000851.697478733, 4503792.509733889],
            [-4000909.679349513, 4503471.015979387],
            [-4000973.3367525917, 4503096.797203843],
            [-4000976.933155603, 4503075.655416106],
            [-4000978.3292213543, 4503067.448527941],
            [-4000992.7904056353, 4503042.285332903],
            [-4001152.639697571, 4502764.140743338],
            [-4001458.1979039265, 4502641.920270092],
            [-4001882.267080019, 4502488.981840228],
            [-4002123.9552310714, 4502297.302720747],
            [-4002437.704208081, 4502043.866000194],
            [-4002792.401256754, 4501708.111481281],
            [-4003021.1384950085, 4501550.491272249],
            [-4003326.4979501977, 4501555.39668448],
            [-4003708.8777838913, 4501583.852181558],
            [-4004520.8491214258, 4501460.947072582],
            [-4004813.6799082654, 4501126.92534349],
            [-4005141.4707340416, 4500439.713515557],
            [-4005518.0589553225, 4499438.740535878],
            [-4005780.2167261606, 4499266.440056283],
            [-4005842.2481179796, 4499225.670692548],
            [-4006678.8296653065, 4499051.866633387],
            [-4007140.1401436846, 4498717.219613588],
            [-4008422.9117031754, 4498298.757713451],
            [-4009083.1595459008, 4498057.748033411],
            [-4009235.072393983, 4498002.218244028],
            [-4009466.1242382503, 4497969.913889988],
            [-4009967.069379134, 4497898.550151677],
            [-4010485.3726995066, 4497635.181554367],
            [-4010755.1738906708, 4497342.272744143],
            [-4010721.478263847, 4496756.674100069],
            [-4010591.913553372, 4495989.563992219],
            [-4010488.259182198, 4495354.603987735],
            [-4010659.1587691386, 4495052.246779004],
            [-4011007.880718925, 4494445.730289693],
            [-4011180.6323037622, 4494196.676943485],
            [-4011435.6302839145, 4493818.695041185],
            [-4012151.60053305, 4492987.956829677],
            [-4012328.416183699, 4492382.990740644],
            [-4012529.571139749, 4491857.725321083],
            [-4012979.4466136205, 4491139.009443933],
            [-4013310.6775687034, 4490967.157042709],
            [-4013767.3610078366, 4490762.768310379],
            [-4014106.766388954, 4490459.798285296],
            [-4014302.0488843587, 4490237.113285276],
            [-4014300.978852807, 4489893.313629811],
            [-4014459.2293435433, 4489379.210638828],
            [-4014839.336345052, 4488893.633649878],
            [-4015124.0801363606, 4488690.832461235],
            [-4015396.1231921054, 4488276.2837171415],
            [-4015418.377645275, 4487711.392808955],
            [-4015216.2172340075, 4487367.204986114],
            [-4015089.948198947, 4486917.971673647],
            [-4014856.47063528, 4486179.848534159],
            [-4014897.646738913, 4485875.236478219],
            [-4015000.0546486634, 4485586.640725471],
            [-4015114.679481892, 4485276.8080831785],
            [-4015337.088758937, 4484617.74215655],
            [-4015559.1908940794, 4484173.161627206],
            [-4015812.62699529, 4483849.466650476],
            [-4016016.1086948365, 4483495.720315441],
            [-4016065.7429125686, 4483407.486112965],
            [-4016171.076119881, 4483156.936287224],
            [-4016334.1794277006, 4482734.47988952],
            [-4016543.6454773843, 4482448.675443436],
            [-4016556.4607085, 4482382.9941385295],
            [-4016308.4228404076, 4482699.80566832],
            [-4016165.37738154, 4483123.924284287],
            [-4016001.3474716786, 4483467.420130052],
            [-4015797.8806130174, 4483821.140110612],
            [-4015544.459088658, 4484144.844381409],
            [-4015322.3676478625, 4484589.4190534465],
            [-4015054.819631257, 4485346.774581498],
            [-4014882.6710651983, 4485821.474540545],
            [-4014847.701777359, 4486174.553245115],
            [-4015075.2162597827, 4486889.658404709],
            [-4015190.0956793847, 4487332.9141836725],
            [-4015413.058135336, 4487705.196185383],
            [-4015390.8036897797, 4488270.086930343],
            [-4015118.760638531, 4488684.635600765],
            [-4014834.0168487346, 4488887.436780693],
            [-4014453.9098521033, 4489373.013694379],
            [-4014292.212910762, 4489888.027821487],
            [-4014296.7294035503, 4490230.916115119],
            [-4014101.446910188, 4490453.60108438],
            [-4013758.5584972217, 4490757.469224204],
            [-4013305.358092871, 4490960.959834863],
            [-4012970.662152871, 4491133.69443353],
            [-4012524.251671564, 4491851.527989987],
            [-4012323.0967211043, 4492376.793290176],
            [-4012142.787783456, 4492982.660038121],
            [-4011430.310834489, 4493812.49732587],
            [-4011002.5612748023, 4494439.532465445],
            [-4010653.8393303594, 4495046.048837685],
            [-4010479.495717441, 4495349.282731031],
            [-4010716.1588453725, 4496750.475642645],
            [-4010743.8171445946, 4497345.540655414],
            [-4010480.0532897906, 4497628.982879004],
            [-4009958.2754996177, 4497893.281275825],
            [-4009928.774014754, 4497897.4582009055],
            [-4010436.614069551, 4497640.244492958],
            [-4010700.4295979007, 4497356.788841374],
            [-4010672.6984532825, 4496761.742903293],
            [-4010436.0584060233, 4495360.555854578],
            [-4010610.4274810893, 4495057.292778378],
            [-4010959.1566962413, 4494450.763249178],
            [-4011386.908597338, 4493823.738796056],
            [-4012099.3980747433, 4492993.909485093],
            [-4012279.672842621, 4492388.040401398],
            [-4012480.8433846086, 4491862.793726622],
            [-4012927.2430446413, 4491144.962992426],
            [-4013261.943674869, 4490972.204481954],
            [-4013715.156939947, 4490768.72168745],
            [-4014058.0368709, 4490464.8217906235],
            [-4014253.3066776255, 4490242.17397967],
            [-4014248.774197755, 4489899.267347261],
            [-4014410.4583601686, 4489384.290511362],
            [-4014790.572657915, 4488898.700386362],
            [-4015075.323890704, 4488695.885912564],
            [-4015347.3639356364, 4488281.32673086],
            [-4015369.636776124, 4487716.465279593],
            [-4015146.6693874225, 4487344.207372896],
            [-4015031.7788828854, 4486900.909479976],
            [-4014804.2642385666, 4486185.80470063],
            [-4014839.2513984577, 4485832.710166842],
            [-4015011.3899392434, 4485358.058061531],
            [-4015278.9217079733, 4484600.684276249],
            [-4015501.0232752278, 4484156.107021307],
            [-4015754.4576993394, 4483832.410689762],
            [-4015957.9396170494, 4483478.664237676],
            [-4016121.9015774387, 4483135.163451045],
            [-4016264.9993121866, 4482711.076536943],
            [-4016518.431104398, 4482387.389404366],
            [-4016665.1894848268, 4481489.370518121],
            [-4016874.603079219, 4480833.119737643],
            [-4017021.363473236, 4479935.149838275],
            [-4017238.967611846, 4479147.808980741],
            [-4017371.62744711, 4478683.476003294],
            [-4017256.7524339287, 4478240.309344562],
            [-4017226.8437414328, 4477474.18487973],
            [-4017193.24597144, 4477181.944827265],
            [-4017305.033365471, 4476637.056883802],
            [-4017406.36994032, 4476051.896623961],
            [-4017499.513952353, 4475597.847419756],
            [-4017484.568609121, 4475214.812877319],
            [-4017254.827454258, 4474328.609550257],
            [-4017339.787038588, 4474005.665597999],
            [-4017652.837479237, 4472935.797867597],
            [-4017930.060757831, 4471402.404762524],
            [-4017862.8984413645, 4470818.03556394],
            [-4017724.894557148, 4470123.102123204],
            [-4017547.3720592028, 4469438.423177323],
            [-4017515.2301410763, 4468501.16219926],
            [-4017853.7074245554, 4467854.6773647955],
            [-4018223.5098602255, 4467328.988610176],
            [-4018643.268624237, 4466833.339815458],
            [-4019173.4032802097, 4466438.0064879935],
            [-4019595.4304794255, 4466113.683309377],
            [-4019775.8467331077, 4465508.196205013],
            [-4019719.1383016757, 4464964.180448702],
            [-4019169.566530323, 4464633.947647599],
            [-4018224.791845161, 4464406.210379577],
            [-4017806.4634945756, 4464256.827864949],
            [-4017654.335856317, 4463995.468081558],
            [-4017262.837985759, 4463624.288874764],
            [-4016881.781587322, 4463293.38440016],
            [-4016305.372236782, 4463185.024003409],
            [-4015868.406983502, 4463126.468598736],
            [-4015248.002957345, 4462685.776687337],
            [-4014875.124959091, 4462223.873364344],
            [-4014822.9118051943, 4462022.564628674],
            [-4014837.0411798125, 4461589.213388008],
            [-4014911.583469584, 4461226.131832835],
            [-4014915.272307859, 4460752.53300339],
            [-4014792.212905247, 4460440.702987306],
            [-4014616.94341337, 4459927.595851384],
            [-4014531.154881854, 4459434.265133066],
            [-4014299.9853907903, 4459193.472160144],
            [-4013284.3628757442, 4458855.426329996],
            [-4012626.668093273, 4458596.412584264],
            [-4011790.0069879484, 4458297.909759488],
            [-4011487.9926063856, 4457946.650423077],
            [-4011364.919559259, 4457634.882089236],
            [-4011268.692712814, 4457101.371997781],
            [-4011232.855616897, 4456638.108878378],
            [-4011197.0217214366, 4456174.863792522],
            [-4010865.812825569, 4455844.212121006],
            [-4010598.4997587497, 4455951.095953101],
            [-4010549.9369896417, 4455956.0985554],
            [-4009728.056648102, 4456040.504575074],
            [-4009459.6250775675, 4455981.28789222],
            [-4009030.8480028748, 4455791.847256123],
            [-4008543.9336985033, 4455703.407657684],
            [-4007944.3930095504, 4455343.522321876],
            [-4007294.8980735536, 4454953.641606777],
            [-4007305.3438627436, 4454993.894742655],
            [-4006953.3545174683, 4454612.741167293],
            [-4006624.5126272845, 4454483.321261837],
            [-4006145.7764416803, 4454263.93006153],
            [-4005717.0108674653, 4454074.528636742],
            [-4005296.437549078, 4453754.181554987],
            [-4005052.563368723, 4453302.064694968],
            [-4004977.189827457, 4452849.184915889],
            [-4004666.9857614706, 4452629.05194191],
            [-4004485.6529571377, 4452520.235920748],
            [-4004194.518783792, 4452676.296085862],
            [-4003648.3896714626, 4452967.428974336],
            [-4003174.813196202, 4453218.935323396],
            [-4002720.182712153, 4453462.248589876],
            [-4002176.254827613, 4453752.216239433],
            [-4001692.520221764, 4454010.097459813],
            [-4001265.150091657, 4454236.979259684],
            [-4000772.7054911787, 4454499.50818422],
            [-3998331.7575421897, 4455800.846927666],
            [-3997796.0714743678, 4456087.3990613725],
            [-3997040.6816068026, 4456489.1807474205],
            [-3996336.6020875857, 4456864.566081133],
            [-3995563.812537394, 4457277.54586562],
            [-3994760.4643950397, 4457705.86981133],
            [-3994124.960850222, 4458044.708213783],
            [-3993105.251082565, 4458588.406502004],
            [-3992263.388214595, 4459037.286764022],
            [-3991574.8142298455, 4459404.438996868],
            [-3990742.972292759, 4459847.989016489],
            [-3989749.3251804714, 4460377.825234592],
            [-3988662.6006799405, 4460957.304047605],
            [-3988258.7904211697, 4461519.140229145],
            [-3987880.158484455, 4462045.955088414],
            [-3987450.311382328, 4462640.123701327],
            [-3986839.75490674, 4463493.586977771],
            [-3986369.6868091016, 4464147.671029855],
            [-3986014.3788554785, 4464638.176805631],
            [-3985623.1645503864, 4465182.563679894],
            [-3985782.3119276264, 4465726.398793085],
            [-3985906.8458136898, 4466151.961429405],
            [-3986014.9015552783, 4466521.220533129],
            [-3986154.160788274, 4466984.43271792],
            [-3986267.3584593274, 4467371.268304215],
            [-3986473.7865921347, 4468089.430824918],
            [-3986730.3650380992, 4468953.586340502],
            [-3986744.6857545944, 4469015.258436248],
            [-3986689.8894664077, 4468999.641506156],
            [-3986293.5796686923, 4468886.695517903],
            [-3986052.769205585, 4468820.907890145],
            [-3985938.0010667164, 4468789.554572393],
            [-3985378.9665248455, 4468636.836937799],
            [-3984886.145499989, 4468502.213524983],
            [-3984187.543133441, 4468303.237287557],
            [-3983639.0031864177, 4468150.9234654065],
            [-3983090.050706901, 4467998.502024607],
            [-3982430.8972145743, 4467815.491390092],
            [-3980087.1410173173, 4467192.998919795],
            [-3979704.3961243005, 4467093.188699124],
            [-3979483.459026127, 4467034.517561765],
            [-3979390.6696502506, 4467006.054851372],
            [-3978273.9899603045, 4466688.378561644],
            [-3976021.3871231964, 4466043.800196587],
            [-3975420.5044168103, 4465960.217231657],
            [-3974867.6956720357, 4465883.3264739495],
            [-3974690.1450043535, 4465853.188626484],
            [-3974610.5953864623, 4465839.55512586],
            [-3974516.2575845234, 4465782.98477323],
            [-3970464.060051263, 4465117.755072707],
            [-3968040.7003963036, 4464716.757204259],
            [-3967296.042564566, 4464609.619650588],
            [-3965987.9426013352, 4464605.982919181],
            [-3965095.7129227435, 4464580.16287838],
            [-3962032.298906786, 4464605.368140884],
            [-3961999.2527887714, 4464318.909698267],
            [-3962028.6475030677, 4464051.06313499],
            [-3962100.883822433, 4463459.549068589],
            [-3962196.2016397947, 4462706.306547107],
            [-3962379.079138832, 4461181.763126296],
            [-3962469.73725333, 4460466.937085102],
            [-3962551.2792707733, 4459799.444637765],
            [-3962584.0655196803, 4459503.637537032],
            [-3962649.583401251, 4458925.705752504],
            [-3962715.2929804754, 4458251.967324225],
            [-3962788.2049106313, 4457539.070759537],
            [-3962955.126958848, 4455827.866857463],
            [-3962804.0725179445, 4455294.774224869],
            [-3962445.3507711757, 4454028.837488314],
            [-3962578.9819646017, 4453908.269487052],
            [-3962884.573128446, 4453785.906117777],
            [-3963101.835056862, 4453471.908272962],
            [-3963178.5340415114, 4453280.282716997],
            [-3963252.9446632667, 4452917.576687457],
            [-3963283.4014747026, 4452704.685090132],
            [-3963380.8583451426, 4452111.774278262],
            [-3963563.325183979, 4451678.074749879],
            [-3963735.331016206, 4451204.170552891],
            [-3964007.264663191, 4450790.14013638],
            [-3964081.6818186115, 4450427.455618804],
            [-3964088.4425909957, 4450351.567653781],
            [-3964124.73804301, 4449944.169522818],
            [-3964356.6919512446, 4449652.64566582],
            [-3964501.2878541783, 4449460.058360858],
            [-3964541.940307075, 4449277.814172137],
            [-3964899.8863901324, 4448884.395474656],
            [-3965163.687134007, 4448601.194236395],
            [-3965393.777931208, 4448026.373087633],
            [-3965619.243709357, 4447581.561024077],
            [-3966088.8316909615, 4446644.139622206],
            [-3966151.977247111, 4446410.822380402],
            [-3965866.871667516, 4446270.384157944],
            [-3965708.3494187505, 4446005.986529569],
            [-3965635.179601671, 4445946.663653835],
            [-3965551.5901619806, 4445879.82462923],
            [-3965374.971757241, 4445534.7630664],
            [-3965291.3799777674, 4445213.217929486],
            [-3965150.863967646, 4444994.396096462],
            [-3964879.0161423148, 4444762.550702523],
            [-3964602.4399199826, 4444834.47378607],
            [-3964407.2289194604, 4445056.883993348],
            [-3963827.4294303074, 4445422.174516241],
            [-3963792.9645764036, 4445427.810722359],
            [-3963382.4160515075, 4445494.950893745],
            [-3963070.6695742495, 4445407.904478149],
            [-3962860.315140904, 4445080.428893309],
            [-3962724.002110096, 4444891.7157154465],
            [-3962685.192315525, 4444837.987422599],
            [-3962636.078092345, 4444768.948619958],
            [-3962347.3710050196, 4444433.896981388],
            [-3962307.8995846007, 4444444.159634894],
            [-3961848.237739731, 4444102.219525581],
            [-3961158.969402213, 4443756.038154348],
            [-3960869.72674299, 4443616.71466365],
            [-3960130.8654532614, 4443208.167028352],
            [-3959699.865874096, 4442848.325418612],
            [-3959516.846657778, 4442468.041831191],
            [-3959532.6628933963, 4442205.335000499],
            [-3959606.096331401, 4442037.348308452],
            [-3959626.9666372086, 4441989.605480278],
            [-3959868.2748231743, 4441564.074616274],
            [-3959829.925670763, 4441461.186288305],
            [-3959800.7062182864, 4441382.792186539],
            [-3959781.2263359916, 4441343.991994471],
            [-3959758.2192187724, 4441288.6259873295],
            [-3959685.07638678, 4441007.360396864],
            [-3959721.015058886, 4440870.879749687],
            [-3959769.974262443, 4440684.954196308],
            [-3959766.026716191, 4440650.77649286],
            [-3959736.3032734096, 4440393.430051895],
            [-3959536.443183793, 4440273.766014949],
            [-3959239.031775077, 4440265.291471095],
            [-3958999.722733365, 4440155.979908927],
            [-3958937.0210139332, 4439914.878516729],
            [-3958903.3801384727, 4439623.313603436],
            [-3958948.7763429247, 4439311.241773132],
            [-3958717.5710620177, 4439071.06401738],
            [-3958525.931224993, 4438820.64566155],
            [-3958323.839315254, 4438530.043512543],
            [-3958129.8626370057, 4438108.619166971],
            [-3957927.770713908, 4437818.029068042],
            [-3957885.962474609, 4437657.283713327],
            [-3957852.291617066, 4437365.800103224],
            [-3957710.6058056373, 4437145.27263212],
            [-3957229.638641397, 4436755.666432823],
            [-3956967.171130776, 4436394.99976791],
            [-3956673.275394188, 4435913.856908362],
            [-3956142.4266712903, 4435494.363756913],
            [-3956066.947140983, 4435042.187270509],
            [-3956170.4352482907, 4434629.307378808],
            [-3956215.8215656998, 4434317.253234887],
            [-3956200.8021654813, 4433935.163818749],
            [-3955911.5154682943, 4433795.972186168],
            [-3955303.9235186693, 4433568.043920615],
            [-3955112.2311657974, 4433317.6788407285],
            [-3954957.7677036123, 4432886.093811881],
            [-3954755.675796493, 4432595.593913915],
            [-3954374.6692752545, 4432265.856204428],
            [-3953954.1195490747, 4431946.460821569],
            [-3953789.005378514, 4431832.116378509],
            [-3953593.9652669528, 4431697.058402623],
            [-3953304.7219291255, 4431557.891508625],
            [-3953260.59832456, 4431226.320748877],
            [-3953355.9483225597, 4430944.204737156],
            [-3953206.105886468, 4430854.560076688],
            [-3953162.6843025, 4430865.8575432515],
            [-3952969.0511127575, 4430916.234007405],
            [-3952933.6255964674, 4430925.447766845],
            [-3952762.1007115506, 4430941.282911188],
            [-3952678.1776364, 4430949.030726165],
            [-3952391.2021170733, 4430980.8173547],
            [-3952141.4413456386, 4430831.3911556825],
            [-3951978.8283654833, 4430530.654575608],
            [-3951805.7790904716, 4430189.771013544],
            [-3951801.182610574, 4429847.917604468],
            [-3951807.046256113, 4429546.224021625],
            [-3951879.163088881, 4429012.919606162],
            [-3951697.9569812934, 4428802.7987963315],
            [-3951408.6854491686, 4428663.688396799],
            [-3951059.0104414946, 4428454.536253087],
            [-3950748.838037493, 4428235.11002947],
            [-3950567.6218461376, 4428025.005885276],
            [-3950365.5172455017, 4427734.592183892],
            [-3950132.0617150343, 4427323.7104837345],
            [-3949879.992449535, 4427003.427509215],
            [-3949765.0491341464, 4426561.743835974],
            [-3949758.1685730633, 4426049.051733317],
            [-3949593.2687037247, 4425577.492874769],
            [-3949259.8996607177, 4425106.919558396],
            [-3949065.9496148024, 4424685.82346247],
            [-3948882.446204316, 4424304.87437259],
            [-3948933.666056855, 4423691.382661162],
            [-3948949.9730741014, 4423429.923764429],
            [-3948847.7723138453, 4423199.3114576405],
            [-3948614.3174146763, 4422788.522659048],
            [-3948289.1034644167, 4422187.301697907],
            [-3948140.522910726, 4421454.38504985],
            [-3948410.1697865613, 4420869.8256170815],
            [-3948661.214599994, 4420375.840211226],
            [-3948496.317533073, 4419904.394521572],
            [-3948297.778204605, 4419141.679721762],
            [-3948357.171276128, 4418397.5754975295],
            [-3948491.9928730866, 4418105.311707826],
            [-3948213.1757711493, 4418006.456538014],
            [-3947942.5026171114, 4417776.89679161],
            [-3947929.7587706987, 4417565.91190756],
            [-3948206.309735658, 4417493.927997005],
            [-3948574.5813170653, 4417612.353139269],
            [-3948574.2674461356, 4417588.9827034855],
            [-3948614.5315129445, 4417600.912377539],
            [-3948574.2401140374, 4417586.949809597],
            [-3948572.2869529235, 4417441.505250902],
            [-3948330.675605057, 4417161.515154417],
            [-3948365.59634926, 4416809.563915793],
            [-3948437.735244468, 4416276.477861823],
            [-3948266.9690502966, 4416106.651633821],
            [-3948023.066320442, 4415655.855561991],
            [-3947879.0822680094, 4415264.7779519735],
            [-3947730.490247502, 4414532.05325601],
            [-3947784.0273451363, 4414089.569647888],
            [-3947608.6743066777, 4413578.116598158],
            [-3947179.982622879, 4413389.756222057],
            [-3946613.1154432106, 4413412.656247659],
            [-3946067.289369883, 4413636.619965851],
            [-3945462.981946486, 4414393.907701116],
            [-3944431.054195165, 4415776.775545057],
            [-3943613.483861843, 4416858.1587458225],
            [-3943479.995342204, 4417059.26738861],
            [-3943253.85231889, 4417411.82476677],
            [-3942867.8037999882, 4417605.678956686],
            [-3942840.4788203416, 4417619.4012146415],
            [-3942540.9850197965, 4417766.546370138],
            [-3942501.655354516, 4417779.069855266],
            [-3942141.536012453, 4417529.987674724],
            [-3941270.1797451563, 4417585.450325572],
            [-3941124.135469258, 4417623.476803448],
            [-3940681.5401955983, 4417738.718880497],
            [-3940567.548074596, 4417825.123546765],
            [-3939906.5586290187, 4418326.18468096],
            [-3939566.6343196672, 4418971.850833329],
            [-3939015.338193597, 4419115.388215161],
            [-3938971.9635672225, 4419126.67315946],
            [-3938802.701849781, 4419055.814762644],
            [-3938782.6112097465, 4419047.4042290505],
            [-3938151.8270400846, 4418568.831740743],
            [-3937512.565336676, 4418484.428567643],
            [-3936925.018882953, 4418679.539144121],
            [-3936186.9564224035, 4419385.012193651],
            [-3935492.3779240493, 4419917.07681555],
            [-3935182.6968549383, 4420021.047108588],
            [-3935123.4728353517, 4420040.654518614],
            [-3935079.995579346, 4420054.406796974],
            [-3935102.1428587907, 4419491.548836779],
            [-3935049.88585842, 4419290.875955884],
            [-3934971.441031707, 4414940.606238956],
            [-3935166.137427796, 4402895.11164574],
            [-3935105.727056813, 4402825.19377471],
            [-3935153.64175182, 4401228.043502091],
            [-3934485.9662775425, 4392837.690619781],
            [-3934278.842764616, 4388481.989228623],
            [-3932004.039329838, 4382183.529418748],
            [-3929157.9563775687, 4379844.28513776],
            [-3929107.9941149577, 4379814.521275512],
            [-3927292.3557895334, 4378191.188631306],
            [-3926522.162093676, 4377664.632139938],
            [-3925712.468374498, 4377148.406525488],
            [-3924563.554390888, 4376463.95615811],
            [-3923383.3049157998, 4375659.398572711],
            [-3922365.6527854465, 4375154.740772668],
            [-3921366.6140787755, 4374559.716194861],
            [-3920353.5608637896, 4374396.1712959865],
            [-3919540.315545049, 4374351.641260139],
            [-3917845.3018950797, 4374323.270165989],
            [-3916863.6218738984, 4374279.9200200895],
            [-3915058.2907720995, 4374152.058269416],
            [-3913718.839014664, 4374031.0048805475],
            [-3913319.2432312933, 4373793.058154855],
            [-3912540.946713023, 4373397.298061806],
            [-3911862.5712027033, 4373061.039469759],
            [-3911462.9718992417, 4372823.133811677],
            [-3910970.9091885514, 4372474.260080767],
            [-3910272.359445427, 4371979.005294783],
            [-3909229.3065243675, 4371053.6745374715],
            [-3909158.46559142, 4370943.875010505],
            [-3908261.650319536, 4368151.942600427],
            [-3906617.796941979, 4369003.790758823],
            [-3905151.80449361, 4369770.518058793],
            [-3895912.1391394367, 4373164.918466685],
            [-3895861.048172115, 4373174.216457106],
            [-3894805.8371624625, 4367677.501529086],
            [-3894793.086020604, 4367467.0759283705],
            [-3894183.6747001843, 4364163.441696738],
            [-3893647.0546478448, 4364047.08204181],
            [-3892168.3987016045, 4363877.471656248],
            [-3890968.530301036, 4363806.076336986],
            [-3889805.869707417, 4363554.002828118],
            [-3889651.437244978, 4363124.151446319],
            [-3889365.768080375, 4362514.878309205],
            [-3888271.9985653493, 4359295.92813542],
            [-3887890.000590528, 4358156.368906553],
            [-3887511.5533763533, 4356545.878558003],
            [-3887633.57069872, 4356043.96437035],
            [-3887957.8609160273, 4354378.233740538],
            [-3888263.5529301576, 4352802.885610331],
            [-3888805.174025292, 4350354.190112645],
            [-3889220.1764384285, 4348066.897278055],
            [-3889759.5347670955, 4345448.220288224],
            [-3889704.996050824, 4345078.009767305],
            [-3889521.5285438686, 4344698.775842648],
            [-3889529.676367057, 4344568.489008489],
            [-3889803.7832556106, 4338821.656807845],
            [-3889861.8271270734, 4337604.998635846],
            [-3890145.6627094545, 4335139.265737137],
            [-3890165.0405019294, 4334020.11188188],
            [-3890190.231054021, 4332565.433388372],
            [-3890182.327461761, 4331243.804383943],
            [-3890389.241386452, 4330421.130306211],
            [-3890354.5867127054, 4329320.056051857],
            [-3889829.660280815, 4328603.353973008],
            [-3889290.7173061087, 4328317.2999746995],
            [-3888722.728716551, 4328081.542440628],
            [-3887965.4194934797, 4327767.203618977],
            [-3886918.9023240856, 4327315.041788075],
            [-3886338.1901058806, 4326869.19198667],
            [-3885975.8443766036, 4326451.64257056],
            [-3885623.946558257, 4326074.060762409],
            [-3885196.6229316904, 4325246.648485447],
            [-3884963.2211995465, 4324838.122757061],
            [-3884798.357516407, 4324368.988593303],
            [-3884406.971279878, 4324001.79235927],
            [-3884307.087266892, 4323942.532088603],
            [-3883240.9656861476, 4322770.06788207],
            [-3882678.866652427, 4322234.145857066],
            [-3882048.220379076, 4321758.851442673],
            [-3881236.425285967, 4321074.874862285],
            [-3880253.90006809, 4320222.199306201],
            [-3879198.2544102776, 4319089.99269663],
            [-3878619.8572235135, 4318814.522942441],
            [-3878133.200912769, 4318728.439365668],
            [-3877562.96285263, 4318322.849680533],
            [-3877148.412749295, 4317705.848758826],
            [-3876704.811505948, 4317139.149495264],
            [-3876471.4016559934, 4316730.839125098],
            [-3875807.1665347554, 4315965.877006815],
            [-3875423.953349368, 4315468.773992351],
            [-3875059.3362494446, 4314881.480744326],
            [-3874468.2252852623, 4314396.135810319],
            [-3874132.296062949, 4314364.198952971],
            [-3873828.84910157, 4314520.528042312],
            [-3873806.8403912364, 4314521.289355701],
            [-3873786.409330478, 4314531.84567864],
            [-3873241.686242629, 4314546.364842418],
            [-3872734.147105592, 4314380.496810337],
            [-3872515.7942193653, 4314352.298058338],
            [-3871947.8833352276, 4314116.898355919],
            [-3871619.213648958, 4313989.581072009],
            [-3871518.1400678684, 4313965.317992805],
            [-3871092.4195347833, 4313863.126953644],
            [-3870853.839266072, 4313805.858471246],
            [-3870525.1725314353, 4313678.548766782],
            [-3870028.101359891, 4313552.632404093],
            [-3869560.0749189574, 4313376.462609915],
            [-3868881.851435605, 4313041.994585485],
            [-3868453.307479861, 4312855.508926476],
            [-3868064.2637596354, 4312658.693191913],
            [-3867286.1799515155, 4312265.075984108],
            [-3866670.650588906, 4312170.20476341],
            [-3866323.3965884857, 4312133.092936054],
            [-3865768.251880223, 4312107.737579893],
            [-3865142.271468609, 4311972.94835533],
            [-3864545.3694508644, 4311787.914878382],
            [-3860174.582941834, 4307984.2919640485],
            [-3859725.175309595, 4307718.09192259],
            [-3858772.8973468454, 4307626.171053007],
            [-3857997.1716312645, 4307402.76586279],
            [-3856851.033931967, 4306892.532822578],
            [-3856840.588571052, 4306852.626075717],
            [-3856359.8600921184, 4306466.76053824],
            [-3855708.4591794326, 4305912.365742079],
            [-3855132.4729339276, 4305807.304452332],
            [-3854348.6197674535, 4305713.999976834],
            [-3853662.33499666, 4305509.900754106],
            [-3852645.136060606, 4305008.704444426],
            [-3852432.3578468454, 4304870.935977889],
            [-3852035.5377845406, 4304614.009390423],
            [-3850905.739924211, 4303843.895669605],
            [-3850125.468827045, 4303280.772205626],
            [-3849074.666262549, 4302490.087392056],
            [-3848475.5413273578, 4302135.376365859],
            [-3847886.832938117, 4301820.579411566],
            [-3847339.9188709953, 4301665.3699983535],
            [-3846832.498996968, 4301499.825978545],
            [-3846185.738775092, 4301285.5192703325],
            [-3845580.7625573007, 4301230.792240267],
            [-3843513.922812347, 4300748.940873616],
            [-3843403.6194701158, 4300649.954338343],
            [-3842668.7334002396, 4299776.79059764],
            [-3842466.7276454656, 4299488.7094049975],
            [-3842175.329112134, 4299181.421280284],
            [-3841954.732808014, 4298983.4573699115],
            [-3841243.036200334, 4298360.046310017],
            [-3840830.893362154, 4297913.922803754],
            [-3839628.10479933, 4296865.138412164],
            [-3836587.570604971, 4293954.095309379],
            [-3834158.9205673253, 4291607.691967736],
            [-3831491.160778345, 4289153.929691266],
            [-3831430.796199513, 4289084.535259637],
            [-3829167.361038419, 4286929.524973822],
            [-3819852.8212201195, 4278064.1686730385],
            [-3811307.7481023613, 4270087.709133808],
            [-3811187.0470992248, 4269949.109795931],
            [-3810827.2314806515, 4269702.971537372],
            [-3809638.8038230445, 4268227.137323333],
            [-3807379.141463664, 4265883.422953232],
            [-3805793.7938800636, 4264341.861856384],
            [-3803436.693836508, 4262109.400744167],
            [-3801612.322694937, 4260460.785699722],
            [-3801528.8088421603, 4260142.360868628],
            [-3800922.0773497922, 4258472.352000182],
            [-3800205.0976784322, 4256703.78809397],
            [-3799148.234493387, 4253961.263977037],
            [-3798083.24270947, 4251348.794974494],
            [-3797293.229758391, 4249302.314957122],
            [-3797272.351603781, 4249222.740826445],
            [-3796463.761573246, 4247266.365858695],
            [-3794632.0023728833, 4242857.812308774],
            [-3794625.1361521236, 4242349.475897614],
            [-3794829.6107772132, 4241360.58704684],
            [-3795034.0744349826, 4240371.724622094],
            [-3795381.3884565416, 4238962.819088566],
            [-3795679.794881731, 4238331.929386684],
            [-3795905.128529658, 4237422.653495878],
            [-3796107.312071525, 4236264.468629489],
            [-3796295.4728710856, 4235535.011443415],
            [-3796660.0813959045, 4234674.256890262],
            [-3796943.4744855077, 4233664.825063575],
            [-3797158.380182317, 4232715.893277822],
            [-3797444.0497194114, 4231875.8970392365],
            [-3797884.022238668, 4231462.8944559945],
            [-3798463.2404988767, 4231098.339785839],
            [-3798655.982075534, 4230707.747916619],
            [-3799004.291937811, 4230106.316390532],
            [-3799350.3124322747, 4229335.506732244],
            [-3799467.682047089, 4228497.246306177],
            [-3799597.802210794, 4227868.136766782],
            [-3799312.390096026, 4227263.159437023],
            [-3798905.0262200865, 4227157.648778318],
            [-3798092.5881543825, 4227116.023917275],
            [-3797877.967409935, 4226619.96685998],
            [-3798080.1356091793, 4225462.082821318],
            [-3797992.048187807, 4224805.362715373],
            [-3797960.73468268, 4224686.119332952],
            [-3797675.336633636, 4224081.221675246],
            [-3797454.8536928734, 4223884.197562211],
            [-3797105.546955371, 4223678.509116388],
            [-3796656.441374206, 4223414.050245169],
            [-3796288.5547617595, 4223298.23360702],
            [-3795878.9141643434, 4223023.422145222],
            [-3795429.8176793307, 4222758.990870068],
            [-3794912.229578495, 4222555.038016208],
            [-3794562.9330765046, 4222349.376865395],
            [-3794410.9491522475, 4222091.900415673],
            [-3793706.3616818916, 4221870.10865701],
            [-3793291.955693892, 4222142.084189727],
            [-3792959.9539194927, 4222484.146040103],
            [-3792533.289976248, 4222726.122643592],
            [-3792262.381045864, 4222879.7701853765],
            [-3791732.7375932983, 4222972.257951395],
            [-3792218.4113704194, 4222878.745317992],
            [-3791733.7695168364, 4222964.91526139],
            [-3790837.8959681164, 4222605.43096345],
            [-3790526.162767255, 4222055.475041903],
            [-3790693.068328116, 4221411.540345787],
            [-3790910.2415015446, 4220632.3106827075],
            [-3791445.414805756, 4219939.526042998],
            [-3791733.3439113065, 4219269.240592503],
            [-3791957.3488189527, 4218997.96393425],
            [-3792505.240852318, 4218514.240931702],
            [-3792743.29070048, 4217814.536213038],
            [-3792725.9740920225, 4217266.891801397],
            [-3792603.05012879, 4216959.381586893],
            [-3792475.475391596, 4216313.260975322],
            [-3792208.707682726, 4215618.79750819],
            [-3791959.4828645643, 4214027.8006766895],
            [-3791802.920912502, 4213431.847906371],
            [-3792118.811741049, 4213268.611290771],
            [-3792137.1891711373, 4213259.114701438],
            [-3792592.1335130003, 4213224.511749708],
            [-3793336.012104279, 4213326.409791818],
            [-3794038.1360913133, 4213269.353719532],
            [-3794519.113357298, 4213301.6012838],
            [-3794781.7182060024, 4212904.134795563],
            [-3795103.258057315, 4212522.352187289],
            [-3795152.140881729, 4211745.009398391],
            [-3794947.9580720332, 4211289.009197608],
            [-3794625.405825087, 4210864.107728283],
            [-3794182.1768211415, 4210301.05422408],
            [-3793780.69995898, 4209896.91524697],
            [-3793316.601371175, 4209254.448844381],
            [-3792542.68001204, 4208396.146282797],
            [-3792178.3897572896, 4207812.436841086],
            [-3791901.15037878, 4207078.4755430855],
            [-3791777.181847876, 4205964.580248332],
            [-3791645.0531349154, 4204980.236093345],
            [-3791710.223711238, 4203944.085705291],
            [-3792089.796099779, 4203462.20579132],
            [-3792653.937744734, 4202719.536327543],
            [-3793105.540838558, 4201709.224530397],
            [-3793192.6012650016, 4201558.976190709],
            [-3793503.692979066, 4201137.547145474],
            [-3793846.0929243923, 4200835.277012545],
            [-3794454.282083143, 4200420.691095871],
            [-3794925.490474196, 4200126.995089385],
            [-3795155.3659519684, 4199557.106332525],
            [-3795590.693824572, 4198805.845574045],
            [-3795938.9373303074, 4198204.830517437],
            [-3796308.0756482263, 4197683.265568442],
            [-3796405.571468949, 4197572.719941588],
            [-3796629.6094699265, 4197301.562863613],
            [-3797061.3657325148, 4197018.242822501],
            [-3797306.2709742226, 4196826.504735655],
            [-3797334.2956485245, 4196827.146563571],
            [-3797104.7364594145, 4197006.848214009],
            [-3796672.987676249, 4197290.155271183],
            [-3796448.941993648, 4197561.325644263],
            [-3796351.417794197, 4197671.88993318],
            [-3795982.2946345867, 4198193.428832989],
            [-3795634.0227079657, 4198794.462784211],
            [-3795198.727982755, 4199545.681714511],
            [-3794968.8192478637, 4200115.612923463],
            [-3794497.6466752104, 4200409.277348616],
            [-3793889.4311067886, 4200823.848095401],
            [-3793547.0648945603, 4201126.120652155],
            [-3793235.937131138, 4201547.581666021],
            [-3793148.884310641, 4201697.816921919],
            [-3792697.2942636, 4202708.136891191],
            [-3792133.165587207, 4203450.814431807],
            [-3791753.561409038, 4203932.6583063165],
            [-3791688.4150041523, 4204968.858555554],
            [-3791820.5542527023, 4205953.200366977],
            [-3791944.4918718864, 4207067.104264942],
            [-3792223.620721421, 4207804.073738381],
            [-3791949.6860277643, 4207076.897358429],
            [-3791878.8624960324, 4206440.4512073165],
            [-3791862.942709915, 4206297.370935934],
            [-3791827.037284123, 4205974.861271092],
            [-3791813.088430629, 4205868.766298364],
            [-3791752.631044896, 4205418.399090206],
            [-3791693.5884146644, 4204978.656235897],
            [-3791738.548867651, 4204263.826379536],
            [-3791758.7471725824, 4203942.470195387],
            [-3792020.91752519, 4203609.685629071],
            [-3792079.6972964355, 4203535.077647393],
            [-3792179.315251865, 4203406.69704416],
            [-3792702.4801007616, 4202717.948473367],
            [-3793154.070184487, 4201707.628192618],
            [-3793241.1368777235, 4201557.393710404],
            [-3793440.1624856913, 4201287.769131509],
            [-3793552.228691234, 4201135.9643477285],
            [-3793894.617039261, 4200833.65915961],
            [-3793937.190336402, 4200804.680968629],
            [-3794502.818169006, 4200419.107781292],
            [-3794974.026753386, 4200125.411567463],
            [-3795203.9140190342, 4199555.49251804],
            [-3795987.4807360154, 4198203.239253092],
            [-3796356.61230842, 4197681.680172089],
            [-3796404.5733963847, 4197627.316637531],
            [-3796454.1281335196, 4197571.13590339],
            [-3796678.146241736, 4197299.977179554],
            [-3796872.115728382, 4197172.703737395],
            [-3797109.922652057, 4197016.658376599],
            [-3797353.1343524386, 4196826.22918876],
            [-3797607.732589377, 4196830.7110525565],
            [-3797651.906785691, 4196831.722724069],
            [-3798015.1897356072, 4196608.864050198],
            [-3798199.745583059, 4196348.03472447],
            [-3798277.4294778225, 4196119.890971657],
            [-3798304.8978653653, 4196042.00677513],
            [-3798415.799416717, 4195747.480177964],
            [-3798506.2593213352, 4195588.235242521],
            [-3798551.5159443426, 4195548.286104129],
            [-3798946.2756663533, 4195843.466247524],
            [-3799071.548318303, 4196319.990577655],
            [-3799362.808777152, 4196625.515870759],
            [-3799749.274432637, 4196651.293948467],
            [-3799775.210414303, 4196646.190946863],
            [-3799806.0865507326, 4196648.080002141],
            [-3799927.8781215698, 4196624.117244332],
            [-3800439.6347238333, 4196523.433478957],
            [-3801016.5080671664, 4195989.673129679],
            [-3801346.199282226, 4195478.442784877],
            [-3801489.410395455, 4195194.012156675],
            [-3802011.407737875, 4194157.283595835],
            [-3802051.4638476665, 4193520.1307066367],
            [-3802051.1370798433, 4193470.223048511],
            [-3802030.189972109, 4192624.0346948737],
            [-3801704.215392024, 4191701.8090679916],
            [-3801691.3278803336, 4191656.2338137357],
            [-3801364.13304363, 4190416.8303835103],
            [-3801216.977486117, 4190167.1041986966],
            [-3801095.73287458, 4189946.5582351633],
            [-3801060.2915881057, 4189882.0902080378],
            [-3800808.520254562, 4189421.828951266],
            [-3801162.606011049, 4188522.314055235],
            [-3801105.778851255, 4187985.4367659083],
            [-3801364.842508338, 4185922.429374687],
            [-3801230.5518821534, 4185575.128221006],
            [-3800988.7278711074, 4185470.944893675],
            [-3800803.225350051, 4185391.026755024],
            [-3800727.4343433315, 4185339.832391194],
            [-3800431.148390427, 4185139.946737929],
            [-3800052.881253545, 4184946.7635498457],
            [-3799931.735552824, 4184644.122958917],
            [-3799914.369206577, 4184096.929015885],
            [-3800296.2387606003, 4183784.287257311],
            [-3800354.698462764, 4183741.651123173],
            [-3800933.4075391856, 4183319.611700844],
            [-3801315.2687196354, 4183006.9696100387],
            [-3801429.7825093386, 4182166.205621375],
            [-3801057.199001389, 4181875.37115053],
            [-3799879.294709959, 4181888.163402559],
            [-3799079.6147596035, 4182056.062424672],
            [-3798406.495505606, 4182063.376630181],
            [-3797839.0506600314, 4181830.714111525],
            [-3797248.4351885114, 4181349.5326891094],
            [-3796034.6328971824, 4180905.013282869],
            [-3795199.0927187507, 4180615.627894161],
            [-3794100.155198823, 4180607.7024750267],
            [-3794066.643009899, 4180619.140746343],
            [-3793016.2378098657, 4180977.6591942916],
            [-3792365.085854128, 4181870.2512716935],
            [-3792087.6321425247, 4182579.716579455],
            [-3792017.9445821256, 4183276.9859840553],
            [-3791998.109616395, 4184003.5550034405],
            [-3792215.352785602, 4184500.861522296],
            [-3792964.0093368217, 4185109.626570538],
            [-3793046.974833976, 4185425.0869723065],
            [-3793321.913787187, 4185989.3431361853],
            [-3793025.8959463513, 4186788.6179719865],
            [-3792869.1152874837, 4187636.184895376],
            [-3792300.414425027, 4188040.3842257457],
            [-3792277.2130188015, 4188037.4584283167],
            [-3791647.6839570953, 4187958.0736372247],
            [-3791350.11573976, 4187314.2075629705],
            [-3791222.565921246, 4186668.738356616],
            [-3790862.3288803636, 4186092.0524061234],
            [-3790202.050887733, 4185666.5950139505],
            [-3789863.950039579, 4185031.590463476],
            [-3789792.2637385917, 4184965.487012582],
            [-3789367.641907349, 4184573.9395519774],
            [-3789221.1717876005, 4184352.017598442],
            [-3788970.5217024223, 4184037.706223294],
            [-3788730.3864754047, 4183929.4951186622],
            [-3788294.0788194025, 4183874.5302240183],
            [-3787778.8345905202, 4183840.2835136605],
            [-3787300.824585919, 4183626.577123224],
            [-3786841.359919625, 4183323.1218176507],
            [-3786793.5155101265, 4183275.0213402417],
            [-3786446.0730007184, 4182924.122072814],
            [-3786381.1537293727, 4182516.922672497],
            [-3786670.0520473947, 4182167.3318422697],
            [-3786829.141126697, 4181974.8209544835],
            [-3786971.907923115, 4181555.4237465016],
            [-3787083.408280237, 4181016.9774332955],
            [-3787066.077733589, 4180469.997099986],
            [-3787141.8136441614, 4180104.182691104],
            [-3787187.2741022194, 4179884.610419003],
            [-3787196.1242926274, 4179841.8193918546],
            [-3787205.6329724328, 4179795.9371984825],
            [-3787233.6028200733, 4179660.815485439],
            [-3787311.6250857227, 4179269.9957474107],
            [-3787381.92361829, 4178944.4694341444],
            [-3787340.165268251, 4178785.738672777],
            [-3787675.624399585, 4177976.3145247744],
            [-3787600.2722908976, 4177529.4948836453],
            [-3787608.146389473, 4177456.8033447647],
            [-3787661.841736458, 4176961.8095953534],
            [-3787627.452516472, 4176735.9415308903],
            [-3787525.3148726933, 4176065.235288191],
            [-3787487.9364771503, 4175819.776781255],
            [-3787572.926333066, 4175437.6121783904],
            [-3787724.1042396314, 4174757.829778605],
            [-3787758.4578793184, 4174603.2709311233],
            [-3787879.1895002387, 4174184.582309616],
            [-3787956.974431185, 4173914.797266039],
            [-3788226.255371115, 4173334.9095728886],
            [-3788394.7983899666, 4172714.177512302],
            [-3788461.9208569853, 4172466.970926361],
            [-3788531.0351012317, 4172336.8785009426],
            [-3789195.4685950493, 4171086.290242437],
            [-3789527.3199349795, 4170635.6793153854],
            [-3789690.9626293257, 4170404.5111876763],
            [-3789801.6397926006, 4170313.9246288063],
            [-3790072.778327769, 4170091.960200335],
            [-3790240.126003256, 4169992.31503084],
            [-3790583.3875476294, 4169787.9235426798],
            [-3790654.88803648, 4169769.113945244],
            [-3791175.1988011156, 4169632.180861206],
            [-3791222.810697364, 4169492.4278526735],
            [-3790990.5129883066, 4169255.7523280666],
            [-3790696.5355364173, 4169142.181303194],
            [-3790657.3741671857, 4169126.100962129],
            [-3790599.0711971526, 4169079.6656731362],
            [-3790571.449166986, 4169061.9484520196],
            [-3790212.5709397634, 4168771.8416493395],
            [-3790183.167774983, 4168748.0731726293],
            [-3790107.7996461727, 4168301.3588951468],
            [-3790156.6104461798, 4167525.0965058054],
            [-3790249.4881405868, 4167076.5291334507],
            [-3790117.466919941, 4166703.750888235],
            [-3789929.4462100086, 4166387.4030888407],
            [-3789815.1723774495, 4166195.1378262485],
            [-3789537.170507987, 4165652.4087367933],
            [-3789512.4350410504, 4164413.5043019876],
            [-3789506.001530778, 4164091.530806303],
            [-3789486.2293767133, 4163849.748469183],
            [-3789410.968696495, 4162929.166871597],
            [-3789376.1632241746, 4162829.493227221],
            [-3789293.9849227457, 4162598.5484584766],
            [-3788543.5685809474, 4161883.7327418355],
            [-3788074.0287692137, 4161875.5647608484],
            [-3787230.5040041753, 4161716.04086595],
            [-3787187.1691711806, 4161727.4341445835],
            [-3786240.3087062794, 4161976.674691864],
            [-3785098.525785713, 4162446.847796177],
            [-3784434.7759709177, 4163130.380990699],
            [-3783791.8940431145, 4163893.232345498],
            [-3783110.306512447, 4164235.967140591],
            [-3782781.128106451, 4164201.9180415585],
            [-3782339.69754383, 4163809.090790162],
            [-3782204.000921341, 4163293.5634857262],
            [-3781986.2104245764, 4162936.2520642243],
            [-3781604.591162589, 4162619.1612319793],
            [-3781554.9291253765, 4162578.170644824],
            [-3781251.5638441117, 4162399.49304671],
            [-3780891.8919218285, 4162154.951969106],
            [-3780393.0325922533, 4161862.330670028],
            [-3780404.4996491214, 4161905.892805608],
            [-3780349.6844998887, 4161873.7347090296],
            [-3780516.678719044, 4162508.135985976],
            [-3780673.2360891905, 4163102.902820189],
            [-3780593.095955954, 4163759.9858465865],
            [-3780541.9656323385, 4164367.0450909017],
            [-3780530.2821455044, 4164963.731510853],
            [-3780306.321826165, 4165234.687248393],
            [-3780083.1363962465, 4165454.933666407],
            [-3779778.809814375, 4165458.3103463035],
            [-3779471.338431462, 4165412.0480510374],
            [-3779375.4150457173, 4165326.5771651226],
            [-3778945.1639766144, 4164939.4228374944],
            [-3778734.702683997, 4164703.0148457102],
            [-3778643.144110976, 4164600.1692904183],
            [-3778620.804157535, 4164578.8246699264],
            [-3778337.982070744, 4164311.152007482],
            [-3778279.749322443, 4164252.669619544],
            [-3778227.895795521, 4164199.4557500193],
            [-3777960.1184513755, 4163924.6561315344],
            [-3777940.2274206313, 4163911.6953795985],
            [-3777795.403142301, 4163825.2423157427],
            [-3777437.777426662, 4163615.353178353],
            [-3776757.937020609, 4163115.9333105413],
            [-3775868.1801514556, 4162459.8130365857],
            [-3775211.5286545483, 4162208.756480633],
            [-3774544.486042172, 4161918.0421847403],
            [-3773777.7348434646, 4161568.7378687197],
            [-3773249.851375751, 4161326.173177939],
            [-3772643.186514228, 4161104.3535157763],
            [-3771920.458756404, 4161082.6890733116],
            [-3771877.2116638194, 4161094.0729870964],
            [-3771013.1763595194, 4161321.5108552645],
            [-3770600.1171156666, 4161514.9463670454],
            [-3769786.8485362995, 4162110.5579406773],
            [-3769270.4960856405, 4162712.767090898],
            [-3768714.72017832, 4163325.3080353867],
            [-3767951.292952708, 4163950.145585806],
            [-3767077.652740565, 4164476.786162265],
            [-3766538.1191376206, 4164830.780298364],
            [-3765859.470152369, 4165136.540155508],
            [-3765141.3301352942, 4165452.6895026094],
            [-3764423.193550702, 4165768.8341643196],
            [-3763881.4206472784, 4165953.809150676],
            [-3763399.9611789156, 4166207.663450374],
            [-3762592.50525981, 4166504.949697689],
            [-3762003.140177372, 4166829.63793369],
            [-3761503.103666564, 4167173.170923235],
            [-3761465.8725178735, 4167180.3434734256],
            [-3760901.0519258687, 4167289.1552293566],
            [-3760732.8231647243, 4167291.0699220956],
            [-3760507.5516028223, 4167198.8198784865],
            [-3760354.701450484, 4167136.227184423],
            [-3760126.18474328, 4167069.167397568],
            [-3759739.917333799, 4167043.664346971],
            [-3759303.808215536, 4166988.8808760745],
            [-3758878.093636921, 4166973.760031333],
            [-3758383.902898486, 4167019.0105154696],
            [-3757889.7559055914, 4167064.2494309973],
            [-3757414.1638235627, 4167019.8594724936],
            [-3756967.590697313, 4166925.439997585],
            [-3756011.9158071056, 4166498.788314353],
            [-3755465.6381013966, 4166345.873633185],
            [-3755000.4922476485, 4166341.139713155],
            [-3754485.4559607496, 4166307.097961287],
            [-3753752.40772577, 4166245.6867541843],
            [-3752782.727888651, 4166246.590459858],
            [-3752039.219308002, 4166145.5477506393],
            [-3752009.7365730437, 4166158.829159809],
            [-3751360.6495764623, 4166451.229855738],
            [-3750681.9997620145, 4166756.9295488363],
            [-3750379.2019815394, 4167048.5092211845],
            [-3749821.217904444, 4167492.013747701],
            [-3749279.510583831, 4167676.9371949295],
            [-3748787.642241933, 4167891.13529929],
            [-3748032.4570748867, 4168386.4727998027],
            [-3747590.5002813046, 4168629.8793485076],
            [-3747171.6407940607, 4169121.547576477],
            [-3746949.9928819747, 4169561.2421077727],
            [-3746520.7432386293, 4170013.254784589],
            [-3746488.8947522826, 4170012.540636102],
            [-3746223.796873008, 4170006.596255019],
            [-3745451.354475358, 4169955.5184642887],
            [-3744905.1233469285, 4169802.541392286],
            [-3744484.946957375, 4169588.151399084],
            [-3744466.7840382657, 4169578.884117531],
            [-3744215.1414692802, 4169263.6371853277],
            [-3744046.092475595, 4168934.6995935794],
            [-3743947.2978444616, 4168568.63869068],
            [-3743784.344235561, 4168251.4339830545],
            [-3743775.899336443, 4168235.0093322424],
            [-3743426.8360608504, 4168030.23339349],
            [-3743001.2297797385, 4168015.0976993428],
            [-3742378.3590243068, 4168051.862686685],
            [-3741687.1036880524, 4168148.959788127],
            [-3741440.0891391793, 4168171.563400273],
            [-3741014.4386580703, 4168156.3962217737],
            [-3740977.3929602313, 4168168.0480494336],
            [-3740282.1120274644, 4168433.838102062],
            [-3739564.601358534, 4168829.0005316073],
            [-3739545.5476482618, 4168839.494153049],
            [-3739189.8775973446, 4168852.8437484866],
            [-3739169.7690071235, 4168853.5984579544],
            [-3738304.4831456034, 4169250.7390462523],
            [-3737323.1391847646, 4169847.895064875],
            [-3736389.4102917346, 4170305.400056156],
            [-3735418.5094559486, 4170942.1660554055],
            [-3734908.1329205465, 4171245.922310477],
            [-3734125.448206623, 4171492.3628794327],
            [-3733550.4624056895, 4171518.3254145705],
            [-3733066.79712341, 4171603.122273242],
            [-3732572.7702430044, 4171648.350502663],
            [-3731871.138846134, 4171705.7596897124],
            [-3731833.9586873366, 4171716.6847324693],
            [-3731246.7167445086, 4171912.4132151846],
            [-3730696.918410292, 4172226.509832047],
            [-3730473.0085796146, 4172497.2689782535],
            [-3729985.7543613096, 4173049.14878887],
            [-3729874.241260548, 4173586.958416025],
            [-3729694.287689507, 4174185.147546954],
            [-3729212.9284208906, 4174438.8650058084],
            [-3728579.4718803074, 4174731.4630480823],
            [-3727971.945675971, 4174849.988398947],
            [-3727486.0608557747, 4174765.915748931],
            [-3726840.201604794, 4174554.4120488977],
            [-3726520.2259437493, 4174299.5899108774],
            [-3726415.999378821, 4173903.291358045],
            [-3726395.154642899, 4173824.0344726196],
            [-3726340.788547627, 4173456.9876346258],
            [-3726481.3165725893, 4172869.2239548396],
            [-3726571.9779480556, 4172252.2050093804],
            [-3726797.271290497, 4171345.5725498367],
            [-3726809.0599794826, 4170749.3225635495],
            [-3726831.301668457, 4170192.6986990185],
            [-3726895.2253472325, 4169794.588976599],
            [-3726998.567888329, 4169386.114187222],
            [-3727421.8927985183, 4169232.3951747776],
            [-3727795.3530178796, 4169049.4163959557],
            [-3728166.57287182, 4168697.568585929],
            [-3728448.481432466, 4168326.861633152],
            [-3728446.141358566, 4168152.5692539765],
            [-3728444.1913730707, 4168007.0097947055],
            [-3728120.2204159894, 4168217.4961812426],
            [-3727867.639801142, 4168389.5492834174],
            [-3727659.3162234747, 4168531.5006812415],
            [-3727601.0546937734, 4168571.1930250907],
            [-3727547.4250350306, 4168599.625154976],
            [-3727406.461660396, 4168674.3626562497],
            [-3727126.9423086955, 4168822.560888093],
            [-3726968.8675035667, 4168956.958350094],
            [-3726889.0266894544, 4169008.518944499],
            [-3726775.2543252436, 4169377.3795526116],
            [-3724639.0110264136, 4173150.2030202374],
            [-3724069.2967280718, 4174156.3910872075],
            [-3720646.1863417956, 4180056.463924631],
            [-3718955.429898784, 4183085.9314109357],
            [-3718441.4068786954, 4183856.7433894705],
            [-3717599.269545781, 4184501.907557901],
            [-3715794.4515144657, 4185654.4001857643],
            [-3715307.190843974, 4186206.2669002856],
            [-3711336.794563122, 4188902.6558933756],
            [-3710502.8421011204, 4189418.495023008],
            [-3710405.3832270857, 4189528.8654962895],
            [-3708797.7477848055, 4190629.445682517],
            [-3708239.8062156984, 4191072.7349741007],
            [-3707781.555571459, 4191574.58280084],
            [-3707495.9221913465, 4192412.5102365264],
            [-3705173.623130524, 4199295.725594124],
            [-3705363.3780162022, 4200178.449059935],
            [-3705987.6449655914, 4201752.514847027],
            [-3706544.9420403256, 4202750.752135078],
            [-3707189.2904971903, 4203598.977100921],
            [-3707802.3830193602, 4204328.265362332],
            [-3708064.296421826, 4204683.441851795],
            [-3708112.688641912, 4205349.109736086],
            [-3708948.2839994906, 4206444.041384837],
            [-3709102.3191276686, 4206869.994698105],
            [-3709877.6600699355, 4207896.030074332],
            [-3710120.983333284, 4208340.975902215],
            [-3710451.3542093663, 4208635.845500962],
            [-3710786.2169403257, 4209268.790380975],
            [-3711212.6045936653, 4210089.769995473],
            [-3711161.3131751805, 4210696.9466972975],
            [-3711273.6815284486, 4210964.2971614925],
            [-3711430.77346416, 4212364.986993822],
            [-3711476.944246072, 4212861.802777525],
            [-3711591.5586675806, 4213298.230584558],
            [-3711552.1259669987, 4213308.58631083],
            [-3711805.8806874924, 4213793.315996378],
            [-3711783.606255058, 4214350.545446436],
            [-3711631.156698763, 4215535.781490636],
            [-3711594.7689625304, 4216520.9069532445],
            [-3711664.8262609146, 4218071.972359984],
            [-3711759.4069717443, 4219234.893912885],
            [-3711859.9265738954, 4220099.348155167],
            [-3712026.6476679253, 4220734.329137392],
            [-3711810.2415943416, 4222318.405834224],
            [-3711558.079323003, 4223445.241848836],
            [-3711411.5646499195, 4224332.244545492],
            [-3711526.185786735, 4224768.851795643],
            [-3711431.7731848056, 4225854.360589282],
            [-3711396.8211664073, 4226202.971892435],
            [-3711382.719407581, 4226630.970953414],
            [-3711073.9617839293, 4227221.194751765],
            [-3710882.0836827564, 4228417.22370928],
            [-3710764.5689818687, 4229254.291507661],
            [-3710583.1100415434, 4230490.085437409],
            [-3710413.5050385296, 4231128.70094073],
            [-3710192.5997344693, 4232374.910534581],
            [-3709998.461307704, 4233401.938584882],
            [-3710094.4931203434, 4233928.445892535],
            [-3711164.59594411, 4234793.495015563],
            [-3711931.061895618, 4235144.0757791875],
            [-3712670.7716962225, 4235713.9253286375],
            [-3713003.4418145013, 4236178.395927491],
            [-3713537.7960168743, 4236929.514663033],
            [-3713438.077524811, 4236870.784271193],
            [-3713662.853159623, 4237406.04501542],
            [-3713383.113337215, 4237946.379629386],
            [-3712750.669126997, 4238749.061506601],
            [-3712039.3514498095, 4239572.446331855],
            [-3711462.6887485576, 4240105.804670387],
            [-3710877.86572681, 4240768.659295795],
            [-3710222.331009386, 4241322.71478713],
            [-3709569.0565730636, 4242045.982705177],
            [-3709202.2575337114, 4242736.536808085],
            [-3709080.258700476, 4243235.506589789],
            [-3708727.5696696495, 4243497.856589314],
            [-3708408.3782390775, 4244048.571649958],
            [-3707817.6190399295, 4245010.176367635],
            [-3707174.7646545786, 4245773.187799308],
            [-3706600.3521388867, 4246475.794927777],
            [-3706112.9948598184, 4247028.195989504],
            [-3705109.267685387, 4248183.0809240015],
            [-3704621.9109010487, 4248735.488429026],
            [-3704144.9771347577, 4249327.630246053],
            [-3703793.0873912238, 4250396.459141127],
            [-3703656.9737490597, 4251323.798066689],
            [-3703844.5438173655, 4252038.869041112],
            [-3703695.776666667, 4252757.274548025],
            [-3703983.0633493806, 4253531.150657192],
            [-3704157.9826807324, 4254037.291923323],
            [-3704314.2975662155, 4254633.249864615],
            [-3704406.6459674984, 4255628.18757485],
            [-3704490.018016773, 4255946.059395207],
            [-3704862.124844822, 4256400.522824488],
            [-3704995.356471781, 4256747.795395017],
            [-3705035.603460135, 4257544.132115389],
            [-3705171.0841697156, 4258060.703827126],
            [-3705642.929090509, 4258574.008662805],
            [-3705784.335272679, 4258791.750940756],
            [-3706160.945690148, 4259584.891803295],
            [-3706572.50781178, 4260029.108454942],
            [-3707052.534631214, 4260412.898739735],
            [-3707490.866286493, 4260637.740818713],
            [-3707865.2510915627, 4261261.648999598],
            [-3707842.9778135987, 4261819.675151306],
            [-3707897.3446419323, 4262187.720304727],
            [-3707910.0173410657, 4262396.777026518],
            [-3707951.709134061, 4262555.760039318],
            [-3707697.3022638718, 4263514.52534622],
            [-3707494.180871549, 4263865.145817829],
            [-3707897.586992889, 4264439.039308898],
            [-3708099.2861143555, 4264725.994062771],
            [-3708526.6323003084, 4266355.717557875],
            [-3708677.0654588747, 4267250.928064384],
            [-3709139.355499155, 4268531.749035157],
            [-3709403.6152775316, 4269057.287974095],
            [-3709927.6192070693, 4269769.674601387],
            [-3710482.052412499, 4269794.258202785],
            [-3710747.7189196083, 4269682.113639078],
            [-3710978.447466507, 4269919.04908085],
            [-3711090.8564257813, 4270187.010692079],
            [-3711421.3276200867, 4270482.792675422],
            [-3711465.2811416076, 4270811.200873049],
            [-3711127.490654436, 4271452.15542641],
            [-3710575.3173664603, 4271596.925626494],
            [-3709932.42264491, 4272360.378897833],
            [-3710215.2746487437, 4272796.148408835],
            [-3710545.744634995, 4273091.953756922],
            [-3710469.122433134, 4273282.025577945],
            [-3709404.1958970297, 4273561.2162192855],
            [-3708768.622566496, 4273387.890949914],
            [-3708371.956206806, 4273321.904567987],
            [-3708157.0015314473, 4274270.634739964],
            [-3708030.5130787385, 4274431.274686021],
            [-3707536.367652499, 4274475.833460666],
            [-3707096.598264207, 4274888.585823845],
            [-3706943.351169065, 4275268.719823686],
            [-3706839.9570776247, 4275678.282189641],
            [-3706883.911577424, 4276006.738099311],
            [-3706709.804503701, 4276307.349476991],
            [-3706415.126421645, 4276469.599510761],
            [-3706025.2210962744, 4276911.784423057],
            [-3706008.8859954076, 4277171.05183813],
            [-3706044.6692191144, 4277629.141147362],
            [-3705618.980995532, 4277613.240627079],
            [-3705293.0304377708, 4277656.188029352],
            [-3704638.3175565274, 4279017.754562088],
            [-3704566.197929357, 4279546.656998178],
            [-3705121.4795225738, 4280378.619004835],
            [-3705283.752809117, 4280676.096647874],
            [-3704865.6959234267, 4281975.753208964],
            [-3704523.409602007, 4282277.990639808],
            [-3703880.523332094, 4283041.551453072],
            [-3703515.982722321, 4283902.180320072],
            [-3703570.3618415655, 4284270.476754798],
            [-3703269.7650076444, 4284731.825156489],
            [-3702379.81859989, 4285517.658320432],
            [-3701361.1188497175, 4286294.719899556],
            [-3700929.5224718484, 4286577.866588308],
            [-3700610.3434590194, 4287129.096598831],
            [-3700293.413398584, 4287849.783371791],
            [-3699590.247189801, 4288544.174546732],
            [-3698982.3039971264, 4288958.552957523],
            [-3698737.4903290304, 4289150.2335559],
            [-3698542.5425932873, 4289371.36623986],
            [-3698549.3137822733, 4289879.710859131],
            [-3698454.0924660084, 4290159.732192202],
            [-3697611.764475647, 4290805.584907596],
            [-3697319.344892963, 4291137.273719967],
            [-3696837.890202792, 4291390.978275938],
            [-3696605.760575353, 4291791.902450194],
            [-3696612.5245917994, 4292300.287632407],
            [-3696509.146958231, 4292709.994614243],
            [-3696455.622367056, 4293149.155765808],
            [-3696410.275663207, 4293458.640098169],
            [-3696167.712675498, 4293819.803445657],
            [-3695954.185694209, 4294130.846742135],
            [-3695780.087617639, 4294431.560213705],
            [-3695820.3842975623, 4295228.805397505],
            [-3695706.5742610367, 4295598.761943895],
            [-3695200.6227166955, 4296241.545183238],
            [-3695157.538303104, 4296720.541226358],
            [-3695135.290130068, 4297279.109937046],
            [-3694871.8905487545, 4297560.723703723],
            [-3694330.145821849, 4297745.181086868],
            [-3694056.322539697, 4297987.0075017605],
            [-3693697.7029252765, 4298548.681727813],
            [-3693752.0884218058, 4298917.128095032],
            [-3693709.003216941, 4299396.145478683],
            [-3694004.5432997327, 4300041.591289209],
            [-3693940.6134140017, 4300441.056640865],
            [-3693855.8214068497, 4300760.936507602],
            [-3693910.207439492, 4301129.402267811],
            [-3694033.0479886415, 4301437.416092459],
            [-3693998.1314743324, 4301786.763544077],
            [-3693803.1870226637, 4302007.941897108],
            [-3693367.070707594, 4301952.088297556],
            [-3692820.8135384754, 4301797.52090642],
            [-3692353.4264763026, 4301622.295353199],
            [-3691890.572260357, 4301786.075839253],
            [-3691787.1931489944, 4302195.88635131],
            [-3692055.982807891, 4303061.027561941],
            [-3692257.711759695, 4303348.390001321],
            [-3692650.726563483, 4303883.338496329],
            [-3692736.3904994065, 4304371.226320771],
            [-3692921.7876111274, 4304918.063917273],
            [-3692855.598114721, 4305148.053770149],
            [-3692507.4125221497, 4305749.627155126],
            [-3691979.244513109, 4306951.25252339],
            [-3691570.767953367, 4307483.567835991],
            [-3691520.408895007, 4308900.362526265],
            [-3691600.1873079445, 4309687.633415103],
            [-3692095.2279288224, 4310451.2283929465],
            [-3692777.055289459, 4311123.382707831],
            [-3693359.148776829, 4311736.624989218],
            [-3693752.2039481704, 4312271.776108055],
            [-3694043.2481993143, 4312578.41152246],
            [-3694226.409897929, 4312955.849963944],
            [-3694436.3085516314, 4313113.587843245],
            [-3694920.041643676, 4313029.430034926],
            [-3695258.7006052355, 4313195.987277932],
            [-3695271.3981823088, 4313405.380624975],
            [-3695147.1774611063, 4313735.720827587],
            [-3694962.6593415034, 4313996.7602412235],
            [-3695017.068962023, 4314365.416413981],
            [-3695139.9304839796, 4314673.594922138],
            [-3695100.489828647, 4314683.924835795],
            [-3694881.9876254173, 4316102.620872669],
            [-3694954.983215275, 4316381.334394711],
            [-3694909.656933221, 4316691.039682916],
            [-3694598.652627895, 4317112.875145826],
            [-3694187.922450498, 4317475.736700273],
            [-3693955.810789828, 4317876.915136907],
            [-3693981.199056493, 4318295.756072035],
            [-3694051.9362102705, 4318404.886751904],
            [-3694006.601165766, 4318714.610987271],
            [-3693940.421013007, 4318944.698846405],
            [-3693984.406298077, 4319273.58598508],
            [-3693886.9295470784, 4319384.213109715],
            [-3693671.1306247883, 4319525.827095358],
            [-3693444.914297953, 4319627.619325335],
            [-3693447.1777288564, 4319797.237632638],
            [-3693667.521695641, 4319994.846527039],
            [-3693887.855960604, 4320192.460728911],
            [-3693782.233284755, 4320432.876713993],
            [-3693666.1749863, 4320633.4865627065],
            [-3693550.124412297, 4320834.08399682],
            [-3693573.255480747, 4321083.349058171],
            [-3693486.2100855485, 4321233.81182678],
            [-3693490.7572631463, 4321573.052317522],
            [-3693545.174135339, 4321941.790727256],
            [-3693618.17569519, 4322220.559964954],
            [-3693075.069787031, 4323043.672531493],
            [-3692953.784773339, 4323220.471086573],
            [-3692648.0251329, 4323666.1830801815],
            [-3692426.3481694413, 4324107.243631353],
            [-3692634.9302091105, 4324903.789390168],
            [-3692589.6119150645, 4325213.569445386],
            [-3692257.768452364, 4325555.821937853],
            [-3692135.8333357787, 4326055.9033110095],
            [-3692476.7818324543, 4326392.227166478],
            [-3692568.370911221, 4326581.053459034],
            [-3692423.303909815, 4326831.849165384],
            [-3691939.5628026095, 4326915.95510655],
            [-3691592.7356644794, 4326879.080219974],
            [-3690658.832953212, 4327336.426901393],
            [-3690175.095407177, 4327420.530649898],
            [-3689811.965694, 4327643.291981512],
            [-3689924.4112855317, 4327911.7792544095],
            [-3690472.993526602, 4328236.326481132],
            [-3690685.1910854904, 4328563.827124923],
            [-3690440.382906438, 4328755.611703456],
            [-3690043.6895475895, 4328689.234523238],
            [-3689601.668349676, 4328932.655631968],
            [-3689022.746500662, 4329297.055933946],
            [-3688559.868789709, 4329460.814037718],
            [-3688018.111090296, 4329645.224883288],
            [-3686857.0522833113, 4329395.910967355],
            [-3686202.857894448, 4329311.838480267],
            [-3685725.00330209, 4329096.456552897],
            [-3685459.3445849316, 4329208.585087395],
            [-3685482.4755849186, 4329457.886007425],
            [-3685458.018192403, 4329847.352367087],
            [-3685373.251033709, 4330167.481728995],
            [-3684333.741468079, 4330865.272543214],
            [-3684222.241467064, 4331405.226790834],
            [-3684037.73563692, 4331666.344520295],
            [-3683622.469820544, 4331689.944925414],
            [-3683476.4639353477, 4331132.288281893],
            [-3683102.9137552823, 4331315.213847512],
            [-3682800.09189327, 4331607.3161404],
            [-3682407.9523071866, 4331880.242618874],
            [-3681994.9534821925, 4332073.495969201],
            [-3681689.8555480437, 4332195.937165362],
            [-3681378.8810228137, 4332617.860890903],
            [-3680899.7104570875, 4333041.260767811],
            [-3680465.866928428, 4333154.845816898],
            [-3680095.9230757207, 4332868.631846954],
            [-3679865.154947082, 4332631.1084082825],
            [-3678521.8970474373, 4332812.534354738],
            [-3677209.9433118966, 4333113.45640839],
            [-3676665.9348659446, 4333128.201854568],
            [-3676161.3740660213, 4333132.609065662],
            [-3675740.2311792723, 4333455.678042508],
            [-3675250.639431932, 4333839.228024834],
            [-3674914.2653636076, 4333842.1717065405],
            [-3674428.2805785136, 4333756.593697051],
            [-3674044.3137658206, 4333899.67732404],
            [-3673786.818209218, 4333881.971222469],
            [-3673408.7339652902, 4333725.58791021],
            [-3673072.362923806, 4333728.53301878],
            [-3672709.252652559, 4333951.273072997],
            [-3672485.3146112957, 4334222.707276782],
            [-3672400.5460542617, 4334542.82742758],
            [-3672255.482025302, 4334793.604368078],
            [-3671908.6843377207, 4334756.71558913],
            [-3671782.214085607, 4334917.504738915],
            [-3671768.1692788093, 4335346.806581007],
            [-3671575.5148964617, 4335737.740173425],
            [-3670312.111459185, 4336706.931501984],
            [-3669649.8009789716, 4336752.631428836],
            [-3668802.991923515, 4337059.437642191],
            [-3668195.09603006, 4337473.956207169],
            [-3667871.4282252192, 4337686.372334018],
            [-3667375.0266090664, 4337560.940400915],
            [-3667098.9529801505, 4337633.2115301965],
            [-3666837.8522529947, 4338084.628546621],
            [-3666750.813728498, 4338235.110591569],
            [-3666528.931670877, 4338203.318036631],
            [-3666225.4139067903, 4338159.828673425],
            [-3665915.78602309, 4337942.941782592],
            [-3665731.2892642887, 4338204.056824577],
            [-3665525.9356972827, 4338385.498417131],
            [-3665094.387777152, 4338668.7255456345],
            [-3664660.5562171503, 4338782.291991722],
            [-3664284.756125455, 4338795.543761627],
            [-3664089.8302342733, 4339016.816843231],
            [-3663897.178216242, 4339407.754983496],
            [-3663691.8283459563, 4339589.207821133],
            [-3663266.1619793354, 4339572.936860622],
            [-3663019.1016384056, 4339595.04788136],
            [-3662656.0036191433, 4339817.793364996],
            [-3662280.1925055003, 4339831.033725193],
            [-3661657.3359285328, 4339866.392425569],
            [-3660826.8670772025, 4339913.525174325],
            [-3660490.5086841583, 4339916.450331413],
            [-3660262.0345519893, 4339848.574409873],
            [-3659927.9463925813, 4340021.14914172],
            [-3659450.144026293, 4339805.725519658],
            [-3659080.2374094543, 4339519.503723733],
            [-3659003.632781905, 4339709.795344504],
            [-3658908.4367447337, 4339990.0860797595],
            [-3658763.388324143, 4340240.867889385],
            [-3658424.7611062163, 4340074.134968921],
            [-3658285.5885773306, 4340025.445234579],
            [-3658109.2584959012, 4340156.722110091],
            [-3657862.2029117034, 4340178.832159379],
            [-3657623.302752821, 4340071.116969037],
            [-3657405.2580017233, 4340043.07389366],
            [-3656757.941768094, 4340467.88571634],
            [-3656463.2928635073, 4340630.132774832],
            [-3656336.8154887124, 4340790.9193001855],
            [-3656160.4888536264, 4340922.205717876],
            [-3656254.3270045267, 4341280.698067271],
            [-3656080.258671429, 4341581.638367532],
            [-3655862.211448614, 4341553.580241278],
            [-3655610.617878341, 4341236.3795328],
            [-3655382.158490723, 4341168.499701423],
            [-3655208.0898192385, 4341469.436004298],
            [-3654992.314300701, 4341611.037314213],
            [-3654637.3782476657, 4341703.9433265785],
            [-3654305.565282208, 4342046.171503246],
            [-3654079.3641286697, 4342147.9409267865],
            [-3654002.749604051, 4342338.238797557],
            [-3653797.4034535536, 4342519.682968034],
            [-3653650.085074298, 4342600.804794391],
            [-3653423.884199306, 4342702.573999193],
            [-3653023.615845404, 4343105.285335649],
            [-3652859.9850169453, 4343446.059944954],
            [-3652772.944924209, 4343596.529056323],
            [-3652457.4461313677, 4343679.109108195],
            [-3652139.6792850094, 4343592.034104658],
            [-3651923.905148502, 4343733.635712212],
            [-3651739.4120601304, 4343994.747825219],
            [-3651615.217763401, 4344325.204087871],
            [-3651341.4242592254, 4344567.118630754],
            [-3651125.653231009, 4344708.731762279],
            [-3650820.5815588315, 4344831.143919355],
            [-3650694.105976905, 4344991.937127089],
            [-3650278.884469809, 4345015.489500552],
            [-3649992.397100458, 4345047.910637659],
            [-3649726.7620397652, 4345159.999961253],
            [-3649550.4247324863, 4345291.279906305],
            [-3649345.0804808517, 4345472.726539931],
            [-3649287.06101068, 4345573.039000962],
            [-3649139.743947844, 4345654.160290926],
            [-3648952.98080869, 4345745.605887484],
            [-3648697.772294336, 4345897.529374658],
            [-3648495.8628987186, 4346010.48110253],
            [-3648139.119026281, 4345933.810378091],
            [-3647876.081031787, 4346215.204726242],
            [-3647602.644045207, 4346456.825052275],
            [-3647335.0807787343, 4346399.319223139],
            [-3646978.3278454407, 4346322.650080062],
            [-3646742.004579064, 4346384.502536052],
            [-3646542.8054569196, 4346266.587163645],
            [-3646435.0587651907, 4346337.305790231],
            [-3645993.651945857, 4346580.366732179],
            [-3645578.957621893, 4346603.877492315],
            [-3645292.8396803075, 4346636.254833981],
            [-3645137.5515198433, 4346846.937202522],
            [-3645094.547144552, 4347325.8094260525],
            [-3644951.941917499, 4347745.739953773],
            [-3644717.889909897, 4347977.053061195],
            [-3644593.8419725285, 4348307.103957764],
            [-3644457.1215557917, 4348427.904706009],
            [-3644044.687533406, 4348620.875793149],
            [-3643806.1077347295, 4348513.268100035],
            [-3643559.3708166596, 4348535.323110512],
            [-3643275.5105924727, 4348737.152268106],
            [-3643031.0443787, 4348928.671615357],
            [-3642527.162158596, 4348933.00619445],
            [-3642296.728655216, 4348695.730156963],
            [-3641929.5683097695, 4348579.268518307],
            [-3641601.799779082, 4348452.488185755],
            [-3641323.829711876, 4348355.1953710755],
            [-3641095.6653857273, 4348287.376076709],
            [-3640811.8060339894, 4348489.199147103],
            [-3640341.432058225, 4348782.343109283],
            [-3640057.573054709, 4348984.166414795],
            [-3639674.12192133, 4349127.027304896],
            [-3639243.134651421, 4349409.87441057],
            [-3639108.6810541777, 4349700.1220544735],
            [-3638656.8682015096, 4349903.392410412],
            [-3638192.3754891744, 4349897.416799461],
            [-3637864.6134371804, 4349770.6429417515],
            [-3637628.2947544213, 4349832.488761483],
            [-3637454.4474572367, 4350133.0440640105],
            [-3637429.9998832946, 4350522.05127627],
            [-3637463.5062771565, 4350810.878706969],
            [-3637428.6457278384, 4351160.099611814],
            [-3637066.0220017917, 4351382.538659292],
            [-3636856.415610343, 4351224.821781783],
            [-3636593.384240795, 4351506.227320717],
            [-3636429.952885461, 4351846.589320448],
            [-3636305.9153040135, 4352176.645038074],
            [-3636281.470759454, 4352565.674399373],
            [-3636105.361335567, 4352696.795028297],
            [-3635796.1539889285, 4352480.112405923],
            [-3635665.323719454, 4352301.774052601],
            [-3635356.118143464, 4352085.097183847],
            [-3635159.1828479283, 4352136.634057515],
            [-3635032.878404788, 4352297.228593835],
            [-3635016.577572136, 4352556.579020163],
            [-3634929.6562513676, 4352706.86885605],
            [-3634782.525898456, 4352787.882464811],
            [-3634506.824816806, 4352860.031064282],
            [-3634226.591366132, 4352593.259468856],
            [-3634174.528302347, 4352394.31142761],
            [-3634108.432477765, 4352624.180636514],
            [-3633774.7790078633, 4352796.515141274],
            [-3633528.04994575, 4352818.571469872],
            [-3633432.9829552653, 4353098.534074253],
            [-3633080.7728166967, 4353360.75720946],
            [-3632894.2497133515, 4353452.078751162],
            [-3632495.869669257, 4353216.223067083],
            [-3632257.28718551, 4353108.605516953],
            [-3631983.85309745, 4353350.210993665],
            [-3631768.3590237857, 4353491.623179798],
            [-3631372.236113891, 4353425.2310342165],
            [-3631220.57655024, 4353167.327737551],
            [-3630950.7700998117, 4352940.345332885],
            [-3630585.882476558, 4352993.311073578],
            [-3630210.5869833385, 4353006.502730064],
            [-3629856.113711097, 4353099.262812707],
            [-3629420.609463122, 4353043.170922988],
            [-3629276.623651037, 4352939.27121037],
            [-3629161.2095622947, 4352855.991886917],
            [-3628794.0713639315, 4352739.505133031],
            [-3628348.1487681028, 4352643.636761916],
            [-3628001.83593749, 4352606.728774035],
            [-3627723.87767032, 4352509.427614691],
            [-3627406.5377659136, 4352422.433109247],
            [-3627286.1194626354, 4352283.908871018],
            [-3627060.2161566564, 4352385.52972075],
            [-3626693.082487903, 4352269.05050033],
            [-3626334.0914598247, 4352022.926914062],
            [-3626051.6238753027, 4351586.743532933],
            [-3625586.2810927774, 4350773.362278349],
            [-3625144.0247532986, 4350209.004482708],
            [-3624803.614158616, 4349873.039621115],
            [-3624755.6169480323, 4349680.264056385],
            [-3624451.471215343, 4349607.893428207],
            [-3623120.802523698, 4347743.210076514],
            [-3622561.993832624, 4345707.313050514],
            [-3622011.2101845187, 4343602.653511449],
            [-3621339.4883828843, 4341116.19938498],
            [-3620828.307508835, 4339203.0958209],
            [-3620384.3288523844, 4337707.348201447],
            [-3619983.770064911, 4336136.712811776],
            [-3619588.9836489693, 4334628.293087071],
            [-3619370.4544950565, 4333953.87284766],
            [-3619259.3351154905, 4333569.443252222],
            [-3618938.411993487, 4332423.5414232705],
            [-3618420.231355775, 4330426.338935771],
            [-3615066.2640934587, 4331134.078824491],
            [-3614209.195090481, 4329147.263530551],
            [-3611402.866040193, 4329371.521026203],
            [-3610355.3869096166, 4327944.973777065],
            [-3608736.485366584, 4328198.613575417],
            [-3607308.273895388, 4327257.34421706],
            [-3606501.6830930314, 4326742.842704676],
            [-3605365.7859338582, 4326008.520738919],
            [-3605362.7202360365, 4326006.539016912],
            [-3604924.176109195, 4325730.5275297165],
            [-3604067.5717319045, 4325169.366160058],
            [-3603559.260549765, 4324611.385633797],
            [-3603215.481235155, 4324250.983009795],
            [-3603115.385211407, 4324139.419496211],
            [-3602623.7167733638, 4323595.202202457],
            [-3602341.1877460806, 4323298.265285128],
            [-3601784.901726576, 4322667.674464415],
            [-3601089.3082284587, 4321896.08700838],
            [-3600535.741842338, 4321333.230530575],
            [-3596818.2606759886, 4319422.188833656],
            [-3594896.699001657, 4318420.753743396],
            [-3593074.5688904542, 4317478.127332791],
            [-3591124.141175084, 4316526.785468044],
            [-3588726.971893403, 4313118.707425658],
            [-3588726.443808331, 4313118.002690078],
            [-3588054.7692661374, 4312182.70427806],
            [-3586317.7374301134, 4309799.280174],
            [-3583381.6751165497, 4304626.840412069],
            [-3582408.865221733, 4303481.9067362035],
            [-3580054.375437723, 4300112.006496294],
            [-3578611.7658998948, 4298011.594280617],
            [-3577463.4294632142, 4296513.017600066],
            [-3577163.1745965597, 4296168.296507809],
            [-3576872.210174414, 4295778.821435397],
            [-3575487.922075995, 4294023.830453394],
            [-3573330.198190918, 4293319.720886112],
            [-3571760.323348898, 4292778.319886837],
            [-3570567.161947866, 4292392.282942564],
            [-3568697.837607809, 4291679.091814751],
            [-3566820.31887571, 4291637.763192133],
            [-3565359.3462172, 4291512.287408949],
            [-3564175.7080624676, 4291483.503002439],
            [-3562760.3169920854, 4291451.890820735],
            [-3561304.5521033085, 4291346.214226029],
            [-3559796.080477504, 4291360.114321309],
            [-3558534.9142329656, 4291436.23879508],
            [-3556173.9523295695, 4291482.785667449],
            [-3554019.9233855456, 4291517.49118057],
            [-3552620.1248638723, 4291545.250487463],
            [-3550959.6328683463, 4291620.056170964],
            [-3549633.2887379476, 4291607.435637776],
            [-3548389.688183679, 4291509.705036564],
            [-3546792.300484635, 4291504.528953314],
            [-3544924.4716340117, 4291451.578218605],
            [-3544348.688357257, 4291636.107811595],
            [-3543494.2195418337, 4291901.93553095],
            [-3541501.1051583732, 4292482.275159601],
            [-3539337.683822181, 4293031.498790361],
            [-3538050.799963962, 4293410.404171887],
            [-3536776.9326430038, 4293741.673535382],
            [-3534492.5840343684, 4295864.056093565],
            [-3532600.036955949, 4297691.610989669],
            [-3530082.6125852074, 4299324.545421187],
            [-3528891.3146096473, 4300398.8249789495],
            [-3528315.3522972967, 4300930.820452059],
            [-3525499.8086415124, 4302912.125288592],
            [-3522713.0787682924, 4304783.237421347],
            [-3520857.350811697, 4306199.358971695],
            [-3519458.785301272, 4307115.113623555],
            [-3518860.8502859226, 4307398.383895213],
            [-3518089.1693871445, 4307980.979774995],
            [-3517238.8602201235, 4308584.13145762],
            [-3515549.749592458, 4309862.552633826],
            [-3513180.5593761015, 4311287.382080731],
            [-3508940.083450605, 4312827.039305736],
            [-3507959.3097249796, 4313330.0487136645],
            [-3504751.40724685, 4314253.216582854],
            [-3500362.2596794404, 4315484.996897832],
            [-3492405.855129449, 4317094.526311343],
            [-3487552.950040454, 4318619.754011641],
            [-3485120.834772979, 4319659.841792789],
            [-3481511.055732269, 4320205.488565711],
            [-3480538.5166674275, 4320501.8376799775],
            [-3476847.150333129, 4320950.109096987],
            [-3474532.273375686, 4321427.533628659],
            [-3471412.7049149224, 4322022.224940196],
            [-3471393.4758611345, 4322025.8904260015],
            [-3470325.264585285, 4322229.513092382],
            [-3464650.920128134, 4323372.137477336],
            [-3460010.681856096, 4324286.958402798],
            [-3456640.848142596, 4324912.400568911],
            [-3455522.764986278, 4325230.024117508],
            [-3455489.2746253028, 4325239.53756623],
            [-3454801.2839277457, 4325434.977109562],
            [-3454724.0570599837, 4325452.1388116265],
            [-3454695.0278329942, 4325458.589782663],
            [-3454624.445874704, 4325474.227216434],
            [-3454294.807895108, 4325550.849233886],
            [-3453876.6460561524, 4325648.047154537],
            [-3453405.279941478, 4325823.361426603],
            [-3452960.9911019495, 4325986.043400564],
            [-3452608.1467646467, 4326060.284634785],
            [-3452320.3292316226, 4326164.262132392],
            [-3452032.5114303976, 4326268.239191953],
            [-3451415.968001795, 4326429.168023636],
            [-3450726.0545209697, 4326638.09546851],
            [-3450116.5584783517, 4326826.030225959],
            [-3449814.638261878, 4326875.98271423],
            [-3449439.3483742545, 4326973.934925553],
            [-3449033.8862562943, 4327122.770389916],
            [-3447368.253175286, 4327693.314688152],
            [-3446076.108853887, 4328135.911758185],
            [-3445766.5647050706, 4328284.243856673],
            [-3445294.6722365026, 4328510.371393737],
            [-3445263.077552929, 4328525.511363475],
            [-3445216.969758568, 4328562.81224691],
            [-3445188.670610071, 4328533.995756517],
            [-3445116.1367911855, 4328505.981915017],
            [-3445009.4144019512, 4328464.763819187],
            [-3445020.403956553, 4328506.873628297],
            [-3444622.4524872084, 4328202.313164501],
            [-3443205.575010169, 4327117.968751423],
            [-3442612.749151167, 4326441.2170683555],
            [-3435490.8600202207, 4318311.857764805],
            [-3428733.7869982566, 4310490.287721656],
            [-3427756.054322438, 4309265.199391653],
            [-3427664.8407723927, 4309303.248553809],
            [-3427496.2334102923, 4309373.581935258],
            [-3408759.614260284, 4314469.699614209],
            [-3401170.5442045303, 4316532.794635522],
            [-3401086.6917143217, 4316573.682052234],
            [-3400983.7440865766, 4316623.880343867],
            [-3386354.871677092, 4320436.008832603],
            [-3384841.3948344532, 4320837.391045361],
            [-3384561.452620468, 4320911.636216388],
            [-3368235.82162637, 4325240.062340322],
            [-3368146.609257011, 4325220.891916704],
            [-3367407.6598183094, 4325455.699823607],
            [-3369424.9516345705, 4329806.73546782],
            [-3369338.976385614, 4329915.435782346],
            [-3369298.2240012097, 4329966.956426017],
            [-3368911.5647510793, 4330746.1653780155],
            [-3368341.9197605276, 4331954.740290358],
            [-3367683.055438138, 4333144.171582125],
            [-3367622.2468525204, 4333881.019371559],
            [-3367705.3008721, 4334033.74807254],
            [-3367783.8744899803, 4334178.245720502],
            [-3367698.520790556, 4334497.371343048],
            [-3367569.954820673, 4334872.749341684],
            [-3367411.431973539, 4335335.601838514],
            [-3367328.0155311557, 4335823.900537082],
            [-3367532.957718382, 4336449.213294652],
            [-3367310.5381096485, 4336888.89510906],
            [-3367415.9203175157, 4337455.3213268425],
            [-3367384.0283876583, 4337712.708455168],
            [-3367361.6072570966, 4337893.664458663],
            [-3366910.954127808, 4338265.537404318],
            [-3366727.9758602586, 4338694.975162045],
            [-3366652.9745104667, 4339053.8784867115],
            [-3366531.3824909003, 4339133.31347268],
            [-3366329.044449658, 4339265.496606307],
            [-3366007.053275555, 4339646.2995278975],
            [-3365833.9622658654, 4339857.258884622],
            [-3365431.6044754507, 4340347.645849126],
            [-3365362.872356411, 4340447.687956208],
            [-3365249.3343456388, 4340612.953855116],
            [-3364743.8949047658, 4341523.796700709],
            [-3363873.41403312, 4343092.5279385075],
            [-3363339.253159256, 4343937.001388029],
            [-3363038.034806523, 4344413.209105437],
            [-3361834.73917926, 4346423.790153309],
            [-3360444.561154057, 4348525.584143625],
            [-3359228.9491583034, 4350327.413895374],
            [-3357770.197126068, 4352489.734240937],
            [-3357476.8299701544, 4352927.780733187],
            [-3356496.36544684, 4354391.809654224],
            [-3355885.31742926, 4355442.269811692],
            [-3355296.8995138886, 4357042.3154158],
            [-3355224.1861054194, 4357240.047497011],
            [-3355257.628961379, 4357368.652100611],
            [-3354709.7024231576, 4358314.486984593],
            [-3353976.119310729, 4359580.843895521],
            [-3353816.0280067064, 4359857.209713425],
            [-3352956.221309442, 4361341.532061355],
            [-3352698.263833826, 4362130.473712547],
            [-3352515.2830913, 4362560.234804621],
            [-3352392.4546634187, 4363059.258841449],
            [-3352267.668220815, 4363388.966204393],
            [-3351746.426407064, 4363652.051312122],
            [-3351372.632927137, 4363834.279814676],
            [-3350874.0490785753, 4364346.223776153],
            [-3350626.4345231224, 4365175.011975223],
            [-3350464.15806189, 4365684.349185189],
            [-3350140.1625550324, 4365896.092486827],
            [-3349832.945076937, 4365848.6700055525],
            [-3349548.3973549176, 4366050.142924092],
            [-3349184.946382356, 4366272.145034648],
            [-3348890.0416127727, 4366433.840194457],
            [-3348514.266484886, 4366446.734091034],
            [-3348057.6403636592, 4366310.811035768],
            [-3347721.3253488312, 4366313.431464106],
            [-3347237.5505061904, 4366396.897995155],
            [-3337937.0108377365, 4368859.995006948],
            [-3337907.9076330797, 4368910.032535388],
            [-3312349.478137822, 4375601.106132877],
            [-3317856.4443763276, 4396773.451514876],
            [-3318063.62517659, 4397569.767017326],
            [-3318075.9582281555, 4397779.1233344525],
            [-3319431.2179071666, 4403143.260408267],
            [-3319487.1052242513, 4403364.457543025],
            [-3319372.6586371693, 4403466.180410091],
            [-3316964.3606443065, 4405606.756590054],
            [-3310827.8460745444, 4411061.34004012],
            [-3301943.2259879955, 4419030.840532811],
            [-3296927.9350268063, 4423569.450777303],
            [-3296924.3079436035, 4423586.747422283],
            [-3290769.7803520667, 4429145.298436639],
            [-3290524.659357856, 4429305.59803378],
            [-3290479.8788701966, 4429317.245827819],
            [-3288849.082622567, 4429776.769586662],
            [-3287251.172910101, 4430227.008902256],
            [-3286025.9074360933, 4430572.2371162465],
            [-3279984.9715567203, 4428783.431862344],
            [-3279809.821817032, 4428731.566953669],
            [-3279603.607987954, 4428670.503376346],
            [-3275473.03805605, 4427315.016892675],
            [-3270823.359385105, 4425789.16413098],
            [-3266259.6677816394, 4424371.200945456],
            [-3265423.387633443, 4424111.361031134],
            [-3261774.673253317, 4422977.658906479],
            [-3259374.175192302, 4422202.162132722],
            [-3259317.6458463836, 4422168.606682106],
            [-3240839.3906939803, 4416547.947436788],
            [-3239800.7735578986, 4416045.8988420665],
            [-3236432.195389189, 4415039.399383083],
            [-3234686.590121859, 4414576.163407157],
            [-3234222.758296956, 4414262.522724467],
            [-3228309.1773422207, 4411553.672158657],
            [-3222452.3875498055, 4408878.482879628],
            [-3218740.95591602, 4407286.056452885],
            [-3215524.390412713, 4405758.188629972],
            [-3215467.893697043, 4405724.64104588],
            [-3209249.091046208, 4402951.509360694],
            [-3208216.029550859, 4402490.83617702],
            [-3207411.506392072, 4402132.06193381],
            [-3204874.055296282, 4401000.517924251],
            [-3204714.2700879006, 4400752.812996964],
            [-3204114.517605492, 4401390.044133689],
            [-3203164.065761429, 4401780.836086059],
            [-3202137.710192002, 4402432.221198156],
            [-3201014.0241124677, 4403446.13615726],
            [-3200381.1250013476, 4404140.177728233],
            [-3199937.124207232, 4404640.7251998065],
            [-3180772.258582129, 4409651.903233781],
            [-3180649.5212062574, 4409731.870493963],
            [-3176033.9213742185, 4410926.605174486],
            [-3174366.086525796, 4411502.870041467],
            [-3172877.467207415, 4412032.732378409],
            [-3171254.372764961, 4412597.388319081],
            [-3169676.0615482153, 4413150.423571829],
            [-3168423.121736412, 4413667.4483924825],
            [-3167328.00383146, 4414240.042069653],
            [-3166135.418838259, 4415175.307956612],
            [-3165410.4994616867, 4415700.335630666],
            [-3164744.0230801413, 4416451.287638426],
            [-3163736.5072585875, 4417917.264268083],
            [-3162984.270192906, 4419076.197585102],
            [-3161994.2698588343, 4421164.645676281],
            [-3160930.2390522123, 4423706.457254902],
            [-3160020.1755309, 4425919.315587031],
            [-3159022.455604391, 4428348.0163863385],
            [-3157354.5538952993, 4428914.165594594],
            [-3157343.4834250556, 4428919.189775986],
            [-3157245.3208577367, 4429151.195584743],
            [-3156672.1494437903, 4430505.9329099925],
            [-3155366.5411918163, 4433109.175315307],
            [-3153859.1022794247, 4436788.22632913],
            [-3153835.820036984, 4436844.088713192],
            [-3153789.7884220374, 4436955.78480936],
            [-3153782.3274452155, 4436971.97777388],
            [-3153760.7949113073, 4437017.580395367],
            [-3153691.1668622144, 4437165.618135887],
            [-3153094.9689137507, 4438435.123612707],
            [-3152280.1314219087, 4439580.664745288],
            [-3151823.353265408, 4439898.294557956],
            [-3150645.2417619787, 4442391.515867283],
            [-3146737.3740832508, 4451513.129250565],
            [-3144789.2075895513, 4455903.690994234],
            [-3142279.2809732226, 4461207.132042552],
            [-3141276.8652828475, 4462754.15984718],
            [-3140699.578555278, 4463743.950620221],
            [-3140368.762297021, 4465259.372984426],
            [-3139672.6597278165, 4466717.413568303],
            [-3138411.7314382684, 4468686.922693809],
            [-3137516.3107659374, 4469821.172216909],
            [-3136637.4600064103, 4471226.844016433],
            [-3136423.225470061, 4472673.507205239],
            [-3135860.0820297995, 4475099.467295989],
            [-3135793.8257954046, 4475213.31178757],
            [-3134098.224807234, 4480680.723232835],
            [-3132875.4894070164, 4483515.268701824],
            [-3129578.911987977, 4489236.9479533285],
            [-3127963.0765192513, 4491148.593642293],
            [-3122819.3043603986, 4492480.806113625],
            [-3118688.591478842, 4491203.939078471],
            [-3110661.3503128355, 4492002.07712533],
            [-3107909.224277788, 4494421.01081695],
            [-3105458.370923789, 4497188.887726195],
            [-3106502.9510948565, 4502039.957578838],
            [-3107429.99518531, 4503965.427793722],
            [-3107705.8122714465, 4504538.436702734],
            [-3107716.09592479, 4504559.673132255],
            [-3107716.652042484, 4504560.788494674],
            [-3107716.847487875, 4504561.278356393],
            [-3107717.4549269215, 4504562.48601215],
            [-3107718.836842504, 4504565.4401644515],
            [-3107834.665239209, 4504807.937237693],
            [-3107903.831028696, 4504949.670212879],
            [-3107998.9688479295, 4505147.649871889],
            [-3108071.325981471, 4505298.314916412],
            [-3108153.137772368, 4505465.158444806],
            [-3108215.220101601, 4505599.86092699],
            [-3108273.42862264, 4505719.602418434],
            [-3108328.7014620597, 4505834.783216861],
            [-3108385.0510153985, 4505954.120523008],
            [-3108414.3130100723, 4506009.516642853],
            [-3108441.3859105255, 4506066.20045734],
            [-3108454.6869975217, 4506093.633233688],
            [-3108459.5017432477, 4506103.702073348],
            [-3108460.7157447855, 4506106.206251136],
            [-3108461.021006618, 4506106.832243182],
            [-3108461.1067514997, 4506107.011530699],
            [-3108461.1161789065, 4506107.030799565],
            [-3108461.117928965, 4506107.034473097],
            [-3108513.000308383, 4506211.022296666],
            [-3109015.84557583, 4507259.130891989],
            [-3112882.004078653, 4513623.827132947],
            [-3110875.41363101, 4517362.7808429655],
            [-3105638.3682181924, 4525764.367062516],
            [-3102842.0434265113, 4530580.797386588],
            [-3100937.730935847, 4533490.528011906],
            [-3099524.4919151957, 4535988.225565551],
            [-3098994.5809297464, 4536722.973979131],
            [-3098381.819264458, 4537648.930892896],
            [-3096385.4320007865, 4541450.684123929],
            [-3098080.718153382, 4545063.290921518],
            [-3098812.259425722, 4546665.306994265],
            [-3100037.218028633, 4548366.587023513],
            [-3101568.1081675636, 4549897.048083937],
            [-3102061.3275509193, 4550579.822340742],
            [-3102632.534386524, 4551157.040289859],
            [-3103083.99529331, 4551520.238921884],
            [-3103798.750811573, 4552646.74232958],
            [-3105159.6961886175, 4553983.894575039],
            [-3105766.252292763, 4555764.393742268],
            [-3105916.8074079948, 4556222.998601025],
            [-3106706.008975864, 4556996.96870074],
            [-3107027.377950119, 4558509.84952851],
            [-3107306.551334689, 4559634.672198755],
            [-3107490.3106585895, 4560441.679760532],
            [-3107853.5026846556, 4562036.555771465],
            [-3108661.3317247373, 4562964.62967272],
            [-3109235.616949491, 4565066.6675756825],
            [-3109531.7293792516, 4566206.835113233],
            [-3110243.5650401423, 4568541.722722555],
            [-3110752.880706218, 4570502.347987655],
            [-3111708.376671181, 4574098.811162394],
            [-3112596.031889281, 4577097.644540831],
            [-3113483.940870171, 4580281.862955523],
            [-3113974.087417165, 4582070.260105296],
            [-3114135.1597266933, 4582653.552380227],
            [-3113551.474154978, 4583686.313144442],
            [-3115129.016784251, 4590385.803255276],
            [-3115134.3794922307, 4590134.8008599505],
            [-3115244.671215765, 4590010.032516713],
            [-3115925.4293647734, 4593779.142820167],
            [-3116911.0077758837, 4596830.122079735],
            [-3116943.5088737635, 4596950.760652077],
            [-3116997.426660869, 4597150.892414076],
            [-3117046.4173335694, 4597296.335620021],
            [-3117202.5969594335, 4597749.64479823],
            [-3117877.0070949974, 4599707.014067284],
            [-3118434.318877634, 4600548.68724087],
            [-3119492.2478325204, 4601689.137266016],
            [-3120080.247456639, 4601836.414928959],
            [-3121010.450112368, 4602323.661215228],
            [-3141615.4349340033, 4612765.405275785],
            [-3147021.840390275, 4615505.23879404],
            [-3145247.391435561, 4615975.809986306],
            [-3137365.8375960863, 4618065.763911525],
            [-3136162.058830552, 4618385.863470658],
            [-3135326.727278586, 4618607.984331192],
            [-3135082.5861889166, 4618672.902680129],
            [-3134870.688534013, 4618729.247046135],
            [-3134784.4003043748, 4618752.191384972],
            [-3134741.7767027654, 4618763.525063922],
            [-3134698.8517881585, 4618774.938900585],
            [-3134640.5610602726, 4618790.438556547],
            [-3134594.296073099, 4618802.74051951],
            [-3134539.5598064195, 4618817.295034713],
            [-3134478.097071955, 4618833.637990497],
            [-3134414.506957041, 4618850.546740453],
            [-3134349.405459305, 4618867.857285227],
            [-3134280.2642138163, 4618886.241941286],
            [-3134203.463175364, 4618906.663357883],
            [-3134123.0049410076, 4618928.057262893],
            [-3128733.7780109276, 4620353.689088612],
            [-3116416.6419081637, 4623654.303751338],
            [-3094233.1536034686, 4629433.539365805],
            [-3093968.587257509, 4629717.2851933725],
            [-3093773.817866597, 4630756.332827727],
            [-3093833.1585205127, 4631471.4134116825],
            [-3094039.2839489547, 4632749.929786153],
            [-3094252.414728368, 4634542.468334466],
            [-3094192.951940612, 4635288.636825885],
            [-3094479.6148523893, 4635901.677752161],
            [-3094826.8944732053, 4636584.8980201725],
            [-3095142.711594226, 4637147.385913338],
            [-3095587.9002802107, 4637719.161460535],
            [-3095867.6977911643, 4639279.836839786],
            [-3095610.2220687186, 4640077.816516873],
            [-3095641.6993637253, 4640198.587303741],
            [-3096294.4837191226, 4641404.2767728],
            [-3097044.1233396274, 4643143.773963573],
            [-3098211.087054454, 4644860.622071604],
            [-3098921.3109373054, 4646610.701862073],
            [-3099270.2516339594, 4648111.078395727],
            [-3099168.134741953, 4649342.064131823],
            [-3099408.845621084, 4650913.906727953],
            [-3100199.4943069094, 4651998.244972388],
            [-3100818.779304748, 4652912.226935819],
            [-3101040.32041582, 4653112.569977622],
            [-3101134.901039897, 4653475.103932018],
            [-3101179.2835309897, 4653567.116702007],
            [-3101104.223381686, 4653679.6074046055],
            [-3101062.9857806694, 4653743.306204796],
            [-3101020.5773518807, 4653808.81372221],
            [-3100989.2142898045, 4653868.614406931],
            [-3100920.610351687, 4653789.158547829],
            [-3099964.219471465, 4654004.965969165],
            [-3087490.7289934736, 4656819.161215733],
            [-3077909.179143332, 4659024.447996261],
            [-3077136.8041386288, 4659202.497021888],
            [-3076957.542371253, 4659241.927227419],
            [-3057346.829573032, 4663219.130170936],
            [-3057311.7773085046, 4663226.237092009],
            [-3057283.3379823733, 4663232.003167692],
            [-3057066.433073487, 4663374.637906382],
            [-3053983.9271321227, 4664221.126657595],
            [-3053741.2434761706, 4663939.957164256],
            [-3053964.956547106, 4662848.428974834],
            [-3054275.08764652, 4662251.012605998],
            [-3054577.095410388, 4661784.880647021],
            [-3055075.001472072, 4661095.521790203],
            [-3055474.9610788454, 4660517.808152896],
            [-3055716.3014128543, 4659981.434560627],
            [-3055957.648062811, 4659445.086506833],
            [-3056132.55269459, 4659141.261943932],
            [-3055951.669252855, 4658284.557194492],
            [-3055732.1979081472, 4655329.263078249],
            [-3055472.311405867, 4650104.803822057],
            [-3055293.1484044194, 4647140.348378969],
            [-3055290.904166075, 4647072.998909082],
            [-3055186.704200694, 4643745.482815219],
            [-3054461.436786281, 4634373.661680913],
            [-3053610.1903741257, 4621378.294362794],
            [-3053589.74363386, 4621065.409826068],
            [-3053610.6591784256, 4620946.21420362],
            [-3053985.96951382, 4611130.946117119],
            [-3051479.9027237226, 4605429.709541149],
            [-3048438.441695314, 4599080.972308806],
            [-3045872.4589762865, 4591418.805501613],
            [-3040953.3186387205, 4580298.651055907],
            [-3039846.3057717383, 4577604.831095525],
            [-3032139.4347040947, 4560474.653763501],
            [-3032289.9758565323, 4559922.91752166],
            [-3030228.728844403, 4555562.921707659],
            [-3029342.49198221, 4553579.751936466],
            [-3026086.8767084987, 4546419.255687195],
            [-3027148.803222717, 4542001.057772082],
            [-3027925.9371394496, 4537477.762649449],
            [-3015634.840667049, 4537058.46848403],
            [-3006878.9751891256, 4536740.12584445],
            [-3004279.9345678566, 4536656.135811262],
            [-3002622.4509439194, 4535502.504693108],
            [-2998504.145876515, 4532629.970217674],
            [-2984153.6162110087, 4522399.529076231],
            [-2983754.0309044244, 4522331.859947477],
            [-2978151.605078547, 4519626.776556026],
            [-2977974.22604129, 4519421.081912335],
            [-2974062.540528783, 4517690.0578932045],
            [-2971393.3585045086, 4516366.294120571],
            [-2970734.6445349273, 4515602.321552401],
            [-2969312.601472209, 4514047.510138388],
            [-2962969.9774029376, 4508114.062523134],
            [-2960645.7843064973, 4505813.698288235],
            [-2959598.018399979, 4504710.455964549],
            [-2959315.784300011, 4504442.109028854],
            [-2958872.687133943, 4504170.245656964],
            [-2958615.1578557584, 4503859.676334073],
            [-2958181.658732078, 4503971.051055928],
            [-2957506.3928812477, 4504144.536226992],
            [-2956786.3513119887, 4504455.100392963],
            [-2956080.18948547, 4504681.364084097],
            [-2955224.87244728, 4504811.384048814],
            [-2954505.408399626, 4504951.348408597],
            [-2953717.0736167566, 4504857.825100579],
            [-2953054.7223708415, 4504597.379620134],
            [-2952614.706323856, 4504199.096387093],
            [-2952333.733804081, 4503589.545962049],
            [-2952338.7113048197, 4502951.426029756],
            [-2952415.00545832, 4502590.997174546],
            [-2952435.713617011, 4502325.572070772],
            [-2952135.6361889592, 4501676.142791821],
            [-2951959.0536661544, 4501299.955507389],
            [-2951760.53849403, 4501045.997539208],
            [-2951461.470206801, 4500019.687301316],
            [-2951346.9831786905, 4499573.78075633],
            [-2950793.4395437897, 4499079.188521823],
            [-2950081.4989296114, 4498625.26663077],
            [-2949281.5739907967, 4498140.128940448],
            [-2948904.9469814496, 4497815.3509452045],
            [-2948611.9981051856, 4497504.96562706],
            [-2948500.379576862, 4496896.976389871],
            [-2948472.4429756557, 4496303.394493285],
            [-2948463.6464256705, 4495749.749282515],
            [-2948144.967829089, 4494854.258308453],
            [-2947812.392622959, 4494043.060729524],
            [-2947406.5802868693, 4493465.845808574],
            [-2947114.366248737, 4492985.004195031],
            [-2946950.355085941, 4492345.777393158],
            [-2946994.3907697964, 4491859.370468397],
            [-2947177.414263009, 4491256.642110114],
            [-2947173.2156394413, 4490235.861132597],
            [-2947220.121452528, 4489587.43574067],
            [-2947064.099378603, 4489152.420590738],
            [-2947057.155910929, 4488813.614252291],
            [-2946775.8012404786, 4488374.915509832],
            [-2946619.5054046395, 4487904.1477974495],
            [-2946582.3781063585, 4487447.6359037375],
            [-2946500.4201117377, 4487128.100393459],
            [-2946197.5258613024, 4486605.344844938],
            [-2945946.3971836623, 4486284.402105493],
            [-2945740.8261514874, 4485656.056196037],
            [-2945589.1642144024, 4484718.196588765],
            [-2945680.292419149, 4483583.721186051],
            [-2945878.083160925, 4482726.597702491],
            [-2946069.835432359, 4482157.765884591],
            [-2946240.452702167, 4481818.354323124],
            [-2946189.4471639823, 4481446.180630619],
            [-2945972.451196225, 4480946.350990339],
            [-2945883.393424282, 4480252.475666398],
            [-2945930.7320595873, 4479640.116712733],
            [-2946021.6289896965, 4478989.7365777325],
            [-2946015.853460842, 4477996.895186576],
            [-2945923.946629845, 4477465.090273556],
            [-2945940.1308645876, 4476869.764606417],
            [-2945833.538654353, 4476592.548469764],
            [-2945503.099336525, 4475996.528147197],
            [-2945550.2147060293, 4475348.538947121],
            [-2945560.335044042, 4475041.430976579],
            [-2945903.320758697, 4474577.367451828],
            [-2946085.776187212, 4474145.501051212],
            [-2946121.3839625795, 4473625.901604211],
            [-2946225.634605725, 4473339.474492948],
            [-2946377.185896484, 4472960.331893242],
            [-2946464.4882708937, 4472642.437624958],
            [-2946688.6260799086, 4472199.931794021],
            [-2947089.473743736, 4471927.061811368],
            [-2947377.0971103716, 4471593.664496766],
            [-2947852.9519575792, 4471301.575903868],
            [-2948191.97265767, 4471134.100369848],
            [-2948298.653154057, 4470891.8563281065],
            [-2948405.3338630833, 4470649.615165353],
            [-2948493.396469381, 4470161.437443557],
            [-2948431.7158876434, 4469747.461877221],
            [-2948342.327598612, 4469260.01423172],
            [-2948356.436020256, 4468656.525196258],
            [-2948269.373042666, 4467658.197255881],
            [-2948264.903712044, 4466808.85245771],
            [-2948195.4248373173, 4466191.049613767],
            [-2948220.334697457, 4465629.649325869],
            [-2948203.579351297, 4465078.940308372],
            [-2948434.083046009, 4463829.374300192],
            [-2948469.776415611, 4463310.034437086],
            [-2948360.527042116, 4462398.222290364],
            [-2948206.4124572445, 4461623.24383998],
            [-2948154.4421909577, 4460276.2204487305],
            [-2948064.349697363, 4459404.3902097745],
            [-2948103.316119924, 4458759.052660763],
            [-2948169.174244125, 4458357.402233405],
            [-2948099.0095655695, 4457910.062497103],
            [-2947889.866917675, 4457578.856137557],
            [-2947708.9759167153, 4456560.396391926],
            [-2947680.500772128, 4456102.422681217],
            [-2947278.9691139115, 4454881.0789057445],
            [-2947043.8262006734, 4454136.094107026],
            [-2946686.524988234, 4452393.643294678],
            [-2946500.865579749, 4451841.826656804],
            [-2946160.073262997, 4451191.7144197235],
            [-2945182.100012852, 4449326.012842143],
            [-2944731.4205246656, 4448645.504992423],
            [-2944574.319669146, 4448408.286322534],
            [-2944494.840643673, 4448097.71088494],
            [-2944305.278217129, 4448151.88135878],
            [-2943571.1042509195, 4448358.6558652595],
            [-2943415.3900904036, 4448406.174701243],
            [-2943125.0250664274, 4448489.1467436375],
            [-2942966.2734463066, 4448532.5633283695],
            [-2942522.035137748, 4448647.155360736],
            [-2940974.176439583, 4449043.308081337],
            [-2940171.1952131107, 4449248.754291296],
            [-2937846.6826161924, 4449827.8466856275],
            [-2937659.285232256, 4449874.6875877585],
            [-2935289.629638145, 4450457.779997933],
            [-2934582.025657023, 4450633.802878413],
            [-2932964.6873383094, 4451047.456569343],
            [-2930965.934855155, 4451558.612571235],
            [-2929471.199795037, 4451940.836991046],
            [-2928559.458714065, 4452173.966888187],
            [-2927142.359204767, 4452536.293219659],
            [-2927073.9212547503, 4452553.79085529],
            [-2926725.557362296, 4452642.856597159],
            [-2927692.9321543206, 4455696.756181723],
            [-2928517.1770057166, 4458259.774051151],
            [-2928418.399381821, 4460200.097352236],
            [-2928341.1678119614, 4463370.280437493],
            [-2928313.555169692, 4464165.034039245],
            [-2928188.7519399035, 4467079.476325655],
            [-2927898.7385157333, 4474693.298644325],
            [-2927899.5687673455, 4476188.830400749],
            [-2927827.265971527, 4477398.649509036],
            [-2927539.027062855, 4479049.040245959],
            [-2927095.745608186, 4481724.804161793],
            [-2926344.280848376, 4486944.286817453],
            [-2925986.10180448, 4488703.063110033],
            [-2926062.6343886466, 4489140.570491389],
            [-2926947.090971785, 4491101.079623182],
            [-2927069.2038006666, 4491751.069336352],
            [-2927154.263542042, 4493262.239654482],
            [-2927366.6943569863, 4496067.872085555],
            [-2927807.7145230896, 4502052.961326562],
            [-2927458.43684437, 4502528.205318596],
            [-2926186.075438399, 4503841.139378707],
            [-2925175.0053982516, 4505167.883705293],
            [-2923464.2461491013, 4507059.904728226],
            [-2923196.894919803, 4507334.8110286845],
            [-2923006.780179905, 4507598.887705367],
            [-2921340.790615592, 4509354.008222001],
            [-2921483.973586878, 4509739.025076069],
            [-2921951.928717474, 4510731.719431474],
            [-2922157.0695465025, 4511531.619088202],
            [-2922059.1398304584, 4512328.514232284],
            [-2921801.6085841362, 4512780.468152259],
            [-2921651.1802618075, 4513546.007876607],
            [-2921560.134029116, 4514161.718406401],
            [-2922405.913133474, 4515829.650769638],
            [-2922442.5118619157, 4516457.573056088],
            [-2922376.241780799, 4517031.118435435],
            [-2922419.8867943413, 4517998.4012060845],
            [-2922797.63796403, 4518673.523776284],
            [-2923192.3954760917, 4519380.214927534],
            [-2923547.617351595, 4520106.053479348],
            [-2924523.807633525, 4522073.231183481],
            [-2924913.1053889985, 4522619.809515261],
            [-2926633.2736856956, 4525509.792435084],
            [-2928858.2254528888, 4529429.233359139],
            [-2929054.802140055, 4529675.168096696],
            [-2930429.8660642505, 4532223.533058065],
            [-2930562.0791586284, 4533222.742349569],
            [-2930427.300308534, 4536159.573435625],
            [-2930564.6548131853, 4536555.599900933],
            [-2931063.322222546, 4537838.294571006],
            [-2931720.576951704, 4539080.306851611],
            [-2932564.2696461375, 4540355.353051187],
            [-2933822.96670443, 4541964.20230938],
            [-2934572.009100293, 4543389.601439722],
            [-2934379.68534434, 4544302.058738319],
            [-2933923.5343051343, 4545399.289505705],
            [-2933727.256478725, 4545881.3121783165],
            [-2933888.9126408715, 4546855.693964193],
            [-2934329.295143197, 4547218.948090272],
            [-2934211.4721041, 4547590.925108949],
            [-2933873.365992325, 4548109.490426709],
            [-2933543.103015967, 4548796.8991958285],
            [-2932900.9355087685, 4549897.290917865],
            [-2931135.465622405, 4552752.681428646],
            [-2931079.4037066894, 4553018.938609676],
            [-2928620.389512777, 4557294.685439295],
            [-2928363.5639931317, 4557783.601607349],
            [-2928255.337152055, 4558504.199105555],
            [-2927844.99528889, 4560229.317196328],
            [-2926765.2696889746, 4564574.7026096275],
            [-2925534.724774674, 4570166.3030885495],
            [-2925403.1758178966, 4570623.311143193],
            [-2923485.815072654, 4572890.725004425],
            [-2922483.8063280336, 4574071.903075565],
            [-2921922.0338222785, 4574734.148746801],
            [-2917016.9166001715, 4580473.623272723],
            [-2916197.716608047, 4581441.304585565],
            [-2913639.6353171724, 4580082.146627318],
            [-2910786.1284316448, 4578681.915509585],
            [-2909731.4666088745, 4578043.6405224465],
            [-2908428.1271275613, 4577442.343398186],
            [-2907825.3599408707, 4577003.011738772],
            [-2907595.6492893435, 4576836.956712535],
            [-2907299.476657018, 4576724.030452851],
            [-2906184.1106946287, 4576299.511412651],
            [-2905056.513000285, 4575688.996817385],
            [-2903724.7559746653, 4574734.741777422],
            [-2903343.378127176, 4574463.611871767],
            [-2901838.9442077647, 4573391.692616944],
            [-2900293.2934219562, 4572159.302896805],
            [-2899938.166594106, 4571782.387299549],
            [-2899229.6001506727, 4571658.4246141305],
            [-2898733.5003572176, 4571876.018265809],
            [-2897033.184153413, 4572466.241258543],
            [-2897011.7379358253, 4572466.327230327],
            [-2896880.045392356, 4572511.866259345],
            [-2896789.0376694123, 4572543.299713091],
            [-2896784.120337214, 4572467.239093675],
            [-2896800.1677497774, 4571940.846233145],
            [-2896970.3961841273, 4571563.922939006],
            [-2897018.275249057, 4571459.749694605],
            [-2897020.586370996, 4571264.828565646],
            [-2897025.7110009287, 4570982.442868009],
            [-2896926.685828544, 4570458.6627360955],
            [-2896888.967130009, 4570000.170465645],
            [-2896865.271809526, 4569700.144817018],
            [-2897314.9948985167, 4568990.342049006],
            [-2897389.5462653884, 4568449.015792475],
            [-2897200.9948301846, 4568200.390073986],
            [-2896705.7327284357, 4568282.66565258],
            [-2896195.7385661285, 4568584.790004378],
            [-2895843.385386859, 4569188.51685448],
            [-2895372.545782814, 4570335.920581525],
            [-2895010.9974340023, 4571077.129950579],
            [-2894402.552364065, 4571827.804792456],
            [-2893937.304444435, 4571992.412228079],
            [-2892825.8611140535, 4572449.1736784205],
            [-2892169.9456559895, 4573050.0001037875],
            [-2891319.2082082722, 4573863.016556974],
            [-2891019.451997401, 4574498.420883991],
            [-2891182.1227400647, 4575789.5354942065],
            [-2891369.4002386187, 4576795.193672746],
            [-2891612.02403938, 4578119.961447911],
            [-2891461.1644354695, 4578329.897027928],
            [-2890576.3808410927, 4579530.269881874],
            [-2890103.0779982614, 4580183.476853796],
            [-2887865.1720895995, 4583326.675012332],
            [-2884553.027889914, 4587801.132486774],
            [-2884528.7861124678, 4587832.446300789],
            [-2884507.4114496373, 4587990.04396212],
            [-2884494.416467734, 4588085.859376878],
            [-2884463.3503615074, 4588314.926424872],
            [-2884426.3171383394, 4588588.006945433],
            [-2884446.407104977, 4588702.829418022],
            [-2884528.225882336, 4589159.501867507],
            [-2884715.6980658886, 4589715.204911873],
            [-2885366.756527107, 4590133.649155908],
            [-2885954.528081669, 4590721.618155227],
            [-2886070.6025719144, 4591034.3066052245],
            [-2886299.89629673, 4591579.299881668],
            [-2886697.948088726, 4592468.540160381],
            [-2887608.7109873914, 4592234.203503206],
            [-2887850.579621091, 4592343.256559529],
            [-2887856.7411130564, 4593198.129130062],
            [-2887842.4653513115, 4593454.240338369],
            [-2888067.098886637, 4596957.98109875],
            [-2888372.4914710103, 4601605.142196016],
            [-2888445.268110329, 4614080.649381739],
            [-2889973.236735193, 4615162.757407414],
            [-2890001.730450948, 4615182.936389501],
            [-2890012.116038649, 4615223.226848878],
            [-2890715.7473836923, 4615646.444442136],
            [-2891572.2578714774, 4616233.941745756],
            [-2892130.3661286477, 4616617.914431913],
            [-2892283.610142114, 4616723.3441776065],
            [-2892493.7061114153, 4616867.886746304],
            [-2892621.937556372, 4616956.10758783],
            [-2892702.5669806194, 4616957.728080597],
            [-2892960.1856966564, 4616954.496063686],
            [-2893341.3420238, 4616946.491635697],
            [-2893879.0845949687, 4616889.080691384],
            [-2894407.7808887097, 4616969.410881322],
            [-2894903.7318246523, 4616922.767997387],
            [-2895338.2519826735, 4616810.716300701],
            [-2895694.6825148244, 4617194.843185431],
            [-2895677.75152738, 4617228.70623715],
            [-2895671.452590395, 4617244.460436625],
            [-2895536.8971465263, 4617581.001459708],
            [-2895060.2911152844, 4617875.445021588],
            [-2894391.179535982, 4618391.072822265],
            [-2894304.4519940754, 4618711.375149978],
            [-2894534.2967158644, 4619257.011722805],
            [-2894322.2290599095, 4619609.657405665],
            [-2894223.329891345, 4620366.522711962],
            [-2894075.1793040773, 4620621.439876315],
            [-2893916.1102169775, 4620834.029173978],
            [-2893775.4450324927, 4621601.7220854135],
            [-2893280.8008592385, 4625937.817452863],
            [-2893223.5282050436, 4626855.841165351],
            [-2891534.7640834674, 4631158.141707589],
            [-2890129.8724642587, 4635144.241082885],
            [-2890015.978693312, 4635462.83437328],
            [-2890153.1957461834, 4637099.387526341],
            [-2890337.95999744, 4639341.122086601],
            [-2890291.424463088, 4639395.6910125455],
            [-2890239.4730189284, 4639452.609826206],
            [-2890209.1500558094, 4640492.654291828],
            [-2889852.6366955005, 4642564.5959523525],
            [-2889644.28611633, 4644381.507094454],
            [-2889515.1460301196, 4645020.6921057],
            [-2889952.983794018, 4646887.944370267],
            [-2890773.510614141, 4650718.683880799],
            [-2891647.1638533757, 4654753.632244144],
            [-2891943.316026951, 4655174.665415175],
            [-2892534.2486747825, 4655528.527177776],
            [-2893281.2790281475, 4655968.691140586],
            [-2893476.024126204, 4656135.478109575],
            [-2894189.091329245, 4656720.14991772],
            [-2894761.616189777, 4657657.884280814],
            [-2894555.4375990895, 4658136.511553583],
            [-2894600.566127533, 4658414.40758231],
            [-2894647.0572737698, 4658628.610723556],
            [-2895634.8411845877, 4659917.166276421],
            [-2895764.3677088376, 4660086.129716693],
            [-2896773.188595266, 4661399.8490259955],
            [-2897049.7911870712, 4661890.305526075],
            [-2896772.0732535054, 4662739.6777693415],
            [-2894996.939912468, 4669355.263080176],
            [-2890029.092912229, 4675251.363766289],
            [-2883848.172659185, 4682841.098213109],
            [-2883245.5750462334, 4683305.32138405],
            [-2882744.172384104, 4684160.250707191],
            [-2882160.4855580907, 4689278.947515347],
            [-2881883.626388802, 4689622.679878178],
            [-2881695.7767823646, 4690895.360583392],
            [-2881232.093939439, 4693101.090881136],
            [-2880521.3095138143, 4696178.38040606],
            [-2880064.8476663185, 4698101.74813154],
            [-2877670.7711871085, 4707251.808363143],
            [-2876230.1606864785, 4712745.407973776],
            [-2875136.191458443, 4716924.832541917],
            [-2875111.8398019737, 4717312.579178409],
            [-2870300.373157657, 4734136.63636725],
            [-2868256.001622981, 4741633.651236862],
            [-2867427.565146064, 4743704.720377263],
            [-2867365.074204988, 4744048.456180272],
            [-2866134.8964593564, 4748353.445264702],
            [-2865736.6601960957, 4749776.526511746],
            [-2865408.1736750216, 4750471.734232244],
            [-2865248.20690992, 4751505.347418705],
            [-2863953.8170217327, 4753571.594411714],
            [-2863600.448500861, 4754136.910895852],
            [-2863195.649927676, 4754779.357830849],
            [-2862959.271045932, 4754961.271324584],
            [-2862851.3598296493, 4755057.012700674],
            [-2862751.933637036, 4755145.22030739],
            [-2862494.1939996784, 4755298.96190264],
            [-2862284.4386485238, 4755310.250330521],
            [-2862122.6772423587, 4755179.071537058],
            [-2861973.881509948, 4755261.128935252],
            [-2861636.4641805952, 4755435.624326722],
            [-2861360.0036388147, 4755680.883051627],
            [-2861030.728424428, 4755723.284594655],
            [-2860741.2888133354, 4755755.314473074],
            [-2860298.232802675, 4755524.0696489895],
            [-2860064.933091176, 4755281.542080914],
            [-2860099.9676546776, 4754925.847084146],
            [-2859919.480497701, 4754886.18896112],
            [-2859632.4405997572, 4755090.867727843],
            [-2859361.711538979, 4755031.377758037],
            [-2859003.144571736, 4755124.712656427],
            [-2858575.444046311, 4755279.3632677365],
            [-2858349.3558481196, 4755554.822800742],
            [-2857953.3446820797, 4755831.206910964],
            [-2857812.6881803833, 4755781.173781979],
            [-2857581.7954323287, 4755711.294202943],
            [-2857390.7361532813, 4755631.057130045],
            [-2857403.7028627107, 4755844.308403693],
            [-2857790.6288051107, 4756350.136025333],
            [-2857636.0745335775, 4756736.991947648],
            [-2857378.29771687, 4756890.747811969],
            [-2857096.981860472, 4756790.663720308],
            [-2856909.2647557072, 4756232.952156701],
            [-2856808.4571679933, 4756172.54321806],
            [-2856630.3581926045, 4756305.5507291835],
            [-2855171.481774014, 4757075.24731414],
            [-2854129.729298359, 4757649.719824856],
            [-2850251.9456472364, 4759915.794845627],
            [-2847440.6434360677, 4761525.8969049975],
            [-2841944.005849548, 4764674.085007029],
            [-2841968.82623188, 4764716.009202897],
            [-2840043.979622126, 4765824.039322103],
            [-2839347.5852603274, 4766092.02887255],
            [-2838877.3787864796, 4766084.355995495],
            [-2838369.7088522348, 4766259.859367399],
            [-2837763.579677004, 4766547.707162749],
            [-2837003.7112326277, 4766572.062241184],
            [-2836273.1335771214, 4766545.414912062],
            [-2835513.2371740886, 4766569.749026578],
            [-2834955.0844964245, 4766715.018087188],
            [-2834048.676004891, 4766994.294583622],
            [-2833503.479235555, 4767352.994899317],
            [-2832804.548665326, 4767448.17352636],
            [-2832214.6462314394, 4767471.609233289],
            [-2831593.0262191202, 4767373.194340693],
            [-2830908.658951557, 4767334.400681805],
            [-2830772.0335473535, 4767326.655441992],
            [-2829948.6382515007, 4767107.280264055],
            [-2829370.2424875367, 4766520.593941899],
            [-2829232.8753085434, 4765992.626136446],
            [-2829345.3319401084, 4765443.0495401025],
            [-2828787.09487715, 4765588.280602382],
            [-2827460.6587075684, 4765889.997720965],
            [-2827280.01776518, 4765850.259335331],
            [-2827083.022346496, 4766074.959807332],
            [-2826352.70493441, 4766455.690636498],
            [-2825920.8022698783, 4766680.8517934],
            [-2824487.5663276063, 4767227.154631524],
            [-2824648.461234156, 4768009.280644403],
            [-2825114.0181244714, 4771271.207776186],
            [-2825932.335223789, 4775396.432971832],
            [-2826764.3602696685, 4779736.06523322],
            [-2827094.3493273775, 4781820.1981356265],
            [-2827180.6168846027, 4782081.845409368],
            [-2827913.9792452687, 4785059.618131616],
            [-2828416.2215626645, 4785189.201494567],
            [-2829114.7795345, 4785745.160057555],
            [-2830033.9396314113, 4786330.457553139],
            [-2830875.86394025, 4787109.553818775],
            [-2831592.629950524, 4788225.23994282],
            [-2831398.2995759216, 4788623.277691704],
            [-2831086.8662731056, 4789225.559077564],
            [-2831174.223362968, 4789723.869416489],
            [-2831365.546979396, 4789804.245130938],
            [-2831620.4823495476, 4790128.5840411475],
            [-2831292.9641606733, 4790995.688237038],
            [-2831311.1967216497, 4791555.508318535],
            [-2830901.3906844887, 4792270.426346694],
            [-2831118.653908067, 4793429.868772515],
            [-2830884.4969752175, 4793838.43427495],
            [-2830860.3531810055, 4794235.6687801145],
            [-2830787.9231074997, 4795427.397520981],
            [-2830755.7577595166, 4795957.084548034],
            [-2830744.214444166, 4797871.640810628],
            [-2830722.8742645755, 4798170.522770774],
            [-2830570.44073042, 4800306.759149419],
            [-2830577.824155764, 4802129.984654186],
            [-2830516.1735250163, 4804014.8952300735],
            [-2830584.924306286, 4805909.4517949205],
            [-2830608.8131368533, 4806164.029052371],
            [-2830584.740525092, 4807213.625255624],
            [-2830578.1335942927, 4809420.645568577],
            [-2830568.6398555627, 4812696.280822239],
            [-2830391.045856985, 4816744.049118223],
            [-2830372.757034012, 4818140.83735835],
            [-2830487.5503198043, 4819720.480692399],
            [-2830360.400794638, 4821189.524058947],
            [-2830297.4844214665, 4823292.520447545],
            [-2830281.6996794436, 4823820.964103815],
            [-2830362.775387558, 4826411.032958901],
            [-2830177.903937012, 4828635.822471917],
            [-2830093.008887251, 4828962.765688361],
            [-2829604.98906583, 4831006.058566353],
            [-2828528.7174318405, 4834978.288844113],
            [-2828347.8216814245, 4835646.170809157],
            [-2826469.186763588, 4843282.5567544885],
            [-2826344.5179856587, 4843620.246835979],
            [-2825831.601193257, 4844103.27756133],
            [-2825664.9310708772, 4844931.352969209],
            [-2825793.9557370227, 4846074.184625222],
            [-2825837.5053243153, 4846890.824647267],
            [-2825959.0529292994, 4854182.662868202],
            [-2825991.164762384, 4854305.05617167],
            [-2826003.839352851, 4855653.510037342],
            [-2825495.518564594, 4860540.9284713995],
            [-2825089.59778485, 4865319.037963298],
            [-2825083.653063782, 4865389.047154174],
            [-2825079.609964838, 4865436.780241591],
            [-2825036.8635254307, 4865940.516655721],
            [-2824904.6931322957, 4866411.606209071],
            [-2824617.668930873, 4866617.9126742715],
            [-2824213.945139741, 4867029.4425982395],
            [-2824046.378822112, 4867712.5505131],
            [-2824007.979337288, 4867869.103409565],
            [-2823841.9404954333, 4868698.310933094],
            [-2823744.9968200442, 4869465.776185025],
            [-2823496.1858307454, 4870142.230673681],
            [-2823149.1337308013, 4870931.833024673],
            [-2822818.752752222, 4871458.348334039],
            [-2822788.3396121776, 4871506.817845001],
            [-2822637.7985776495, 4872070.236096528],
            [-2822494.968749619, 4872500.67278746],
            [-2823240.5037661376, 4873876.4146951465],
            [-2824731.5922637284, 4876413.315518399],
            [-2826019.3117308016, 4878604.008303488],
            [-2826203.4674972612, 4878817.607300828],
            [-2829026.3167555947, 4883709.46953096],
            [-2828512.822994261, 4885810.596144894],
            [-2827999.1634068755, 4893418.937476501],
            [-2827513.3996482575, 4902423.326863339],
            [-2827433.600875439, 4902444.368701668],
            [-2827257.82452301, 4903234.297351897],
            [-2827143.662558925, 4905714.117283649],
            [-2827098.8373675067, 4906321.38830263],
            [-2827088.2898923047, 4906464.309643652],
            [-2826915.8976922613, 4908801.855931229],
            [-2826868.520612695, 4909444.721026177],
            [-2826863.9320729706, 4909507.008378956],
            [-2826858.9227532283, 4909526.59274065],
            [-2826779.892170027, 4909835.480608545],
            [-2827154.9301187433, 4910130.722889973],
            [-2828468.1195969367, 4910978.81602782],
            [-2831387.793429475, 4915418.441090297],
            [-2831572.9333476685, 4915704.268392021],
            [-2831727.751377058, 4916018.914854078],
            [-2832009.054088742, 4916515.773644959],
            [-2832125.73115932, 4916827.779090938],
            [-2832341.918668747, 4917646.231666193],
            [-2837510.5630809506, 4931641.246110285],
            [-2838827.7340935534, 4935316.852463408],
            [-2842346.643813442, 4944950.410534281],
            [-2848445.8195188795, 4961304.059548465],
            [-2852125.743489431, 4971161.3784890985],
            [-2852172.3539667935, 4971288.573483068],
            [-2853347.4636682724, 4974027.711909335],
            [-2853716.083594194, 4975091.2984241815],
            [-2857042.0982739297, 4982636.795149063],
            [-2858241.7010330698, 4985357.480528794],
            [-2854325.573463682, 4990709.868013051],
            [-2853514.7224436305, 4991673.626149684],
            [-2851176.514221156, 4992988.275907812],
            [-2851141.6313999766, 4993009.770766719],
            [-2850791.9849333423, 4995977.751048854],
            [-2850750.7613741807, 4996369.502363698],
            [-2850671.7415603055, 4996390.564203835],
            [-2849428.0278385207, 5007726.301083942],
            [-2849104.4393470758, 5010675.114869069],
            [-2848615.893580325, 5014285.317953292],
            [-2848306.140148843, 5015205.092068561],
            [-2848121.3223998807, 5016752.429670488],
            [-2848384.1217296626, 5017514.885412982],
            [-2848379.8900921033, 5017552.23552675],
            [-2848412.638371013, 5017597.617139356],
            [-2848691.5111284032, 5018406.646138733],
            [-2848819.3167197523, 5018725.013875967],
            [-2849455.854757662, 5019348.091196016],
            [-2849269.8443921697, 5021689.502958127],
            [-2849302.8332219548, 5021812.902684849],
            [-2849205.0967963077, 5023205.409950506],
            [-2848900.058332335, 5028136.480871001],
            [-2848698.070713581, 5034201.63613522],
            [-2848677.8478522385, 5034811.506264808],
            [-2848507.540490144, 5040801.33131606],
            [-2848445.2706700265, 5041989.070179312],
            [-2848096.979856283, 5043174.596508668],
            [-2847530.4165243683, 5045047.971611343],
            [-2846697.6872339007, 5047522.792907648],
            [-2846651.9502490447, 5047820.115626545],
            [-2846284.212513029, 5048980.561862376],
            [-2846245.6122645563, 5049089.990978931],
            [-2846239.053403437, 5049108.579438659],
            [-2846231.996621309, 5049128.577301188],
            [-2845793.999453359, 5050370.394972578],
            [-2845592.1629643496, 5050733.66369085],
            [-2845314.6862261198, 5055755.229495743],
            [-2844654.3904937357, 5064284.67894983],
            [-2844639.216943377, 5066757.283917823],
            [-2844624.396179209, 5069215.303823569],
            [-2844317.190022241, 5073006.479067029],
            [-2844236.3280144297, 5074039.171493867],
            [-2844268.3443837943, 5074160.935902779],
            [-2844205.2115281913, 5075260.485944924],
            [-2844151.0626146146, 5076214.580327941],
            [-2843840.884877964, 5086801.994006813],
            [-2843840.1044870596, 5087508.42507604],
            [-2843767.2802703674, 5087698.053001813],
            [-2843221.06287941, 5088848.318580399],
            [-2842336.0822443273, 5090659.007450586],
            [-2842185.675816693, 5091173.152353444],
            [-2842068.869303526, 5091572.474522161],
            [-2841897.5658115624, 5091829.325578707],
            [-2841672.7667555274, 5092166.398086338],
            [-2841003.19764359, 5092812.339552873],
            [-2840258.1809814936, 5093743.573638819],
            [-2839865.1509044073, 5094150.883068453],
            [-2839724.1132570105, 5094286.203003703],
            [-2839999.618788391, 5094832.131942143],
            [-2840104.8749922127, 5094834.111322714],
            [-2840138.4098382345, 5094830.741424065],
            [-2840511.652287591, 5094827.0017639715],
            [-2840982.434679139, 5094664.57773692],
            [-2841123.9032876133, 5094639.4610030325],
            [-2841358.0533198714, 5095497.356042367],
            [-2841359.5202575466, 5095750.261504199],
            [-2841770.501945975, 5096481.207459904],
            [-2842341.9427478393, 5096756.263990791],
            [-2842639.993132084, 5097861.562250608],
            [-2842818.342100141, 5097943.027917234],
            [-2842967.316658809, 5098063.646486528],
            [-2843493.3450325844, 5098586.41207151],
            [-2843598.1216329904, 5098759.08793579],
            [-2843829.600570551, 5099617.294725088],
            [-2842632.9756637313, 5100755.9688160485],
            [-2842668.971151392, 5101125.304500175],
            [-2842619.4139242424, 5101215.100041164],
            [-2842710.7099060537, 5101553.497463041],
            [-2842795.0356095536, 5102418.354189096],
            [-2842828.7761641173, 5104931.683514522],
            [-2842881.8288649553, 5105348.469655776],
            [-2842839.3709770623, 5105676.878024236],
            [-2842917.162446821, 5107074.553676624],
            [-2843354.1860474953, 5107266.918642852],
            [-2844048.0543715023, 5107301.266946844],
            [-2844872.7085557566, 5107344.63259346],
            [-2845502.7023852533, 5107617.886107297],
            [-2846041.7711782916, 5107871.353104098],
            [-2846749.871428277, 5108433.882243267],
            [-2847394.146826641, 5109235.343569872],
            [-2847851.8545776904, 5109821.171167214],
            [-2848607.8586532027, 5109927.366211567],
            [-2849119.8186605657, 5109922.1032619],
            [-2849453.1392644113, 5110364.170605897],
            [-2849989.0157256434, 5111239.302480506],
            [-2850807.25176632, 5112526.006678995],
            [-2851636.7163205347, 5113854.0940255355],
            [-2852243.058070542, 5115464.368513617],
            [-2852415.1550073554, 5116324.026198415],
            [-2852420.919711725, 5116402.348624767],
            [-2852336.4974026973, 5118712.194865251],
            [-2852365.1979248375, 5119069.713093603],
            [-2852349.5208425005, 5119339.427823463],
            [-2852482.733266074, 5121255.710005073],
            [-2852442.8673537024, 5121266.49335642],
            [-2852473.5492724245, 5122012.561819478],
            [-2852691.30297142, 5123127.317871339],
            [-2852702.7782211932, 5123269.944956815],
            [-2853860.414012455, 5124345.847983604],
            [-2853969.687299422, 5124749.65831211],
            [-2854231.323312263, 5125716.428716449],
            [-2853597.868038421, 5126868.607425605],
            [-2851049.4118365995, 5127640.175421017],
            [-2849505.3807822824, 5128630.346576755],
            [-2849329.322470042, 5129229.556744132],
            [-2849301.0694651543, 5129263.014283048],
            [-2849276.668995565, 5129408.775345218],
            [-2848931.3525847765, 5130584.2961576935],
            [-2847855.107070878, 5132429.253826894],
            [-2847861.307086892, 5132813.230951085],
            [-2847661.8032731707, 5133481.56685689],
            [-2847847.387199196, 5134008.6962937405],
            [-2848312.080731325, 5134460.229488755],
            [-2848372.9678720366, 5134493.444859093],
            [-2848871.0498264506, 5135016.211065153],
            [-2848740.266329717, 5136278.442612405],
            [-2848107.148260592, 5137431.533668029],
            [-2846889.0215115836, 5138170.6630467735],
            [-2847123.4469465893, 5139035.58270984],
            [-2847058.7293826095, 5139153.484854623],
            [-2846885.624415907, 5139327.439012828],
            [-2846740.81922951, 5139467.0775014665],
            [-2846499.320244567, 5139616.153516962],
            [-2846378.975441164, 5139816.018266338],
            [-2846074.805758287, 5140109.349801503],
            [-2846168.5639281087, 5140165.474338552],
            [-2846115.628750753, 5140253.392486555],
            [-2846404.768236694, 5140530.502023538],
            [-2847052.751452735, 5140710.3282413],
            [-2847437.7027591597, 5140925.196028988],
            [-2848010.1452240776, 5141267.868220449],
            [-2848454.7311881427, 5141618.92429626],
            [-2848618.557094135, 5141736.4345721705],
            [-2849239.0917138513, 5142769.6990125375],
            [-2849164.58349066, 5143908.873203448],
            [-2849134.466184073, 5144391.32982235],
            [-2849072.562608678, 5145351.725007512],
            [-2849101.5737776193, 5145458.66902061],
            [-2849100.2600692343, 5145577.252951714],
            [-2849207.596137888, 5145849.487306307],
            [-2849424.156038302, 5146647.706895819],
            [-2851747.8832543334, 5150273.684638892],
            [-2851565.7571572056, 5150915.932857341],
            [-2851391.1252197097, 5151179.8341616895],
            [-2851418.3597480003, 5151435.775148204],
            [-2851395.2612674483, 5151517.244126933],
            [-2851430.9637740855, 5151554.214100894],
            [-2851446.3158626, 5151698.469656469],
            [-2851638.4961802945, 5152090.980255322],
            [-2852064.734174822, 5152242.072255712],
            [-2852233.3151868684, 5152385.047792525],
            [-2853619.49567842, 5153554.289333892],
            [-2854209.3256374733, 5154150.143190247],
            [-2854356.7646685583, 5154866.184990642],
            [-2854208.6691868035, 5156196.294790864],
            [-2853288.157571519, 5157691.924215238],
            [-2852489.0899609774, 5158531.875718475],
            [-2852590.2333536926, 5159760.191775131],
            [-2852644.0134915034, 5160046.982491667],
            [-2852732.2048935634, 5160282.56496717],
            [-2853003.2390995477, 5161279.7167546535],
            [-2853226.0709976535, 5161501.000187832],
            [-2853260.0790342223, 5161561.614730499],
            [-2853549.926451692, 5162085.233485732],
            [-2853607.5809376696, 5162189.38677262],
            [-2854276.513935916, 5162807.993807354],
            [-2854640.3213888863, 5163179.585744322],
            [-2854913.8328455193, 5163458.948965262],
            [-2852991.5991347493, 5166860.789045771],
            [-2852801.896793954, 5166896.735549351],
            [-2852410.6858547567, 5166911.8018927835],
            [-2852289.64381887, 5166870.50581792],
            [-2852182.3897414366, 5166859.715011515],
            [-2852044.9894679473, 5166790.283388178],
            [-2851991.4266643715, 5166763.216796385],
            [-2851932.5182656543, 5166748.498114491],
            [-2851914.8453990687, 5166744.082381633],
            [-2851895.1706196307, 5166732.306208556],
            [-2851447.1510577514, 5166464.146509962],
            [-2851417.2538864207, 5166454.649676038],
            [-2850963.66940801, 5166293.90053128],
            [-2850444.185985705, 5166510.367809087],
            [-2850381.897093226, 5166536.323637088],
            [-2850018.1271529905, 5166630.760087003],
            [-2849739.0296954685, 5166355.717961912],
            [-2849647.8041288573, 5166355.513866576],
            [-2849194.9545649244, 5166354.500793989],
            [-2849090.9018147294, 5166354.268041795],
            [-2848926.046577817, 5166386.394566314],
            [-2848800.7514273333, 5166397.8426872],
            [-2848632.550009601, 5166443.590537643],
            [-2848484.3035786604, 5166472.480569658],
            [-2848412.945152532, 5166553.160539775],
            [-2847961.373297763, 5167063.736289417],
            [-2847559.274310334, 5167173.108153981],
            [-2845878.4192865, 5166749.48808857],
            [-2845562.3431742294, 5166772.320899633],
            [-2845553.0927554932, 5166772.989131701],
            [-2845561.3618244682, 5166671.457013948],
            [-2845123.9271266386, 5165993.02663613],
            [-2845092.8966352106, 5165944.889333831],
            [-2844989.6901303795, 5165838.044184886],
            [-2844886.1828176635, 5165730.887499483],
            [-2844842.4334391686, 5165685.595594578],
            [-2844490.340060473, 5165416.523473403],
            [-2844248.0820674747, 5165220.48173072],
            [-2843633.0102136303, 5165340.962943225],
            [-2842914.486925602, 5165676.667298508],
            [-2842627.073555023, 5165810.953178657],
            [-2842004.3366296873, 5166101.914033941],
            [-2841058.27831185, 5166527.588010068],
            [-2840470.3017393006, 5166781.048226262],
            [-2838538.4883744135, 5167222.22597823],
            [-2838211.3352593062, 5167442.191096351],
            [-2837970.928306628, 5167881.842823735],
            [-2837852.583227255, 5168307.024273628],
            [-2837363.3330486924, 5168758.2518605925],
            [-2836768.781000923, 5169219.427751983],
            [-2836291.116509103, 5169349.366027392],
            [-2835903.594468698, 5169314.412340327],
            [-2835600.9721275466, 5169293.794615266],
            [-2835074.6143908408, 5169277.888145547],
            [-2834383.9363772594, 5169418.976936824],
            [-2834008.499282328, 5169792.502879965],
            [-2833173.2136247773, 5170328.578561569],
            [-2832899.9460717533, 5170515.2318722475],
            [-2832422.056582941, 5170710.760624598],
            [-2832061.664330668, 5170808.808970659],
            [-2831454.734183046, 5170927.133023689],
            [-2831013.6572440746, 5171224.973087285],
            [-2830592.813956169, 5171564.118044475],
            [-2830296.0991506767, 5172028.630054847],
            [-2829988.636074617, 5172486.724538508],
            [-2829410.126021411, 5172709.671981513],
            [-2828832.415844487, 5172604.758969654],
            [-2828453.335698589, 5172501.961673573],
            [-2827764.7604475254, 5172221.261467228],
            [-2827372.5462025674, 5172103.310875534],
            [-2826623.8440339174, 5171932.572924267],
            [-2826358.6309500425, 5171751.980844803],
            [-2826052.7726825248, 5171554.364074467],
            [-2825650.463960975, 5171167.688102282],
            [-2825232.4938894915, 5170822.719149],
            [-2824725.0976912365, 5170810.975805986],
            [-2824250.127277323, 5170752.966673098],
            [-2823632.9718194697, 5170602.582177489],
            [-2823373.421539217, 5170542.134134311],
            [-2822832.634301143, 5170473.937832905],
            [-2822561.6345836893, 5170669.342390202],
            [-2822342.552209031, 5170691.491945115],
            [-2821900.331242628, 5170456.066552046],
            [-2821636.6070331214, 5170612.048483219],
            [-2821610.5939074443, 5170946.76164061],
            [-2821406.487992561, 5171189.508251864],
            [-2821338.3103577252, 5172097.414631643],
            [-2821465.606298256, 5172399.817006291],
            [-2821419.486619228, 5173123.90853309],
            [-2821377.8474788624, 5173500.387097414],
            [-2821088.328755325, 5173925.602387729],
            [-2821151.5736672934, 5174488.923796625],
            [-2821295.5149398465, 5174852.390654937],
            [-2821086.063883205, 5175340.139028766],
            [-2820872.3467362337, 5175613.685528921],
            [-2820276.904020448, 5175841.304128074],
            [-2819841.227802389, 5175828.78136191],
            [-2819393.364979643, 5175903.856637735],
            [-2819282.3148507173, 5176289.950695485],
            [-2819277.7424148577, 5176703.2648270605],
            [-2819125.5846482604, 5177269.155740013],
            [-2818969.453678495, 5177489.610153082],
            [-2818747.052845465, 5177896.701311191],
            [-2818627.648133819, 5178285.131532368],
            [-2818488.9561310667, 5178735.0260791425],
            [-2818496.3011235353, 5179192.0081381565],
            [-2818474.720319412, 5179741.188938048],
            [-2818230.009894303, 5179967.075858912],
            [-2818073.0313630444, 5180581.2675199425],
            [-2818071.036625439, 5182062.052386901],
            [-2818167.385850464, 5183506.831024006],
            [-2817723.772475751, 5184424.180370202],
            [-2817017.533288903, 5184972.712660402],
            [-2816595.775228148, 5185143.864749723],
            [-2816328.575399119, 5185254.160357474],
            [-2815753.3665798265, 5185523.362550315],
            [-2815526.575135145, 5185781.973567872],
            [-2815421.042041575, 5186485.533582596],
            [-2815749.6890359735, 5186798.984093379],
            [-2816195.60626736, 5187146.083983202],
            [-2816606.9812626694, 5187399.498824538],
            [-2816928.990932591, 5187424.202892488],
            [-2817258.2546308096, 5187409.437260094],
            [-2817637.211588848, 5187709.1755131995],
            [-2817762.903047253, 5188368.527095969],
            [-2817664.964509704, 5188901.399792451],
            [-2817415.5684589283, 5189110.000579636],
            [-2817063.410053488, 5189206.01131946],
            [-2817050.8142180606, 5189556.289714103],
            [-2817252.715866557, 5189801.21994634],
            [-2817543.2245231243, 5190040.741397342],
            [-2817612.7917323746, 5190659.25435517],
            [-2817503.5677039, 5190820.289010107],
            [-2817269.932349916, 5190921.500979338],
            [-2816923.668624066, 5191072.178386706],
            [-2816611.8528190083, 5191382.223294961],
            [-2816575.862868149, 5192142.10555599],
            [-2817252.5973327, 5192707.625560204],
            [-2817679.467680336, 5193050.635562921],
            [-2818182.3195168246, 5193804.254992871],
            [-2818417.2043978157, 5194434.085211649],
            [-2818621.645854795, 5194622.119967706],
            [-2818971.3557363204, 5195342.559977245],
            [-2819016.5094049866, 5195574.066172227],
            [-2818974.2058989634, 5195848.197490372],
            [-2818782.4223208176, 5196003.6929859705],
            [-2818514.7107011676, 5196508.162885001],
            [-2818538.7534555667, 5197289.437544758],
            [-2818500.965257833, 5197778.102370868],
            [-2817942.5825751675, 5198108.728499189],
            [-2817781.8702200847, 5198312.056050716],
            [-2817503.603892134, 5198678.800277907],
            [-2817327.186380505, 5198989.611737283],
            [-2813165.753870335, 5202161.701671974],
            [-2812606.002391215, 5202586.684381131],
            [-2811114.8964397167, 5203725.888432308],
            [-2810011.4811481046, 5204074.188938904],
            [-2808476.6970409867, 5204559.096573903],
            [-2807552.2404127615, 5204849.799879572],
            [-2804841.3181900783, 5205702.307889577],
            [-2803856.1378251472, 5206037.278192958],
            [-2800065.6512681134, 5207326.153622714],
            [-2799854.219867262, 5207872.150734628],
            [-2799369.223759672, 5207647.871466671],
            [-2799042.046112323, 5207737.261680997],
            [-2798802.5104236477, 5207652.478001378],
            [-2798521.773728599, 5208010.862770407],
            [-2798516.661535118, 5208322.118289294],
            [-2798510.3933154447, 5208596.136895227],
            [-2798797.959829737, 5209813.421350624],
            [-2798773.709075856, 5210120.555893206],
            [-2798592.158401559, 5210808.777506871],
            [-2798706.810366408, 5211228.234887198],
            [-2798988.7554015843, 5212193.676224154],
            [-2798831.590396222, 5212443.2756285705],
            [-2798189.676453308, 5213558.07306466],
            [-2798378.818161615, 5213788.159446962],
            [-2798657.5156165506, 5214444.659729194],
            [-2798796.2402784624, 5214820.0603455445],
            [-2799016.3816386447, 5215295.329940374],
            [-2799152.7317067324, 5215662.003885691],
            [-2799384.930426541, 5216049.443713767],
            [-2799815.992259793, 5216504.631152555],
            [-2800165.6448056204, 5216859.955901238],
            [-2799855.346445071, 5216813.30392926],
            [-2799633.597238909, 5216958.522513378],
            [-2799415.376666825, 5217215.525629347],
            [-2799075.8176611415, 5218050.70427769],
            [-2798460.004860279, 5217909.105276725],
            [-2798248.888559298, 5218323.930134114],
            [-2797689.177743707, 5218552.241470591],
            [-2797391.88233795, 5218783.935093343],
            [-2796766.122068989, 5219265.264792051],
            [-2796505.9848199114, 5219468.01200727],
            [-2796173.977182961, 5219605.849299932],
            [-2795808.4075175994, 5219752.8724107025],
            [-2795066.4730381616, 5220040.480911693],
            [-2794782.587132723, 5219761.0317534525],
            [-2794558.5148284426, 5219700.169756066],
            [-2794330.836131051, 5219659.090200321],
            [-2794036.001631316, 5219702.172999319],
            [-2793424.8914741967, 5219512.256561207],
            [-2792987.722613515, 5219002.201559076],
            [-2792817.6640036926, 5218776.191481874],
            [-2792622.663538304, 5218162.311376756],
            [-2792385.8103707717, 5217428.345352883],
            [-2791997.69120161, 5217130.44423691],
            [-2791895.997053959, 5216857.565591263],
            [-2791648.051063864, 5216643.485114206],
            [-2790821.159736663, 5216521.9711542195],
            [-2790134.2414937997, 5216747.4311397625],
            [-2789476.047436441, 5217012.024734864],
            [-2789110.3344397345, 5217224.8186707515],
            [-2788848.9286530837, 5217390.291962593],
            [-2788450.816599139, 5217649.546960044],
            [-2787641.6151040876, 5217823.899915452],
            [-2787001.337413788, 5218318.512492975],
            [-2787001.3156110826, 5218318.529077201],
            [-2787001.2932448485, 5218318.545909573],
            [-2787001.270878185, 5218318.563399962],
            [-2787001.257002414, 5218318.574338408],
            [-2787001.247396209, 5218318.581759325],
            [-2787001.2324650967, 5218318.5934563875],
            [-2787001.204666118, 5218318.614500396],
            [-2786541.6941601643, 5218980.0399190625],
            [-2785511.4211804145, 5219929.257595241],
            [-2785024.568163201, 5220194.060036034],
            [-2784743.9603921305, 5220355.437424278],
            [-2784428.52912286, 5220620.349068736],
            [-2783936.605828768, 5221394.2007407015],
            [-2783161.813484514, 5222057.488185798],
            [-2783270.712622665, 5222488.367761848],
            [-2783680.5921676555, 5222799.273175672],
            [-2783948.8951830594, 5223383.9870188115],
            [-2783840.5762445405, 5224504.354185767],
            [-2783528.5885312757, 5225342.043030142],
            [-2783247.8227708326, 5226096.007264065],
            [-2782792.99551634, 5227960.483163418],
            [-2782599.8319383548, 5228737.647584376],
            [-2782226.939527429, 5228792.755846544],
            [-2781918.878474829, 5228293.951623415],
            [-2781529.263922808, 5227958.581870065],
            [-2781141.9932576995, 5227895.34029634],
            [-2780549.625892646, 5228104.60562452],
            [-2780115.5277176057, 5228298.746768529],
            [-2779652.5938871675, 5228782.9884853065],
            [-2779139.2956574657, 5229281.048639463],
            [-2778648.782450444, 5229763.484135621],
            [-2777944.774170527, 5230652.531355618],
            [-2777298.452513626, 5230236.876095964],
            [-2777200.1459096307, 5230009.789049536],
            [-2777043.117584449, 5229535.373102953],
            [-2776905.2757466156, 5229130.974787689],
            [-2776479.772344608, 5228071.626447869],
            [-2776165.803664358, 5227188.737630157],
            [-2775826.7545671696, 5226115.245089161],
            [-2775107.0378747173, 5223584.894374322],
            [-2774015.6448416323, 5223751.93682642],
            [-2773636.642091992, 5223818.04790494],
            [-2772803.054748804, 5223970.95535036],
            [-2772287.3290502573, 5223999.248342597],
            [-2771730.8870513146, 5223878.803180664],
            [-2772368.4569638898, 5224955.157483178],
            [-2772701.6732072504, 5225447.08060127],
            [-2772989.2193982746, 5226233.696013716],
            [-2773404.9949753694, 5227455.571428477],
            [-2773342.5090623307, 5227886.588779321],
            [-2773077.19831994, 5228928.219021826],
            [-2773247.4063413185, 5229417.860292164],
            [-2773432.032473155, 5229828.298858024],
            [-2773611.7919747173, 5230814.023116273],
            [-2773696.888614046, 5231355.267184567],
            [-2773540.9516042345, 5231576.770977758],
            [-2772239.529490095, 5232789.679131657],
            [-2771878.4941711836, 5232888.608456783],
            [-2771005.2738253945, 5233127.8874739995],
            [-2769480.675214216, 5233460.961961253],
            [-2769187.977867597, 5233710.580844785],
            [-2768912.07380369, 5234153.25816909],
            [-2768744.134274602, 5234396.9404003145],
            [-2768512.618947999, 5234705.115187676],
            [-2768283.4888082505, 5234494.9471306205],
            [-2767862.420231369, 5234177.370023663],
            [-2767363.377635701, 5233805.863657209],
            [-2767133.0564045045, 5233492.493077789],
            [-2766671.230340184, 5232828.442244033],
            [-2766362.978197487, 5232197.627381237],
            [-2766040.302111003, 5231909.580477704],
            [-2765904.6975602037, 5232238.478145573],
            [-2765743.8723146063, 5232903.7050028285],
            [-2765038.3742031474, 5233953.530292002],
            [-2764686.854666993, 5233823.950141779],
            [-2764167.362582746, 5233740.394782624],
            [-2763751.0374421636, 5233769.758084265],
            [-2762757.6104701012, 5233571.323075972],
            [-2762492.4338567713, 5233756.936160432],
            [-2762310.0450409898, 5233948.107499905],
            [-2761866.08795565, 5234107.40995169],
            [-2761496.5134200803, 5234340.467581884],
            [-2761243.3287282833, 5234503.9821056565],
            [-2761058.536569993, 5234686.413054902],
            [-2760697.351546923, 5235048.983073387],
            [-2760942.1564315725, 5236403.492984302],
            [-2760588.1926293275, 5236726.479309204],
            [-2760523.516067491, 5238005.922817237],
            [-2760553.542647237, 5238214.265508015],
            [-2760719.32647327, 5239345.902861495],
            [-2760898.503728082, 5240954.274657791],
            [-2760079.332988241, 5242346.892938122],
            [-2759802.151328233, 5242422.928691854],
            [-2759149.4566880227, 5242809.209618921],
            [-2758626.3169183675, 5243075.183366451],
            [-2758267.5502883163, 5243248.96848554],
            [-2756077.754023068, 5244518.644392387],
            [-2755658.720004391, 5246744.231355654],
            [-2756027.333252557, 5247001.139144016],
            [-2756167.916202172, 5247282.944645742],
            [-2756180.245287645, 5247854.399862058],
            [-2755964.397590443, 5248186.946877971],
            [-2755634.740386141, 5248861.756331199],
            [-2755462.3024254446, 5249484.0141244605],
            [-2755362.0835149316, 5250369.241276755],
            [-2754614.4404031117, 5252186.480253119],
            [-2754548.0448412136, 5253194.59940846],
            [-2755001.8964174604, 5254682.147227207],
            [-2754877.683479295, 5255348.02121333],
            [-2754817.3099145517, 5256213.272168914],
            [-2754701.8202115344, 5257140.881968927],
            [-2754563.294708844, 5257820.251434277],
            [-2754443.12944256, 5258796.423161409],
            [-2753732.2970444113, 5264359.719840159],
            [-2753712.6780125676, 5264522.448100699],
            [-2753691.8635106552, 5264712.575104014],
            [-2753433.020401094, 5266843.403693908],
            [-2753173.9001942878, 5268996.18097546],
            [-2750305.1421561763, 5273837.334898111],
            [-2750269.0176375443, 5273907.129976525],
            [-2749900.7690002965, 5274524.044372013],
            [-2748711.518019477, 5276637.447692607],
            [-2747345.099850325, 5279072.469957661],
            [-2746922.438001409, 5279670.812193024],
            [-2746440.2344768574, 5280351.65570342],
            [-2746398.9277947336, 5280358.929742478],
            [-2745966.9030497484, 5280435.008517124],
            [-2745920.12253795, 5280448.9241877],
            [-2745967.959648484, 5280435.734503525],
            [-2746396.413988916, 5280362.4939976875],
            [-2745921.428525556, 5280448.592539435],
            [-2745801.016773335, 5281147.013904663],
            [-2745667.1684201574, 5281466.220612408],
            [-2745448.527479626, 5281687.830542313],
            [-2745149.7092018486, 5281779.274883294],
            [-2745024.1664400883, 5282177.916122909],
            [-2745133.596823924, 5282399.809369334],
            [-2745489.8466016976, 5282956.959709293],
            [-2746068.1994154556, 5283130.188047686],
            [-2746185.4629385225, 5282855.846138236],
            [-2746200.103046149, 5282623.527945363],
            [-2746390.7804249926, 5282441.87745975],
            [-2746695.838609252, 5282428.724537994],
            [-2747152.4375770306, 5282813.496888349],
            [-2747417.871341921, 5282707.50419493],
            [-2747670.8930238564, 5282960.367171913],
            [-2747484.1836053757, 5283122.780414281],
            [-2747752.389959994, 5283290.794668144],
            [-2747579.9824181055, 5283540.018065218],
            [-2747333.990106456, 5283557.457777551],
            [-2747126.768659645, 5283715.455478824],
            [-2747048.4235717156, 5283901.979299347],
            [-2747280.782356076, 5283854.085451598],
            [-2747738.0391646256, 5283728.3370026145],
            [-2747908.688484186, 5283822.431117512],
            [-2747768.016069827, 5283941.906425493],
            [-2747623.717101265, 5284153.137998901],
            [-2747376.510973965, 5283984.111416007],
            [-2747578.6997889415, 5284619.3388369735],
            [-2747717.234783351, 5285044.839911468],
            [-2747989.947351195, 5285265.041004031],
            [-2748378.394659214, 5285477.929070225],
            [-2748598.0826814645, 5285762.0046662185],
            [-2748833.3443893716, 5286017.1642397335],
            [-2749284.500680788, 5286286.612751678],
            [-2749325.7582342164, 5286521.448580315],
            [-2749676.756206822, 5286769.295527975],
            [-2749868.2610714147, 5287036.539184425],
            [-2750009.689034475, 5287292.984058898],
            [-2750297.981282345, 5287484.271533495],
            [-2750904.806708106, 5287464.518824549],
            [-2751196.474343549, 5287753.365350656],
            [-2751515.892785678, 5287886.809764802],
            [-2751841.62523566, 5288043.133956893],
            [-2752254.8785589323, 5288175.296868875],
            [-2752599.102012145, 5288228.0173866255],
            [-2752951.756880555, 5288205.522020447],
            [-2753108.2486963896, 5288335.673523435],
            [-2753059.0830074623, 5288577.856719543],
            [-2753421.8201270727, 5288816.450652305],
            [-2753539.23074414, 5289082.890807372],
            [-2753761.2379134665, 5289227.06141613],
            [-2753987.5018048803, 5289054.301072777],
            [-2753929.520660436, 5288835.492303481],
            [-2753840.1557569588, 5288476.988952865],
            [-2753931.743965703, 5288278.734737543],
            [-2753477.336233124, 5288338.063193951],
            [-2753430.089702662, 5287826.260577874],
            [-2753064.448622307, 5287951.816571778],
            [-2752473.1834205845, 5287719.046780723],
            [-2752255.106780951, 5287144.324578665],
            [-2752101.0832553743, 5286765.002300681],
            [-2751957.9347748244, 5285819.679711849],
            [-2751292.2693453273, 5285701.938251933],
            [-2750962.295083373, 5285454.310724726],
            [-2751105.3634104114, 5285119.401877447],
            [-2751731.5244135624, 5285340.528535839],
            [-2751880.900874895, 5285028.504462939],
            [-2752116.967668391, 5284347.926564491],
            [-2752799.9330724995, 5283494.871029705],
            [-2753243.855537238, 5283397.021797933],
            [-2753822.823097314, 5283532.678892239],
            [-2754411.4545229655, 5283788.7397641735],
            [-2754159.4119276134, 5284325.973239881],
            [-2754291.955894327, 5284806.349039381],
            [-2754722.4252576404, 5284886.868356654],
            [-2755020.569089601, 5284744.103581851],
            [-2755205.5197279947, 5285449.305072474],
            [-2755513.180179583, 5285528.889345983],
            [-2755735.0545549905, 5285404.640373768],
            [-2756170.719509844, 5285126.868992445],
            [-2756785.4606477483, 5285225.059805223],
            [-2757106.442665361, 5285514.595136695],
            [-2757201.528856057, 5285913.740743446],
            [-2757296.6237078914, 5286312.894389898],
            [-2757527.6957831876, 5286658.770892066],
            [-2757958.5381929474, 5286854.973569816],
            [-2757931.111554032, 5287083.132485829],
            [-2757645.1782226334, 5287193.572498942],
            [-2757428.670758426, 5287064.255721585],
            [-2757125.9924713653, 5286895.697768915],
            [-2756835.436566468, 5286771.062421523],
            [-2756515.9997899323, 5286851.449600462],
            [-2756426.6635853853, 5286600.273247492],
            [-2756709.753397773, 5286523.133496564],
            [-2756658.20239745, 5286347.294379057],
            [-2756083.5730296783, 5286285.304833691],
            [-2755856.068617406, 5286552.926603948],
            [-2755483.196846272, 5287112.7915737005],
            [-2755988.4112712773, 5287414.542443352],
            [-2755947.5642657774, 5287867.033345997],
            [-2756123.087318122, 5287629.486779672],
            [-2756449.453669906, 5287665.455385989],
            [-2756818.1110043176, 5287800.051176799],
            [-2757162.8053542743, 5287957.018232433],
            [-2757369.9514828096, 5288325.294785147],
            [-2757509.270429716, 5288775.339113539],
            [-2757813.838364313, 5288896.110212575],
            [-2757926.82416704, 5288486.714623003],
            [-2758092.661487964, 5288377.897513102],
            [-2758368.2400528546, 5288884.865656417],
            [-2758310.1628367933, 5288128.757152076],
            [-2758381.963660634, 5287714.306061023],
            [-2758171.2870578263, 5287079.8622652395],
            [-2758464.722845118, 5286778.28004231],
            [-2758680.3609113637, 5286576.958020835],
            [-2759040.0417435854, 5286351.638790531],
            [-2759478.655111008, 5286466.906470146],
            [-2759769.758725385, 5286811.953108215],
            [-2760212.4070538324, 5286941.858457922],
            [-2760714.5090642115, 5286850.528086904],
            [-2760981.2705558976, 5286903.925432689],
            [-2760915.5517729037, 5286432.668061952],
            [-2761086.569621268, 5286779.338158426],
            [-2761309.2573652165, 5286985.707985384],
            [-2761668.896671904, 5286760.3930644905],
            [-2762023.7752390653, 5287009.045005669],
            [-2762212.5474790586, 5287256.2853190685],
            [-2762442.730166953, 5287271.519279336],
            [-2762659.795451388, 5287621.239723178],
            [-2762819.3002052824, 5288144.4197627315],
            [-2762854.7086622086, 5288654.610615613],
            [-2763171.351117533, 5288819.291777555],
            [-2763592.49577582, 5289144.202028078],
            [-2763741.167418578, 5289355.265718262],
            [-2763697.920539842, 5289635.08764105],
            [-2763764.4806652, 5289821.55921107],
            [-2763899.162589935, 5290036.494362952],
            [-2764275.531088819, 5290090.134227697],
            [-2764143.659558145, 5290867.211228151],
            [-2763931.5225196076, 5290862.767333073],
            [-2763631.0413979646, 5290756.650089232],
            [-2763483.608002395, 5290986.482683827],
            [-2763472.422833097, 5291273.2452304475],
            [-2763515.368279016, 5291592.341959963],
            [-2763628.3056292944, 5291892.111254429],
            [-2763881.5419456987, 5292263.453348801],
            [-2764188.665220821, 5292665.114682356],
            [-2764723.1450979784, 5292960.385536004],
            [-2765372.8204654017, 5293080.816293966],
            [-2765733.9356592414, 5293551.691645634],
            [-2766342.206010086, 5293805.831262608],
            [-2767134.653501637, 5293915.249843038],
            [-2767783.555701648, 5293829.758280525],
            [-2768241.7412965666, 5293703.147973404],
            [-2768592.533003187, 5293512.398145949],
            [-2768865.538964605, 5293202.418679784],
            [-2769043.2029967722, 5292871.880306044],
            [-2769125.528580711, 5292520.78248314],
            [-2769112.510935822, 5292149.138412617],
            [-2769010.6671052235, 5291942.743554385],
            [-2768795.899223445, 5291814.466426985],
            [-2768379.3637808836, 5291929.537575396],
            [-2768087.794767189, 5292010.086524311],
            [-2767944.282330042, 5291815.199838698],
            [-2767693.403829405, 5291556.18147644],
            [-2767258.3190118144, 5291441.852656071],
            [-2767150.933673853, 5291377.700399067],
            [-2767513.7956950366, 5291230.571010214],
            [-2767751.6760539194, 5291117.955291642],
            [-2767947.9177715424, 5291016.842522034],
            [-2768245.0380538423, 5290794.068164831],
            [-2768762.4679282424, 5290557.351838851],
            [-2769071.6189145944, 5290378.168605363],
            [-2769768.616090556, 5290467.046688215],
            [-2770585.0025051334, 5290663.636672439],
            [-2771389.3328149244, 5290816.645853977],
            [-2771741.058954274, 5290953.976565923],
            [-2772115.8936530002, 5290850.435335622],
            [-2772383.36110083, 5290682.762648828],
            [-2772639.736383156, 5290799.525114176],
            [-2772818.3547813394, 5290797.086283826],
            [-2773038.632696485, 5290783.139544209],
            [-2773151.5354689634, 5290705.051948775],
            [-2773324.6190533033, 5290844.830997251],
            [-2773658.7465390344, 5291080.802868914],
            [-2773891.045268928, 5291110.433665015],
            [-2774052.090722478, 5291206.636857977],
            [-2774218.683970166, 5291160.615423965],
            [-2774338.069693642, 5291268.326477753],
            [-2774624.056761232, 5291330.012806392],
            [-2775029.4263346493, 5291499.40931594],
            [-2775440.3184977532, 5291526.597513239],
            [-2775958.563973495, 5291617.891865144],
            [-2776191.8313644547, 5291975.52383801],
            [-2776192.8219994097, 5292303.533813098],
            [-2776164.2175951307, 5292686.645720136],
            [-2776170.732255279, 5292872.441935605],
            [-2776296.661152418, 5293165.949131516],
            [-2776112.544330441, 5293310.640597398],
            [-2776047.832365985, 5293563.048421136],
            [-2776025.7789154467, 5294132.001974355],
            [-2775901.882757837, 5294494.582488252],
            [-2775592.846704251, 5294673.819724507],
            [-2775701.2515868787, 5295066.024287727],
            [-2775880.9015675224, 5295391.654125446],
            [-2776441.8731303522, 5295799.516395497],
            [-2776942.5927682556, 5295989.468997789],
            [-2777258.1659763437, 5295996.060473542],
            [-2777431.271246921, 5296135.84364756],
            [-2777378.6472233497, 5296431.865630548],
            [-2777028.0004741293, 5296622.6428990485],
            [-2776445.0549430572, 5296783.812156839],
            [-2775850.035826142, 5296901.402303963],
            [-2775421.5831334814, 5296972.94067951],
            [-2775439.1179444278, 5296874.264222141],
            [-2775545.4381848327, 5296610.296092022],
            [-2775514.788124372, 5296337.282408674],
            [-2775282.4745997647, 5296307.67046142],
            [-2774699.4900552533, 5296468.840016063],
            [-2774295.1202604617, 5296627.551952814],
            [-2773396.50430958, 5296782.157734742],
            [-2773022.7589805783, 5297213.909325188],
            [-2773184.9241470215, 5297638.275888071],
            [-2773465.458565938, 5297842.244314185],
            [-2773930.1061512786, 5297901.440979878],
            [-2774287.3503112826, 5297896.496244172],
            [-2774734.4474415933, 5298054.390663789],
            [-2774621.572469742, 5298132.516095203],
            [-2774479.1194320293, 5298265.758701143],
            [-2774211.72523569, 5298433.541674672],
            [-2773998.0311059128, 5298633.40494834],
            [-2773958.591738229, 5299301.252811859],
            [-2774329.010881869, 5299668.071326804],
            [-2774698.3120426373, 5299706.7088468205],
            [-2775132.2494508754, 5299492.841803171],
            [-2775297.702425623, 5299118.605243322],
            [-2775069.766292316, 5298618.562964189],
            [-2774890.0466704164, 5298292.8902751515],
            [-2774961.2823777692, 5298226.266288062],
            [-2775283.450927983, 5298418.704628042],
            [-2775761.2222596575, 5298849.644595784],
            [-2776036.2809576946, 5299195.8822821565],
            [-2776191.890882991, 5299434.388616091],
            [-2776371.615838282, 5299760.074094545],
            [-2776605.0466038594, 5300117.840018962],
            [-2777189.1073635984, 5300284.771309329],
            [-2777706.272825404, 5300047.846079993],
            [-2777854.171693833, 5299772.329427338],
            [-2777953.8459178777, 5299322.451268349],
            [-2777684.2749918606, 5298833.94618632],
            [-2777272.2808055426, 5298478.687008662],
            [-2776646.602769586, 5298323.268212967],
            [-2776419.785520699, 5298151.383546176],
            [-2776377.051605564, 5297834.774536573],
            [-2777031.225650654, 5297606.964711745],
            [-2777502.372275099, 5297852.020881435],
            [-2778133.5098301843, 5297865.170774459],
            [-2778484.135359478, 5297674.386159604],
            [-2778774.5009128707, 5297265.685730746],
            [-2779011.173249264, 5296824.941958615],
            [-2779277.462619368, 5296329.113007723],
            [-2779192.0745141106, 5295695.986594897],
            [-2778958.748051686, 5295338.313001256],
            [-2778511.743421108, 5295180.430706229],
            [-2777934.316700924, 5295199.319713613],
            [-2777832.448111788, 5294992.943216558],
            [-2777776.6937255743, 5294304.7607076885],
            [-2777918.134209881, 5293843.532775423],
            [-2778410.243485416, 5293191.618894094],
            [-2779294.649758996, 5292337.534191163],
            [-2779669.3866784894, 5292233.990251401],
            [-2779859.992140491, 5292275.124070957],
            [-2780156.9675034424, 5292052.380562518],
            [-2780602.912804313, 5291882.278434366],
            [-2780935.984691057, 5291790.251415905],
            [-2781406.9798934427, 5292035.260494698],
            [-2781788.2157366243, 5292117.501058366],
            [-2782162.8978032116, 5292013.972449472],
            [-2782459.8480185955, 5291791.245320237],
            [-2782502.475251037, 5292107.708501246],
            [-2782729.1984521085, 5292279.53624199],
            [-2782718.162177368, 5292563.951048468],
            [-2782944.885734763, 5292735.7697619805],
            [-2783093.853079741, 5292788.378515073],
            [-2783438.935837897, 5292739.928431492],
            [-2783344.66192093, 5293047.352421124],
            [-2783333.63841742, 5293331.776992658],
            [-2783715.8710896033, 5293742.005974856],
            [-2784173.7867724504, 5293615.4475557795],
            [-2784458.6559995706, 5293349.127315496],
            [-2784409.4672578727, 5292846.878839786],
            [-2784182.7522423374, 5292675.064086149],
            [-2783872.782224163, 5292526.255894339],
            [-2783687.6973272166, 5292342.925921701],
            [-2783192.6555236205, 5292010.796187529],
            [-2783210.2016793573, 5291912.155759209],
            [-2783298.9812330916, 5291746.950447987],
            [-2783560.8016733928, 5291721.503978151],
            [-2783846.692977716, 5291783.184167892],
            [-2784227.8751862915, 5291865.42847626],
            [-2784626.6082249773, 5291849.032060266],
            [-2785013.3004706376, 5291789.079363863],
            [-2785471.211083221, 5291662.555117605],
            [-2785660.7792274784, 5291375.7262753965],
            [-2785773.626189207, 5291297.667327174],
            [-2786310.255028418, 5291618.269086383],
            [-2786304.7359298863, 5291760.459847062],
            [-2786228.0077888095, 5291969.221983391],
            [-2786401.0338256443, 5292108.962232453],
            [-2786187.3897151016, 5292308.657883438],
            [-2785950.6997192698, 5292749.218615856],
            [-2785922.138254409, 5293132.2540409425],
            [-2786393.0928214993, 5293377.245981453],
            [-2786815.882234124, 5293447.977976026],
            [-2787017.466393131, 5293204.686096292],
            [-2787016.434731293, 5292876.730141704],
            [-2787003.3764007706, 5292505.19900894],
            [-2787038.4706957173, 5292307.946980307],
            [-2787377.996089658, 5292401.675887404],
            [-2787729.5505404514, 5292538.985214575],
            [-2788266.1728904136, 5292859.586495159],
            [-2788950.7034207867, 5292904.869610069],
            [-2789712.9472818496, 5293069.32952013],
            [-2789945.1336210067, 5293098.936198963],
            [-2790207.9281557146, 5293401.439282494],
            [-2790869.3832443333, 5293687.523856939],
            [-2791078.528020382, 5293957.963433791],
            [-2791407.031377709, 5294336.080642399],
            [-2791777.163452227, 5294702.707002805],
            [-2792140.7322790897, 5294883.567432539],
            [-2792261.174834325, 5295319.228909343],
            [-2792243.6545434003, 5295417.861572305],
            [-2792136.33759523, 5295353.7424369035],
            [-2791998.3610028983, 5295016.712612539],
            [-2791771.6735379174, 5294844.908814723],
            [-2791468.3173282444, 5294881.872012442],
            [-2791278.8361296942, 5295168.742355646],
            [-2791191.2007859442, 5295661.9370120065],
            [-2791746.4451984917, 5296211.903375893],
            [-2791805.5819810014, 5296101.756989415],
            [-2791990.6630089986, 5296285.0758855045],
            [-2792009.278691544, 5296514.425540439],
            [-2791861.4437218155, 5296789.818161929],
            [-2792507.5286891544, 5296789.0153623065],
            [-2793024.043499359, 5296530.7755888915],
            [-2793635.7934549088, 5297015.614292869],
            [-2794062.5157718137, 5297628.573128736],
            [-2793821.469783156, 5298360.749152648],
            [-2793782.3057838925, 5298416.742332057],
            [-2794432.7469049944, 5298834.30082859],
            [-2794785.8425847287, 5299313.775592459],
            [-2795296.20668243, 5300096.05867935],
            [-2795533.555631388, 5300953.912303025],
            [-2795544.365379537, 5301543.534824373],
            [-2795551.816679191, 5301949.40909088],
            [-2795580.0235315952, 5302980.713161829],
            [-2794941.037886139, 5304389.241413459],
            [-2794079.2257291847, 5304762.952032012],
            [-2793273.174146824, 5305454.010733768],
            [-2793307.8862618217, 5306188.708115652],
            [-2794080.6691487585, 5306590.694235285],
            [-2795042.8432863913, 5306747.736629361],
            [-2796567.4776277933, 5307210.9831594415],
            [-2797748.6594480556, 5307230.347360906],
            [-2798785.52991954, 5307790.139390196],
            [-2799679.3218107717, 5307966.067530366],
            [-2800470.722267476, 5308170.347256414],
            [-2801335.8432915374, 5308508.193918282],
            [-2801931.3005087436, 5308535.7438973],
            [-2802607.078234137, 5309118.524930414],
            [-2803624.0470443275, 5309606.786177166],
            [-2804670.7201542538, 5310202.313234003],
            [-2805628.2103155926, 5310476.030608145],
            [-2806462.5302591682, 5311630.934923526],
            [-2807432.203073518, 5312478.836669615],
            [-2808763.9962295396, 5313572.944191055],
            [-2809350.588584953, 5313833.920948336],
            [-2810079.15824214, 5314209.569143184],
            [-2811713.5634449366, 5315335.321636085],
            [-2813199.1988057387, 5315924.652151528],
            [-2814785.873979735, 5316216.355452188],
            [-2815923.5913319304, 5316478.500099981],
            [-2816757.49197795, 5316439.781178987],
            [-2817498.9889434245, 5316465.196537533],
            [-2818321.3543879353, 5316602.194019497],
            [-2818915.705346417, 5316880.987434652],
            [-2819673.1248518517, 5316646.264480415],
            [-2820144.8591856817, 5316737.2400448015],
            [-2820946.676425448, 5316662.724259202],
            [-2821767.512522411, 5316656.866883422],
            [-2822520.089655493, 5316743.8721902035],
            [-2823375.3946393915, 5316777.733972771],
            [-2824108.890106343, 5316796.087425908],
            [-2825026.8253465425, 5316886.499044939],
            [-2825642.8717631, 5317159.217252876],
            [-2826013.386147782, 5317647.911869338],
            [-2826389.4508679546, 5317987.203141036],
            [-2827058.2392787877, 5318195.99605048],
            [-2827434.3034117883, 5318535.288720561],
            [-2828124.8916659364, 5318738.026730932],
            [-2828562.8133115475, 5318961.571471778],
            [-2829160.31114017, 5319929.546674942],
            [-2829050.1415293175, 5320379.140273881],
            [-2830690.196942783, 5321228.526219301],
            [-2831428.882517951, 5321247.203447307],
            [-2831560.674721681, 5321785.155956364],
            [-2831234.90578306, 5322410.313033208],
            [-2831789.956686292, 5322971.132487233],
            [-2832541.3093040506, 5323477.461472491],
            [-2833551.777888712, 5323394.139657954],
            [-2834329.745994849, 5322894.717277263],
            [-2834601.5728571815, 5322584.477877362],
            [-2835070.327096381, 5322602.791045263],
            [-2835494.6419294346, 5322608.248787352],
            [-2836106.118316731, 5322611.047276069],
            [-2836677.5740196602, 5322723.5518383],
            [-2837699.449669563, 5322945.288986306],
            [-2837583.3579539265, 5323494.023884291],
            [-2837780.5971249244, 5323721.000366676],
            [-2838112.892710392, 5323628.738249361],
            [-2838516.9672256876, 5324357.468892494],
            [-2839103.958451967, 5323849.3625974795],
            [-2839410.9702832457, 5322986.615354957],
            [-2839902.5107148853, 5322662.341138476],
            [-2840968.6653878447, 5321990.780109532],
            [-2841056.9665317275, 5321825.425252272],
            [-2841133.171595932, 5321616.491512383],
            [-2841198.8952041, 5321692.1379860155],
            [-2841330.3700515656, 5321843.44758229],
            [-2841520.7000996913, 5321884.493828488],
            [-2841894.481777875, 5321780.737969624],
            [-2842012.2167331097, 5321560.268248287],
            [-2842110.989717089, 5321110.347048112],
            [-2842869.9061264675, 5321409.814620246],
            [-2843293.790025242, 5321150.208781878],
            [-2843887.412618567, 5320906.586325724],
            [-2844575.8490745104, 5320463.1751177525],
            [-2845009.4772154363, 5320336.915245193],
            [-2845648.439747244, 5320212.810551655],
            [-2846461.8737974507, 5319624.362629489],
            [-2846880.4319567014, 5319508.211687986],
            [-2847210.5251914244, 5319668.917231372],
            [-2847524.903632115, 5319881.291547073],
            [-2847777.2513544536, 5319653.569520136],
            [-2848229.3744722623, 5319875.021963186],
            [-2848589.2602308267, 5319601.690476301],
            [-2849251.852586578, 5319607.041801434],
            [-2850161.333398803, 5319906.553555958],
            [-2850760.3804133562, 5320386.827454437],
            [-2851138.659650977, 5320612.992428131],
            [-2851336.1437526476, 5320999.725674588],
            [-2851545.3846683386, 5320941.648720119],
            [-2851856.8813160756, 5320981.345996104],
            [-2852483.2739552185, 5321343.647208589],
            [-2852913.276269326, 5321539.683993366],
            [-2853339.8596198424, 5321452.811917597],
            [-2853622.795256829, 5321768.518006082],
            [-2853747.684533663, 5322001.94021264],
            [-2854067.2914272835, 5322070.918354066],
            [-2854426.9848454595, 5322176.0777112385],
            [-2854747.0695989816, 5322733.805750096],
            [-2855297.329254126, 5323038.389067961],
            [-2855679.65711708, 5323279.200305363],
            [-2855821.342304952, 5324059.981052339],
            [-2856315.2514069825, 5324269.815344285],
            [-2856943.376526546, 5324584.326550973],
            [-2857208.9008179833, 5324999.535926803],
            [-2857617.957846, 5325390.663138381],
            [-2858093.2590155452, 5325858.036591504],
            [-2858661.620064425, 5326279.682219385],
            [-2859668.1349106566, 5326845.177336626],
            [-2859805.471258956, 5326636.135739298],
            [-2860014.6017363886, 5326659.586188187],
            [-2859870.4772487227, 5326929.817552178],
            [-2859948.298018008, 5327049.049100626],
            [-2860504.1593819344, 5327505.959907438],
            [-2861008.4217704437, 5327646.592936938],
            [-2861919.801484305, 5328191.56143057],
            [-2861855.8833430447, 5328342.879071432],
            [-2862170.5307698036, 5328747.866588515],
            [-2862360.5954213957, 5329215.659995766],
            [-2862788.0961884903, 5329546.745270656],
            [-2863038.8858619696, 5329805.740793272],
            [-2863433.2411054205, 5330259.62588355],
            [-2863823.977672047, 5330057.133815779],
            [-2864187.1427581822, 5330237.949358276],
            [-2864117.5506249033, 5331215.768410577],
            [-2864364.9490277926, 5332003.425765629],
            [-2864502.5363072893, 5332498.3506416],
            [-2864493.5194072863, 5333642.578535767],
            [-2864949.8365483363, 5334207.827300802],
            [-2865468.4080970646, 5334836.920491813],
            [-2865507.232378282, 5335149.340557183],
            [-2865629.1543711983, 5335577.520478537],
            [-2866875.2369696232, 5336162.787477003],
            [-2867090.729367034, 5336557.4056410855],
            [-2867205.90218504, 5337040.549144127],
            [-2867557.993200905, 5337649.737668953],
            [-2867602.664415355, 5338293.964761819],
            [-2867818.970011225, 5339244.075142827],
            [-2867432.8926182864, 5339308.898085869],
            [-2867021.9556776527, 5338130.169054964],
            [-2867093.092052138, 5339536.995689972],
            [-2867062.1429342427, 5339909.3446785],
            [-2867325.7847515796, 5340442.219821513],
            [-2867483.7118368363, 5340802.442335011],
            [-2867566.005247799, 5340619.013612152],
            [-2867794.649441699, 5341119.27675759],
            [-2868413.1825777153, 5340826.673469654],
            [-2868704.2639846005, 5341336.024306517],
            [-2868740.790505918, 5341796.480941943],
            [-2869015.886426565, 5341813.201839373],
            [-2868932.678708391, 5342278.64107718],
            [-2869048.42479823, 5342418.211444096],
            [-2869249.4605372157, 5342726.0448754],
            [-2869256.870321621, 5343097.896049894],
            [-2869698.5045530302, 5343394.552198675],
            [-2869839.5354311764, 5343602.670504083],
            [-2870210.5034908825, 5343933.950100826],
            [-2870656.083607148, 5344153.498297651],
            [-2870612.617859182, 5344549.653193798],
            [-2870702.691757945, 5344821.443656721],
            [-2871036.603165502, 5345057.470560131],
            [-2871159.244853082, 5345408.131625505],
            [-2871304.114110376, 5345751.581086359],
            [-2871546.6195776914, 5346113.39750401],
            [-2871613.481446432, 5345778.172882869],
            [-2872015.555865334, 5345584.0469070645],
            [-2872233.5685568037, 5345745.689983394],
            [-2872274.1969571924, 5346512.6637973925],
            [-2872367.8065967956, 5346779.7222943725],
            [-2872110.4130966375, 5346826.660863976],
            [-2872100.3833277123, 5347111.510478711],
            [-2872332.6897055837, 5347154.551333001],
            [-2872679.614634581, 5347036.545090157],
            [-2872875.0276421406, 5347255.034749945],
            [-2873073.0554213882, 5347482.9063993385],
            [-2872917.1259618076, 5347647.648646296],
            [-2873044.1053185826, 5348137.933426865],
            [-2873150.026814639, 5348793.588357491],
            [-2873835.0792108267, 5349166.902463807],
            [-2874266.269533101, 5349751.995250851],
            [-2874519.4409923777, 5350339.692207854],
            [-2874817.310123705, 5350619.975205898],
            [-2874658.197490167, 5350791.892952875],
            [-2874682.067413123, 5351034.159491882],
            [-2874947.5818996965, 5350933.676205912],
            [-2874943.5045499923, 5350738.7192723965],
            [-2875173.768731734, 5350442.741172211],
            [-2875747.0244136034, 5350043.593225542],
            [-2875534.018093336, 5349895.18147722],
            [-2875808.6604260392, 5349713.01218452],
            [-2875728.697917631, 5349391.567915109],
            [-2875544.1936525335, 5349281.22819338],
            [-2875941.018399075, 5348877.489601001],
            [-2876285.265654559, 5349216.263595496],
            [-2876710.5298315836, 5349259.514250341],
            [-2876571.944527499, 5349706.410761116],
            [-2876508.0741015654, 5349912.388809931],
            [-2876689.6610912285, 5350016.327799267],
            [-2876683.5093277707, 5350239.63630138],
            [-2876714.7522898223, 5350481.607436143],
            [-2876606.0256662527, 5350681.352650151],
            [-2876635.767384405, 5350887.81122658],
            [-2876415.864617479, 5350443.58286832],
            [-2876230.750854748, 5350434.511198173],
            [-2875860.5199231445, 5350416.368093953],
            [-2875667.4199768803, 5350551.065818257],
            [-2875364.035056594, 5350726.32675578],
            [-2875214.0348644527, 5350889.745763813],
            [-2875047.4196699997, 5351360.841646551],
            [-2874883.8131276746, 5351978.898064139],
            [-2875141.660064369, 5352285.04622842],
            [-2875566.9531572475, 5352328.278652738],
            [-2876100.8567240946, 5352229.871589795],
            [-2876590.402616503, 5351931.761250768],
            [-2876778.5608835146, 5352672.401807579],
            [-2876902.432487064, 5353437.315369779],
            [-2877149.000985431, 5354142.241349369],
            [-2877524.221202416, 5354392.209382964],
            [-2877731.676135328, 5354710.796317944],
            [-2877863.8418049347, 5354913.7606669245],
            [-2878094.362732624, 5355522.152187895],
            [-2878624.4608725226, 5356374.243340655],
            [-2878468.149750866, 5356775.824113536],
            [-2878436.4384338683, 5357070.168671961],
            [-2878609.9361128355, 5357244.297958755],
            [-2878460.4158397424, 5357397.2712249635],
            [-2878555.0887606153, 5357977.773266203],
            [-2878955.704747162, 5358555.992549033],
            [-2879422.2890580697, 5359880.415979103],
            [-2879541.2601033095, 5360100.135669515],
            [-2879800.209925042, 5360442.666330161],
            [-2880176.7649764665, 5360849.91975618],
            [-2880440.067114813, 5361152.84140129],
            [-2880352.332679805, 5361317.506973463],
            [-2880441.799799637, 5361467.571792376],
            [-2880584.9110230487, 5361670.453702454],
            [-2880720.5107213873, 5361908.130725518],
            [-2880961.850793491, 5362091.373481599],
            [-2880782.503673398, 5362171.790033202],
            [-2880510.8811678807, 5362179.607615986],
            [-2880701.188681376, 5362396.853716103],
            [-2880876.783223121, 5362853.761071466],
            [-2880950.675846753, 5363187.289861001],
            [-2880850.4920591926, 5363447.996470609],
            [-2881027.681792113, 5363944.967303274],
            [-2881158.7328639603, 5364586.3946180595],
            [-2881234.2332318313, 5364787.952045204],
            [-2881301.344327795, 5365062.696147782],
            [-2881295.572463005, 5365489.365184716],
            [-2881442.196960064, 5365675.743476588],
            [-2881473.8566578925, 5365611.62645994],
            [-2881626.968900993, 5365437.300278171],
            [-2881771.167155405, 5365437.512960356],
            [-2881523.15433067, 5364859.074821421],
            [-2881413.607103938, 5364019.3644510275],
            [-2881718.221972255, 5364662.925226472],
            [-2881931.62043328, 5365220.6590403225],
            [-2882132.970922886, 5365528.762627244],
            [-2882298.666740478, 5365674.778361557],
            [-2882365.263065093, 5365878.832897594],
            [-2882368.4176226025, 5366130.97102558],
            [-2882448.64919459, 5366280.61846702],
            [-2882633.223976347, 5366391.003176222],
            [-2882736.5289524244, 5366554.45011581],
            [-2882704.5550598656, 5366715.198234998],
            [-2882767.4936961746, 5366940.530227492],
            [-2882974.6123082223, 5366994.013161284],
            [-2883036.715165521, 5367251.714727813],
            [-2883339.0829317635, 5367214.328968369],
            [-2883512.223724607, 5367354.2403680645],
            [-2883531.7561209565, 5367584.148804583],
            [-2883609.803778621, 5367703.562242234],
            [-2883677.4640587643, 5367781.394620858],
            [-2883741.4892275995, 5367855.045200349],
            [-2883790.286002505, 5368029.720442587],
            [-2883529.3786848946, 5368055.530632233],
            [-2883309.927398135, 5368069.7714268],
            [-2883185.5717059574, 5368104.511844144],
            [-2883241.7082678354, 5368465.420592504],
            [-2883136.906482856, 5368730.074331527],
            [-2882922.296994202, 5368601.73733227],
            [-2882861.296516194, 5368383.394444737],
            [-2882814.994205541, 5368537.556449292],
            [-2883036.953762942, 5368852.160759327],
            [-2883051.649686654, 5369224.668634262],
            [-2882902.892690872, 5369172.080560953],
            [-2882593.1718638446, 5369023.221086907],
            [-2882834.7051712763, 5369567.757448667],
            [-2882839.735968466, 5370225.473525226],
            [-2883381.3579388843, 5371204.102348129],
            [-2883871.6375912027, 5371679.183889533],
            [-2884354.8468322554, 5372768.38701672],
            [-2884742.6607869654, 5373036.686451355],
            [-2884859.948471701, 5373616.081098151],
            [-2885267.37880765, 5374114.363675139],
            [-2885689.241596286, 5374184.789142139],
            [-2885567.49463888, 5374548.478221924],
            [-2885806.560054522, 5374764.200189288],
            [-2886043.440747981, 5375451.501997461],
            [-2886160.8009859375, 5376030.961387131],
            [-2886573.079862151, 5376386.657315521],
            [-2886990.139389452, 5376599.705806899],
            [-2887112.3193216748, 5377036.5358307455],
            [-2887344.4936008174, 5377866.556531939],
            [-2887851.8911498087, 5378242.766184686],
            [-2888188.764338042, 5378808.018058248],
            [-2888423.0862501683, 5379166.416888584],
            [-2888906.047489414, 5379455.265130858],
            [-2889231.503268447, 5379879.448093921],
            [-2889775.773072335, 5380588.816179088],
            [-2888725.9963550493, 5379929.632004647],
            [-2888371.394356594, 5380259.566944024],
            [-2888408.2961692265, 5380701.583346382],
            [-2888547.7272157487, 5381182.095962664],
            [-2889396.718970535, 5381832.649322034],
            [-2890131.704836949, 5382195.837842566],
            [-2890298.6216282286, 5382834.666324758],
            [-2890666.3420365355, 5383184.040674071],
            [-2891039.6919097234, 5382768.58023064],
            [-2891008.516676446, 5383295.630494129],
            [-2891223.1705053034, 5383424.0139458645],
            [-2891289.071349788, 5383499.8029229455],
            [-2891401.1390673057, 5383421.316832119],
            [-2891598.833689694, 5383648.697662488],
            [-2891901.092891923, 5383611.192005453],
            [-2892252.2774211885, 5383748.50044016],
            [-2891920.8286117157, 5383841.292959412],
            [-2891804.0277292067, 5384062.461951728],
            [-2891967.808662747, 5384487.842816717],
            [-2892326.5125386934, 5384811.526893128],
            [-2892809.511149486, 5385100.422179671],
            [-2893185.173868286, 5385325.102449812],
            [-2893519.4029033887, 5385561.385493559],
            [-2893960.961047295, 5385861.87526789],
            [-2894612.4690876156, 5386433.469797854],
            [-2894639.7734802305, 5386849.985647353],
            [-2894730.1505581955, 5387013.185825295],
            [-2894576.6941158148, 5387103.300967737],
            [-2894628.484914472, 5387607.239822521],
            [-2895048.4273133534, 5388149.471196197],
            [-2895450.4384200154, 5387989.733557425],
            [-2895431.652485272, 5388560.607185778],
            [-2895810.196870473, 5389114.459055662],
            [-2896020.183406542, 5389385.592939388],
            [-2896418.5437090765, 5390169.608953541],
            [-2896314.0986940777, 5390434.574151012],
            [-2896419.6647786032, 5390970.696398356],
            [-2896557.3146621278, 5391780.71733592],
            [-2896856.019202548, 5392687.085567202],
            [-2897228.0202826755, 5394135.903475708],
            [-2897444.277412206, 5394785.47130935],
            [-2897861.6466711466, 5395093.887801517],
            [-2898192.1625914704, 5394970.795843652],
            [-2898051.5875827163, 5395223.148697483],
            [-2897806.086266483, 5395438.51878311],
            [-2898156.68820575, 5395807.792649207],
            [-2897924.7680364237, 5395867.123421538],
            [-2897885.0944336676, 5396273.733901213],
            [-2898078.3251433996, 5396483.206604959],
            [-2898189.8530510077, 5396755.291547531],
            [-2898197.623072974, 5396977.086011336],
            [-2898215.0391792576, 5397347.433530047],
            [-2898166.487250177, 5397611.096919958],
            [-2898157.931892012, 5397657.559678595],
            [-2897871.95885031, 5397768.19842617],
            [-2897593.934663182, 5397633.202031175],
            [-2897300.480306566, 5397066.441446561],
            [-2897440.134100993, 5396785.148307141],
            [-2897382.6333271414, 5395840.210121394],
            [-2897101.9856902175, 5395635.954353996],
            [-2896899.2629062664, 5395965.848526317],
            [-2896843.406634632, 5396477.132491997],
            [-2896616.0025573373, 5397111.363861815],
            [-2896493.2552776365, 5397637.039270763],
            [-2896499.8844493, 5398142.293592738],
            [-2896668.9065227206, 5398316.747963538],
            [-2896826.873385521, 5398637.28981182],
            [-2896813.397002386, 5398868.705038382],
            [-2896870.4146047696, 5398339.459948123],
            [-2897164.60306906, 5399334.611901655],
            [-2896875.6491500614, 5399726.713695142],
            [-2896958.421393828, 5400311.729006249],
            [-2897922.156200127, 5402858.889330327],
            [-2897940.6645794907, 5403561.465452006],
            [-2898249.09099854, 5404182.684444653],
            [-2898259.9389563794, 5404698.712112651],
            [-2898290.8116939706, 5405445.104495316],
            [-2898608.411175731, 5405780.64575994],
            [-2898743.5359233157, 5406261.83127312],
            [-2898800.4020753885, 5406623.421213726],
            [-2898940.102201402, 5406961.755995904],
            [-2899229.9738584002, 5406880.345302502],
            [-2899545.7787370747, 5406414.09350135],
            [-2899441.576280958, 5406679.3412352605],
            [-2899320.5253646215, 5407043.717084095],
            [-2899371.5225132005, 5408020.56398522],
            [-2899083.1779382583, 5408893.222600372],
            [-2899135.192619231, 5409386.126721074],
            [-2899255.391093881, 5409677.176584175],
            [-2899373.6467196913, 5410029.682907609],
            [-2899421.8014847515, 5410645.526516299],
            [-2899576.3903457075, 5411058.907019259],
            [-2900003.612550331, 5411383.431576592],
            [-2899870.367392176, 5411704.152691904],
            [-2899699.325202662, 5412009.108820937],
            [-2899778.3967245147, 5412392.987391011],
            [-2900062.4578401376, 5412487.843826111],
            [-2900083.9517062106, 5412305.130611469],
            [-2900062.9593207184, 5411764.779412569],
            [-2900299.9059697306, 5411992.601679177],
            [-2900422.708545887, 5411643.3726470955],
            [-2900367.71992442, 5411242.599776727],
            [-2900632.1759309596, 5411158.131735906],
            [-2900861.6116127856, 5411530.179187735],
            [-2900746.0384659516, 5411836.762228162],
            [-2900592.0396818975, 5411869.890104912],
            [-2900654.6153993085, 5412428.028936612],
            [-2900866.447461151, 5412401.906364146],
            [-2900955.1074946607, 5412546.551003103],
            [-2901222.0419307807, 5412505.011665658],
            [-2901276.3495322424, 5412834.936696237],
            [-2901174.992313072, 5413157.860318481],
            [-2901113.317547982, 5413621.937892618],
            [-2901287.2492482984, 5413796.418892378],
            [-2901561.7568290513, 5413952.7804393],
            [-2901839.6133655477, 5414220.271268504],
            [-2901699.5724284956, 5414340.49113177],
            [-2901807.5788425654, 5414553.819443178],
            [-2902058.528840345, 5414523.882042566],
            [-2902754.2744001304, 5415221.8291526195],
            [-2903521.723520459, 5416072.261429553],
            [-2903618.203451993, 5415902.965397476],
            [-2903839.540136282, 5415853.112737458],
            [-2903975.948624836, 5416218.711988298],
            [-2904437.32499278, 5416214.991959869],
            [-2904605.3102688394, 5416407.304585593],
            [-2904365.1964939907, 5416503.603719593],
            [-2904241.7997265426, 5416674.203188612],
            [-2904665.052354619, 5417028.242996475],
            [-2904776.8410314363, 5417185.287263948],
            [-2904954.5327902087, 5417401.792020836],
            [-2905198.2636055374, 5417372.240255791],
            [-2905349.5753920344, 5417596.565139936],
            [-2905500.5195270837, 5417950.814157198],
            [-2905568.9168166933, 5418099.946463096],
            [-2905590.7941216216, 5418243.289387541],
            [-2905717.371848149, 5418409.182542798],
            [-2905986.6611738014, 5418765.325753969],
            [-2906160.37195564, 5418965.028958174],
            [-2906314.419833365, 5419203.904293956],
            [-2906374.2627857383, 5419603.064161503],
            [-2906698.482043369, 5419700.014067438],
            [-2906871.070536705, 5419800.690147131],
            [-2907000.2467996776, 5419822.852133348],
            [-2906877.3349634977, 5419538.910625288],
            [-2906825.4153721244, 5419332.506192886],
            [-2906889.4429434203, 5419210.490324401],
            [-2907086.829349626, 5419278.466189877],
            [-2907161.2968001976, 5419373.1016672915],
            [-2907272.0667831847, 5419434.3625981],
            [-2907475.9452767842, 5419656.5191502385],
            [-2907616.652806431, 5419610.433518954],
            [-2907429.6225140765, 5419754.056231031],
            [-2907316.029531206, 5419896.521835052],
            [-2907262.3168429793, 5419989.639652899],
            [-2907075.286850332, 5420133.268351098],
            [-2907333.453500087, 5420483.000195421],
            [-2907415.658284832, 5420687.575192642],
            [-2907586.3224595087, 5421010.106747119],
            [-2907655.2114520455, 5421276.768564767],
            [-2907779.4312958377, 5421344.55616689],
            [-2907825.2748181117, 5421618.983916157],
            [-2907968.5275022318, 5421720.804903313],
            [-2908288.268675673, 5421800.753815287],
            [-2908467.3926714207, 5421833.240810614],
            [-2908657.8849399453, 5422056.259953835],
            [-2908746.238228526, 5422159.699598755],
            [-2908993.8496083925, 5422449.590481943],
            [-2909079.7085913285, 5422786.481616069],
            [-2909330.303474573, 5422963.536504203],
            [-2909544.4463323867, 5423448.084103526],
            [-2909729.541757651, 5424310.3461832935],
            [-2909921.887262697, 5424652.4392942805],
            [-2910079.027928352, 5424801.243938622],
            [-2910153.255018411, 5424587.304529825],
            [-2910312.1302255425, 5424550.091206846],
            [-2910547.1047371905, 5424495.053573442],
            [-2910779.5938542043, 5424014.754657018],
            [-2911004.3141545937, 5424164.846832752],
            [-2910986.876450178, 5424336.535579304],
            [-2911159.3535765978, 5424476.791083573],
            [-2911152.7175704488, 5424692.016387239],
            [-2910988.948090223, 5424758.4410689],
            [-2910786.371930379, 5424652.9104158925],
            [-2910445.263033625, 5424714.482318996],
            [-2910254.396903726, 5424949.474039819],
            [-2910277.156282153, 5425141.151733179],
            [-2910316.883334862, 5425475.694108075],
            [-2910661.4199196356, 5425786.551540861],
            [-2910795.692589882, 5426111.299177298],
            [-2910863.242439326, 5426046.960529908],
            [-2911033.8107908247, 5426044.250903728],
            [-2911362.314136155, 5426450.2777900975],
            [-2911500.4733597385, 5426460.954843363],
            [-2911536.306450472, 5426463.724130977],
            [-2911625.683285921, 5426712.911645411],
            [-2911694.885994982, 5426931.564948432],
            [-2911799.908105195, 5427263.382550893],
            [-2911576.098824282, 5427603.252242113],
            [-2911565.9576629344, 5427933.906656013],
            [-2911446.90401514, 5427967.43787492],
            [-2911267.926766239, 5428244.483046145],
            [-2911037.438802466, 5428490.7185293855],
            [-2910917.6037482964, 5428977.757246432],
            [-2910840.676591539, 5429193.890837722],
            [-2910624.3104287297, 5429261.179596459],
            [-2910516.159128299, 5429220.705252105],
            [-2910669.4779134677, 5428841.921259893],
            [-2910583.8352311007, 5428469.685099831],
            [-2910579.860528668, 5428200.629563318],
            [-2910542.947625926, 5428102.803965357],
            [-2910573.569515874, 5427961.966517164],
            [-2910560.1049343958, 5427660.902952121],
            [-2910644.7058693133, 5427612.101204072],
            [-2910632.976792814, 5427444.744478303],
            [-2910516.99502641, 5427573.161182245],
            [-2910426.336231394, 5427702.740139733],
            [-2910451.8427520255, 5427952.595285301],
            [-2910461.9923135582, 5428150.5815302385],
            [-2910454.489061821, 5428277.57491565],
            [-2910398.643891794, 5428402.919128291],
            [-2910340.0626047985, 5428513.779127644],
            [-2910206.083343996, 5428680.5649984125],
            [-2910137.394358214, 5428799.822083589],
            [-2910088.394838891, 5429075.35447828],
            [-2910000.6243808367, 5429372.057326781],
            [-2910055.641365592, 5429761.22582424],
            [-2909823.80093139, 5430107.97027426],
            [-2909884.517623197, 5430376.738319894],
            [-2910068.9016906973, 5430658.313889271],
            [-2909889.1261060345, 5430978.972440057],
            [-2909898.3893045955, 5431278.1387212435],
            [-2909902.047657344, 5431610.658166885],
            [-2910036.7685101405, 5431874.669555826],
            [-2910119.5223775483, 5432901.51863764],
            [-2910463.73857594, 5433623.588254884],
            [-2910666.9570274297, 5434261.321905862],
            [-2910781.0368133006, 5434998.683570332],
            [-2911090.9653628627, 5435432.613192932],
            [-2911229.3996000527, 5435840.4308757875],
            [-2911198.2915570126, 5436395.371481486],
            [-2911605.8400105247, 5436925.941706279],
            [-2911885.041010687, 5437666.520033665],
            [-2912144.522937225, 5438586.503035361],
            [-2912608.265347939, 5439399.255482153],
            [-2912948.4282429274, 5440000.601280418],
            [-2913167.391735124, 5440383.794743313],
            [-2912699.0635954747, 5440666.482422849],
            [-2913058.3048172495, 5441030.756716287],
            [-2913427.3139972715, 5441819.133068525],
            [-2914064.3190575414, 5442648.332881104],
            [-2914541.1817556806, 5444337.793428632],
            [-2914897.302819781, 5444431.323811123],
            [-2914935.0457239235, 5443916.122594085],
            [-2915362.844372442, 5443484.893002922],
            [-2915619.9963971074, 5444266.127410559],
            [-2915666.9368319684, 5444951.493228264],
            [-2915411.890519631, 5445693.604046396],
            [-2914900.169935464, 5445090.336014336],
            [-2914970.637317543, 5446118.4583580075],
            [-2915329.1835270473, 5447647.609574469],
            [-2915579.8236286677, 5448275.617050092],
            [-2915779.482643252, 5449112.173177686],
            [-2916474.2788777337, 5450274.8251042515],
            [-2917160.7978334725, 5450956.838321136],
            [-2917642.54142763, 5451417.149238022],
            [-2917464.3408452594, 5451865.136101543],
            [-2917971.942125488, 5452914.647988044],
            [-2918268.9993231236, 5454048.592147824],
            [-2918507.8130246014, 5453981.088049088],
            [-2918505.7665944505, 5453559.121666242],
            [-2918753.203286739, 5453688.026175412],
            [-2918805.048989425, 5454617.905507719],
            [-2918982.985269366, 5454915.606005058],
            [-2918954.6599425976, 5455395.915068603],
            [-2918859.035276997, 5455969.848686705],
            [-2919267.030781768, 5456749.452139359],
            [-2919588.2705271486, 5457056.389713032],
            [-2919108.4421448167, 5458012.540730947],
            [-2918926.8720956217, 5458538.544986027],
            [-2918863.107033702, 5459300.296055654],
            [-2918648.2045714282, 5459783.816113375],
            [-2918854.4654941685, 5460347.14620133],
            [-2919523.1409351765, 5461053.216390689],
            [-2920000.7891065916, 5461664.141685013],
            [-2920131.106426378, 5462124.6677522445],
            [-2920745.484794449, 5462473.090131127],
            [-2921042.947517804, 5462861.4600808835],
            [-2921403.502702067, 5463804.049307059],
            [-2921563.8575696624, 5464087.061364436],
            [-2921681.1316121714, 5464284.620902526],
            [-2921689.571414399, 5464632.46065286],
            [-2921607.7542078895, 5465085.461678779],
            [-2921370.291849209, 5465359.65425566],
            [-2921149.465866421, 5465533.618726358],
            [-2920833.9450140437, 5465731.816237206],
            [-2920420.6331775486, 5465301.141305645],
            [-2920203.6683608205, 5465611.335286678],
            [-2919504.5262522134, 5465896.374823273],
            [-2919133.4756800495, 5465640.68510713],
            [-2918064.68784217, 5466274.790339281],
            [-2918007.172117791, 5466631.32917384],
            [-2918448.2630259492, 5467526.527645607],
            [-2918878.2289166, 5467802.862224045],
            [-2919069.8239374496, 5468893.204670125],
            [-2919066.1413988033, 5470038.952876206],
            [-2919262.797757759, 5471974.251328365],
            [-2919537.431696357, 5473439.649120648],
            [-2919852.4291535025, 5473723.74879727],
            [-2919915.842173941, 5474278.314136138],
            [-2920463.9233890907, 5475467.240478398],
            [-2920932.9561230377, 5475633.005166331],
            [-2921135.2679540915, 5476098.459602124],
            [-2921976.278425578, 5477079.941032099],
            [-2922456.792633596, 5477864.9144492755],
            [-2923756.1710830126, 5479139.769300555],
            [-2924159.1275140014, 5479273.495088966],
            [-2923810.8385479855, 5479497.781273922],
            [-2924484.6248473604, 5480302.725141249],
            [-2924591.6286605927, 5480845.1428617],
            [-2924733.738315298, 5481676.479738683],
            [-2925062.2142328066, 5482255.724535601],
            [-2925913.7996612317, 5482860.878166354],
            [-2926580.1363347527, 5482895.933901183],
            [-2927050.157271267, 5483808.64876552],
            [-2927474.0583269354, 5484311.042767938],
            [-2927637.6488613705, 5484887.34274268],
            [-2928258.142700921, 5484761.022099228],
            [-2928467.205184006, 5485188.564349913],
            [-2928370.892382183, 5485393.893603434],
            [-2928312.6730663683, 5485696.12023244],
            [-2928422.4351872485, 5485981.273419052],
            [-2928712.5840689857, 5486225.41907877],
            [-2928883.736041915, 5486638.886589518],
            [-2928768.517088306, 5486760.562809366],
            [-2928915.835379005, 5487177.9344428],
            [-2928872.2218106706, 5487700.56318414],
            [-2928851.5907062874, 5488135.042902321],
            [-2929011.016007781, 5488545.847227319],
            [-2929090.691281991, 5488631.128934156],
            [-2929025.0244974536, 5488650.555719644],
            [-2929080.77951078, 5488680.703202631],
            [-2929151.096119336, 5488928.272641004],
            [-2929210.9734327886, 5489028.316203913],
            [-2929242.222227559, 5489207.559287433],
            [-2929315.4877031096, 5489257.81642817],
            [-2929367.5333996434, 5489247.21358202],
            [-2929411.4144966723, 5489360.163400187],
            [-2929512.421913559, 5489452.70656461],
            [-2929563.0257116267, 5489450.8739196],
            [-2929609.7190752784, 5489504.498702661],
            [-2929721.98606756, 5489581.302310481],
            [-2929750.2855949397, 5489736.3051994005],
            [-2929807.896468048, 5489786.829318319],
            [-2929935.78230213, 5489863.62676919],
            [-2929922.0916043874, 5489925.795173298],
            [-2929990.204970983, 5489944.071822676],
            [-2929987.052990129, 5490016.038087501],
            [-2929970.3901909147, 5490085.229263064],
            [-2930034.3076803708, 5490182.383074615],
            [-2930012.8237905973, 5490267.778388606],
            [-2930030.8111585635, 5490315.133258952],
            [-2930011.2506483668, 5490495.817760623],
            [-2930129.7729163067, 5490585.712315926],
            [-2930134.709334748, 5490233.446345306],
            [-2930440.0969890472, 5490146.692182366],
            [-2930508.4767656117, 5490334.591305462],
            [-2930417.9643697357, 5490620.6892741835],
            [-2930012.612109101, 5490836.53844396],
            [-2930027.594540996, 5491260.9949462805],
            [-2930123.18845714, 5491529.857746313],
            [-2930215.915504846, 5491687.252093113],
            [-2930375.365609875, 5491876.728785748],
            [-2930612.464096014, 5492238.098544703],
            [-2930741.943304229, 5492558.598057415],
            [-2930750.573848963, 5492893.02993273],
            [-2930837.112036261, 5493062.403983259],
            [-2930977.1475018114, 5493318.665691709],
            [-2931151.299924405, 5493289.58912767],
            [-2931177.3651793934, 5492975.9159180885],
            [-2931314.5738677895, 5492681.708607045],
            [-2931509.1758369952, 5492657.032970939],
            [-2931412.039424256, 5492990.893913881],
            [-2931419.1231073095, 5493225.918930475],
            [-2931329.3347476562, 5493384.823684156],
            [-2931086.6497175763, 5493583.608974294],
            [-2931570.7904757056, 5494020.281349329],
            [-2931806.7128010327, 5494639.185573567],
            [-2931739.9363700147, 5493876.492601204],
            [-2931965.260210325, 5494098.591570012],
            [-2932408.071386606, 5496315.888479218],
            [-2932534.6852077185, 5496678.764554065],
            [-2932894.88969624, 5497698.230988092],
            [-2932920.765487495, 5498613.381066298],
            [-2933358.123633212, 5499162.2040871205],
            [-2933177.2211503736, 5499762.230370364],
            [-2933605.4772486617, 5500114.188353676],
            [-2933886.289851984, 5501430.784597549],
            [-2934199.0857720072, 5502049.052324497],
            [-2934310.871701678, 5502336.4718186585],
            [-2934528.2010984155, 5502625.7859235145],
            [-2934868.366695291, 5502608.795245721],
            [-2935355.205334589, 5502949.111277043],
            [-2935441.532592984, 5503261.792416625],
            [-2935234.4430615352, 5503526.199225891],
            [-2935223.9015658475, 5503752.679709533],
            [-2935395.4170396444, 5504039.090235047],
            [-2935436.994078719, 5504554.055588332],
            [-2935817.062165862, 5504940.756889816],
            [-2935948.6455029403, 5505350.306182061],
            [-2936082.3449078836, 5505503.823105476],
            [-2936157.1146978117, 5505235.300951186],
            [-2936374.567345716, 5505213.095283679],
            [-2936474.776831879, 5505566.453330704],
            [-2936237.0663808975, 5505731.181764402],
            [-2936477.9814482187, 5505997.865529593],
            [-2936567.5376494937, 5505732.891840452],
            [-2937063.2371737543, 5505735.459075386],
            [-2936864.869315141, 5506036.454256295],
            [-2936550.7200991903, 5506200.673512582],
            [-2936834.948125995, 5506566.792398795],
            [-2936971.5996791557, 5506783.341761417],
            [-2937360.504821715, 5506832.272066306],
            [-2937595.963486908, 5507132.453615247],
            [-2937876.818698107, 5507276.013618049],
            [-2938107.2542327186, 5507769.233509886],
            [-2938340.211853364, 5508165.944428892],
            [-2938320.507678723, 5508570.747987401],
            [-2938724.1637661243, 5508934.83028061],
            [-2939086.203437126, 5509310.770172354],
            [-2939514.199566853, 5509444.366346523],
            [-2939603.7984295585, 5509706.284166818],
            [-2939542.513981887, 5510122.970127455],
            [-2940117.6437561973, 5510246.594369333],
            [-2940153.939662098, 5510795.196340676],
            [-2940831.302859449, 5511225.068324459],
            [-2941302.461542046, 5511556.539113416],
            [-2941605.9775251, 5511883.416169419],
            [-2941971.3138973103, 5511785.871023307],
            [-2942175.844864071, 5511859.657963798],
            [-2942412.1517087934, 5512150.079519159],
            [-2942627.2181474916, 5512467.000205375],
            [-2942574.085180749, 5512819.459445236],
            [-2942530.319922118, 5513036.371064478],
            [-2942522.064592396, 5513243.167794274],
            [-2942875.688727074, 5513541.06958152],
            [-2943321.251670681, 5513690.102862833],
            [-2943702.9386763857, 5513581.332961522],
            [-2943959.078883114, 5513671.898272235],
            [-2944167.34858758, 5513796.549867495],
            [-2944282.0992686963, 5514131.858840114],
            [-2944417.302622726, 5514471.568795738],
            [-2944493.54645448, 5514705.41295006],
            [-2944602.9231989137, 5515021.826163638],
            [-2944895.2109629605, 5515306.556893255],
            [-2945018.863047876, 5515639.359184315],
            [-2944853.246124643, 5515799.029417484],
            [-2944980.435983442, 5516231.423675093],
            [-2945138.026654835, 5516467.083848363],
            [-2945158.9363417355, 5516611.232598397],
            [-2945211.4337130026, 5516954.501072034],
            [-2945094.4779990395, 5517049.193478661],
            [-2944879.7746365424, 5517406.930509343],
            [-2944598.4551302604, 5517497.366021533],
            [-2944429.1481571887, 5517341.135787389],
            [-2944107.715177605, 5517391.882398553],
            [-2943832.683727008, 5517235.1202149065],
            [-2943678.0967068565, 5516962.217909747],
            [-2943402.294515811, 5517017.922554774],
            [-2943118.791405652, 5517356.864924998],
            [-2942860.844327323, 5517451.503372667],
            [-2942895.0763360253, 5517729.338250981],
            [-2942548.3535907497, 5517828.205219081],
            [-2942485.50945627, 5518133.731906483],
            [-2942724.6754871253, 5518226.312448906],
            [-2942723.5915253665, 5518551.186125723],
            [-2942373.556209137, 5519108.416618858],
            [-2942766.094255363, 5519012.443755085],
            [-2942906.0557247973, 5519273.139779786],
            [-2943187.5428756783, 5519767.1306185415],
            [-2943267.4353402704, 5520293.669043854],
            [-2943762.858730396, 5520551.868764806],
            [-2944113.0773269944, 5520837.49300409],
            [-2943865.430420564, 5521245.510784352],
            [-2943656.0992530705, 5521656.087341541],
            [-2943799.2563747023, 5522056.64021654],
            [-2943603.1311475895, 5522620.183231292],
            [-2943980.979876517, 5522658.146099179],
            [-2944640.202968482, 5523221.512378008],
            [-2944590.5979064573, 5523721.11959483],
            [-2944509.1019701553, 5524234.805505126],
            [-2944115.962490108, 5524676.521172531],
            [-2943788.349622183, 5524831.071577111],
            [-2943783.688444238, 5525141.236828125],
            [-2944143.5393889067, 5525088.477181069],
            [-2945591.378594751, 5524825.08604341],
            [-2946596.7777983802, 5524812.815989177],
            [-2946753.6962198312, 5525367.543871678],
            [-2947370.008232824, 5525998.764239],
            [-2947400.476202422, 5526670.83700709],
            [-2947780.506566891, 5527283.600588711],
            [-2947503.872462943, 5527890.199922912],
            [-2947135.870764113, 5528682.069438415],
            [-2947253.2748709945, 5529113.005155706],
            [-2946733.1239259257, 5529549.392035851],
            [-2946248.594847359, 5530215.504911657],
            [-2945784.0108627193, 5531003.910828693],
            [-2945302.979937475, 5531157.32601201],
            [-2944567.6126417164, 5531575.338094115],
            [-2944018.314464366, 5531332.42330991],
            [-2943154.976066259, 5531355.165145427],
            [-2942739.4382730313, 5530898.096221671],
            [-2942120.6867773854, 5530307.167585564],
            [-2941787.803903088, 5530034.416086091],
            [-2941483.776877797, 5529337.615624383],
            [-2941661.5860324223, 5529014.962029083],
            [-2941603.0348967225, 5528599.909486822],
            [-2941815.1374540743, 5527451.970345174],
            [-2942032.2377947867, 5526788.048055414],
            [-2941646.2634355747, 5526492.857831709],
            [-2941371.318313834, 5525739.957047734],
            [-2941206.732998999, 5525163.422820159],
            [-2940355.9562324793, 5525230.42804282],
            [-2939610.6945575583, 5524931.570882277],
            [-2939698.7052048296, 5525450.03351414],
            [-2940043.5992449936, 5525975.117728433],
            [-2940030.9483340075, 5526666.26226158],
            [-2939732.5979375932, 5527042.016354256],
            [-2939239.243443022, 5526940.294906307],
            [-2939034.8453446915, 5527222.526529324],
            [-2938505.401248343, 5527101.874849002],
            [-2938384.1733039375, 5526624.801880022],
            [-2938181.5523982407, 5526282.91068686],
            [-2937958.4337928165, 5526026.825011266],
            [-2938092.305319976, 5525812.721101013],
            [-2938431.198871526, 5525843.877265137],
            [-2938671.196527005, 5525791.345754575],
            [-2938478.242815435, 5525430.726593486],
            [-2938229.204121293, 5525293.973640978],
            [-2938501.777882926, 5525040.288977554],
            [-2938342.413386859, 5524867.878942944],
            [-2937977.3338918, 5524987.658465998],
            [-2937847.417267119, 5524919.966360276],
            [-2937778.334441856, 5524752.339655999],
            [-2937607.841223174, 5524726.410069488],
            [-2937140.98509562, 5525049.59922126],
            [-2937176.793162899, 5525196.550546689],
            [-2937596.031674013, 5525282.873526317],
            [-2937675.875662984, 5525692.310449993],
            [-2937193.1896477076, 5525973.494447366],
            [-2936645.022607116, 5526050.059890846],
            [-2936626.934703862, 5525671.472936989],
            [-2936333.8512066803, 5525643.2252622],
            [-2936099.6803561184, 5525268.862173306],
            [-2935791.0935268747, 5525686.262623001],
            [-2934975.7284585964, 5525983.028925625],
            [-2934603.026820814, 5525465.831708984],
            [-2934478.8146412577, 5524925.673215823],
            [-2934145.921591687, 5524652.9613716835],
            [-2934260.5262590395, 5524476.344945848],
            [-2934650.1430888986, 5524317.155731458],
            [-2934518.1100726044, 5523907.177622539],
            [-2934375.2764987783, 5523196.535121123],
            [-2933735.42986379, 5522899.547247976],
            [-2933543.7168764677, 5522490.648557354],
            [-2933095.646813506, 5521987.019340424],
            [-2932610.922984289, 5521430.009702357],
            [-2931513.562313551, 5520636.616571038],
            [-2931244.95536509, 5520796.725331576],
            [-2930261.3249203726, 5520294.120794608],
            [-2929518.4501239965, 5519531.016685145],
            [-2928860.459170017, 5519223.229786092],
            [-2929680.878529789, 5519101.066675269],
            [-2928913.119908603, 5518776.648160621],
            [-2929127.2159592654, 5518708.581653281],
            [-2929556.9934315844, 5518735.8249737155],
            [-2930979.11645059, 5518954.485403937],
            [-2932783.5007874565, 5519938.165864444],
            [-2933510.9660740546, 5520105.238949004],
            [-2934535.8168133767, 5521561.106599658],
            [-2935552.3674471374, 5522494.900925345],
            [-2935752.2507870067, 5521963.290583924],
            [-2936188.5190290203, 5522013.633905378],
            [-2937300.325722074, 5522295.804977544],
            [-2935823.132980951, 5521143.834103856],
            [-2935586.3177757775, 5520501.122964806],
            [-2935551.4834422655, 5520063.533421543],
            [-2935070.8478116854, 5520008.855705515],
            [-2934820.7296145246, 5519552.778705346],
            [-2934460.1793642673, 5519288.035412445],
            [-2934161.250203161, 5518765.988613741],
            [-2933883.2510260087, 5518685.466917597],
            [-2933660.903444678, 5518221.498401323],
            [-2933173.9226957727, 5517958.657048287],
            [-2932759.1053206, 5517216.212538487],
            [-2932299.1725039724, 5516708.171506184],
            [-2931942.964719697, 5516474.483810535],
            [-2931731.9487953773, 5516086.920878819],
            [-2931277.26328897, 5515912.964342892],
            [-2931159.286727171, 5515499.193812253],
            [-2930609.670588488, 5514729.151770312],
            [-2930319.7564608497, 5514396.380542234],
            [-2929773.634433565, 5513849.059875043],
            [-2929665.841156586, 5514470.954366549],
            [-2929935.199853008, 5514889.482844235],
            [-2930117.0974065764, 5515316.978033435],
            [-2930285.1285920506, 5515748.4380227905],
            [-2930041.3231311548, 5515945.791104597],
            [-2929681.0626176824, 5516208.316471313],
            [-2929729.1666989373, 5516482.241581734],
            [-2928901.0193297286, 5516366.8329579495],
            [-2927490.5343065523, 5516577.297003055],
            [-2927025.198560347, 5516997.673140852],
            [-2926886.240868319, 5517404.892694516],
            [-2926947.0157853765, 5517723.190968521],
            [-2927275.8463879144, 5517613.416203226],
            [-2927468.18913168, 5517814.275202469],
            [-2927793.324653419, 5517849.39673302],
            [-2928281.155871814, 5518192.9138875855],
            [-2928330.9328204608, 5518881.104476774],
            [-2926852.673352266, 5517937.025404017],
            [-2926568.5303362133, 5519487.759945636],
            [-2926358.981389813, 5520679.36725466],
            [-2925905.7626926843, 5521680.600304381],
            [-2929304.6765827285, 5522935.391532426],
            [-2930729.502451283, 5524926.945863551],
            [-2931948.9566097967, 5526591.789172806],
            [-2933626.2764093704, 5527454.89184193],
            [-2934993.03180442, 5528833.775212223],
            [-2936085.864772946, 5529253.742173775],
            [-2936633.481519822, 5529768.447393432],
            [-2937891.990827164, 5530568.1851323405],
            [-2938264.78295515, 5531071.843673974],
            [-2939283.505853697, 5531634.598246083],
            [-2940457.7840313953, 5531939.557544751],
            [-2941331.360196773, 5532392.283061891],
            [-2942196.326093768, 5532816.334343522],
            [-2943272.8399054385, 5533179.92798662],
            [-2944572.4758762727, 5533723.840028305],
            [-2945417.2233226597, 5534341.619785666],
            [-2946059.0821937863, 5534665.890677518],
            [-2946674.5251029064, 5535153.940757911],
            [-2947612.3265003506, 5535745.139062076],
            [-2948339.6135168173, 5536240.287520029],
            [-2949081.802306516, 5537043.666137701],
            [-2950471.549109764, 5537935.350188591],
            [-2951141.4712099796, 5538485.991579927],
            [-2951549.2695495645, 5538760.019075],
            [-2951595.193088796, 5539176.601277795],
            [-2952372.3349461113, 5539462.204986907],
            [-2953065.762960181, 5539967.081428559],
            [-2953887.036825856, 5540279.12795579],
            [-2954411.288901869, 5540832.40019654],
            [-2954897.0665755062, 5541123.2052731905],
            [-2955283.664900407, 5541262.600487071],
            [-2955514.917910631, 5541157.739067635],
            [-2955590.0047184997, 5540926.516050163],
            [-2955490.449095091, 5540535.509625684],
            [-2955496.0010632738, 5540383.173617218],
            [-2955764.9166984274, 5540565.086362825],
            [-2955962.622690491, 5540511.88537961],
            [-2956067.3510140385, 5540298.415878638],
            [-2956106.482065894, 5540156.143167731],
            [-2956521.111373546, 5540103.103041895],
            [-2956686.90490282, 5540317.847261181],
            [-2956786.201477694, 5540407.42167737],
            [-2956893.5607188027, 5540396.379333059],
            [-2956790.0216831286, 5540249.032372969],
            [-2956845.9176363624, 5540165.985738368],
            [-2956998.3520884896, 5540057.14692785],
            [-2957209.418144512, 5539998.012867965],
            [-2957290.09243969, 5540022.034721215],
            [-2957421.9229875705, 5539989.6715154145],
            [-2957577.7826817064, 5540142.762441468],
            [-2957677.383870923, 5540303.290667347],
            [-2957792.803196143, 5540191.635930907],
            [-2957793.262659848, 5540037.780643825],
            [-2957650.0794398184, 5539799.904306497],
            [-2957687.483274309, 5539731.713252685],
            [-2957580.2852410423, 5539394.01611513],
            [-2957451.9787905775, 5539277.807313206],
            [-2957458.267570254, 5539107.6554337125],
            [-2957658.3504473497, 5538991.464712899],
            [-2957511.709176992, 5538607.437938857],
            [-2957617.2278383183, 5538439.654994272],
            [-2957709.184729014, 5538288.858112009],
            [-2957873.59039528, 5538327.041201822],
            [-2957882.788665878, 5538406.679375652],
            [-2957956.630509405, 5538560.310352384],
            [-2958100.3460185076, 5538583.303389999],
            [-2958273.4099847726, 5538651.775581936],
            [-2958218.036334508, 5538801.548064571],
            [-2958149.7264571046, 5538949.2626948925],
            [-2958109.335027887, 5539065.663018277],
            [-2957990.09787668, 5539153.019350579],
            [-2957932.016326791, 5539188.859967535],
            [-2957938.17697066, 5539322.735464368],
            [-2957930.195553155, 5539455.122781769],
            [-2958024.5363601074, 5539472.250942094],
            [-2958048.6463329466, 5539476.628286219],
            [-2958170.683446848, 5539566.202357853],
            [-2958221.5292935274, 5539691.246868702],
            [-2958293.5115459785, 5539687.667987066],
            [-2958348.9698466915, 5539733.760588435],
            [-2958357.384953687, 5539833.939378628],
            [-2958498.4261215776, 5539752.392759909],
            [-2958490.34022285, 5539625.157599221],
            [-2958582.399669639, 5539625.0465941345],
            [-2958556.1179099525, 5539468.7266154],
            [-2958676.7357720146, 5539375.256336481],
            [-2958763.4844634524, 5539206.279691],
            [-2958925.083202529, 5539127.307333716],
            [-2959145.957661936, 5539014.417879831],
            [-2959343.832981491, 5539015.370740562],
            [-2959484.1999525717, 5539061.518943258],
            [-2959617.0244716704, 5539114.200349491],
            [-2959656.080799764, 5539246.209352987],
            [-2959761.409722114, 5539346.894438065],
            [-2959647.428730594, 5539399.14534256],
            [-2959502.3824778865, 5539493.045727512],
            [-2959488.7567864577, 5539745.968399953],
            [-2959352.3734438266, 5539870.1627783375],
            [-2959185.105530263, 5539950.762440014],
            [-2958998.9426974445, 5539865.887034337],
            [-2958852.005249739, 5539974.845320784],
            [-2958874.8226737576, 5540196.780921398],
            [-2958673.801918326, 5540352.575158017],
            [-2958881.8749548914, 5540371.715118085],
            [-2959088.980775457, 5540446.761385153],
            [-2959148.8808972742, 5540606.986049383],
            [-2959289.553141797, 5540917.065153231],
            [-2959270.19620961, 5541050.456405115],
            [-2959111.232101444, 5541175.928353242],
            [-2958762.2083170805, 5541003.73145898],
            [-2958470.933057098, 5540719.011690141],
            [-2958020.68441103, 5540559.764778808],
            [-2957693.109200668, 5540829.465393023],
            [-2957182.7632633736, 5540879.422195733],
            [-2956628.9364273325, 5540829.804342932],
            [-2956435.3726895815, 5540677.144915185],
            [-2956260.3278893395, 5540327.173537287],
            [-2956217.896608312, 5540755.348026851],
            [-2955913.785619069, 5541002.350452467],
            [-2955687.4217034257, 5541259.126854673],
            [-2955454.6824770677, 5541402.3992486615],
            [-2955337.092123401, 5541711.402886606],
            [-2955691.5606855885, 5541850.050556639],
            [-2956145.680060673, 5542232.249245448],
            [-2956676.738433354, 5543040.55710999],
            [-2957420.2806771663, 5543596.038979194],
            [-2958191.529497328, 5544143.600828202],
            [-2958663.594234011, 5544551.062905805],
            [-2958894.297836576, 5544759.176208063],
            [-2959243.6378796836, 5544933.340535106],
            [-2959690.7304931236, 5544851.095827811],
            [-2959773.1162645603, 5544690.437536226],
            [-2960102.6598097878, 5544047.901366647],
            [-2960319.073356022, 5543757.567007061],
            [-2960349.84523867, 5543566.023665831],
            [-2960538.8038398093, 5543329.250621408],
            [-2960757.3794335886, 5543495.1076993365],
            [-2960787.0268048993, 5543897.783001164],
            [-2960582.7047440666, 5544230.354026839],
            [-2960344.331624815, 5544892.478727573],
            [-2960097.196807975, 5545374.40957348],
            [-2960552.022136599, 5546066.666574121],
            [-2961221.0330251465, 5546720.60920441],
            [-2961249.5372433104, 5546748.471654861],
            [-2961383.6511369315, 5546879.565741785],
            [-2961401.2835722812, 5547240.072694532],
            [-2961744.067228731, 5547690.299485328],
            [-2962327.374837857, 5547934.580198188],
            [-2962883.229379586, 5548232.427088737],
            [-2963174.387106427, 5548651.740701112],
            [-2963510.6835877886, 5549378.05232941],
            [-2963789.767448762, 5549755.148447739],
            [-2964244.7013187413, 5550447.51986467],
            [-2964657.7552463873, 5550694.8761473475],
            [-2964894.965221747, 5550626.945849474],
            [-2965074.9394424004, 5550209.7737401],
            [-2965346.0856115986, 5549812.223408459],
            [-2965598.639691468, 5549648.513099538],
            [-2966212.5808005296, 5549701.229142009],
            [-2966644.1848419933, 5549714.744622175],
            [-2967118.576611663, 5549578.919238156],
            [-2967659.9401822197, 5549378.2287248075],
            [-2967601.7912381985, 5549623.367572636],
            [-2967291.1323115253, 5550032.206162781],
            [-2966995.8152901917, 5550345.246787055],
            [-2966973.980016452, 5550717.134708184],
            [-2966800.5197928944, 5550858.208999627],
            [-2966511.7011928405, 5550895.215887318],
            [-2966104.276071095, 5550966.18927449],
            [-2965763.8193774237, 5550972.271319754],
            [-2965344.2972680647, 5551001.008489718],
            [-2965103.851019539, 5551206.97981157],
            [-2965224.832910619, 5551629.401273052],
            [-2965482.995768915, 5551784.00004022],
            [-2965686.2792880414, 5552045.718149515],
            [-2965795.17892902, 5552425.913206139],
            [-2966089.643372715, 5552707.241918463],
            [-2966648.7125601955, 5552867.067631944],
            [-2967574.85081777, 5553561.694059235],
            [-2967680.556254355, 5554079.965961751],
            [-2968515.5383205516, 5554755.014664126],
            [-2968998.004913128, 5555393.941382555],
            [-2969313.480847295, 5555897.873257656],
            [-2969155.38838239, 5555943.176201467],
            [-2968818.1810418647, 5555811.221767172],
            [-2968848.08857765, 5556214.120908944],
            [-2969017.607608064, 5556805.631464639],
            [-2969464.484517302, 5556723.278550753],
            [-2969729.0516694575, 5556601.737624915],
            [-2970157.396533704, 5556753.304977407],
            [-2970497.115662308, 5557341.762915177],
            [-2970630.326814003, 5557806.529911812],
            [-2971019.1688084984, 5557969.421842992],
            [-2971617.7085249, 5558117.929335351],
            [-2972046.045881399, 5558269.499397076],
            [-2971991.2329201265, 5558376.6564930305],
            [-2971738.8225929723, 5558540.45579998],
            [-2971316.2170183947, 5558707.32248137],
            [-2971206.5872063073, 5558921.662320816],
            [-2971594.8356877896, 5559679.201643469],
            [-2971555.318627757, 5559690.531185849],
            [-2971630.6091643255, 5560400.635577919],
            [-2971913.018219603, 5560639.786442739],
            [-2972268.669626313, 5560537.8090807125],
            [-2972651.726766856, 5560382.2468050625],
            [-2972852.477626444, 5560187.489239829],
            [-2973135.430724729, 5559831.986841615],
            [-2973454.7310591675, 5559603.26754765],
            [-2973898.9356550686, 5559064.392196535],
            [-2974412.635990192, 5558917.139097424],
            [-2974497.4226456825, 5559212.9209874],
            [-2974180.712678209, 5559898.150487213],
            [-2974387.229736957, 5560021.8497270355],
            [-2974891.3891932727, 5560288.850359839],
            [-2975608.395805197, 5560403.397162179],
            [-2976176.2932642004, 5560743.601182982],
            [-2975936.059640934, 5560949.663728321],
            [-2975580.458697796, 5561051.622940174],
            [-2975319.153907684, 5561035.08783286],
            [-2975021.496113652, 5560891.77622439],
            [-2974723.836103076, 5560748.465312234],
            [-2974356.102270343, 5560808.174159018],
            [-2974179.602227848, 5561087.444310584],
            [-2973890.887828586, 5561124.499867778],
            [-2973368.239640807, 5561091.429806017],
            [-2972973.092206524, 5561204.738080978],
            [-2972519.9805302904, 5561563.349858542],
            [-2972571.1144881197, 5562188.996472131],
            [-2972893.0507039134, 5562416.829690421],
            [-2973239.2244967152, 5562729.174560077],
            [-2973515.350565468, 5563244.6040606415],
            [-2973761.407146741, 5563356.981422861],
            [-2974168.1973816324, 5563880.673859867],
            [-2974407.5526565164, 5564864.122583969],
            [-2974820.6539021563, 5565111.567089352],
            [-2975087.840290138, 5565446.634241578],
            [-2974947.800700142, 5565852.781642007],
            [-2975144.98289494, 5566390.942657357],
            [-2975533.835059635, 5566553.861846947],
            [-2975837.4178199093, 5567015.746527174],
            [-2975828.083277641, 5567430.205177862],
            [-2975982.9924759245, 5567523.001594637],
            [-2976146.9262717688, 5567796.228338034],
            [-2976152.8461341597, 5568114.81181749],
            [-2976414.146786338, 5568131.320618592],
            [-2976718.055417936, 5567998.341823218],
            [-2977195.225580617, 5567724.137502015],
            [-2977435.3616768024, 5567517.956982477],
            [-2977639.1090579946, 5567184.977099303],
            [-2977809.2528883126, 5567181.912155877],
            [-2978298.5432649036, 5566949.997244116],
            [-2978499.180709628, 5566755.183642766],
            [-2978711.946557147, 5566602.640309687],
            [-2978988.468086062, 5566523.297236996],
            [-2979207.1100157956, 5566689.28926365],
            [-2979349.8709787712, 5566739.829503657],
            [-2979678.020197917, 5566691.405852243],
            [-2980118.428324178, 5566885.27977299],
            [-2980318.710047261, 5567285.283932953],
            [-2980102.8541345512, 5567575.974623459],
            [-2979835.3691692376, 5567835.729632127],
            [-2979455.602850205, 5567853.216308525],
            [-2979051.5671966155, 5567786.156794429],
            [-2978802.4228746346, 5567811.907345824],
            [-2978498.5358017446, 5567944.870103601],
            [-2978227.9286876107, 5568342.808218161],
            [-2977951.4086583713, 5568422.173589101],
            [-2977690.1332012685, 5568405.658370615],
            [-2977486.4102141913, 5568738.66713983],
            [-2977206.784261128, 5568956.196001499],
            [-2976957.6251638797, 5568981.960807146],
            [-2976832.913564019, 5569292.310554897],
            [-2977300.5276531586, 5570027.509667273],
            [-2977215.3346469332, 5570326.526855989],
            [-2977342.9008678445, 5570472.955957807],
            [-2977604.180807163, 5570489.461709826],
            [-2977895.717465492, 5570909.153936149],
            [-2977953.3326067114, 5571258.721752336],
            [-2978156.8213218516, 5571520.646902873],
            [-2978509.2307508094, 5571556.744857486],
            [-2978670.3146072887, 5571373.201901488],
            [-2978816.1790302675, 5571285.556865104],
            [-2979001.5308235195, 5571186.575129587],
            [-2979135.253008744, 5571056.64561149],
            [-2979469.5525282957, 5570731.862455211],
            [-2979457.4121048027, 5570689.576338482],
            [-2979831.222770499, 5570353.464086416],
            [-2979901.1683062594, 5570150.341536843],
            [-2979958.9946123515, 5569904.957352117],
            [-2979913.5465987283, 5569597.700778126],
            [-2980022.9988450943, 5569383.251355094],
            [-2980171.961600653, 5569157.465670018],
            [-2980384.692517447, 5569004.899834118],
            [-2980630.7132976963, 5569117.309371347],
            [-2980612.3842579173, 5569351.3372705225],
            [-2980460.331688576, 5569715.276641551],
            [-2980426.787108002, 5570045.208665647],
            [-2980578.598767515, 5570276.192556319],
            [-2980930.984816986, 5570312.302600161],
            [-2981155.8311412614, 5570201.98726752],
            [-2981383.7713323883, 5569953.531465578],
            [-2981517.4950023126, 5569823.635996193],
            [-2981821.3332059057, 5569690.666660601],
            [-2982185.835510528, 5569769.055178118],
            [-2982459.2117652376, 5569827.846465833],
            [-2982462.066942883, 5570284.597005357],
            [-2982313.1382312635, 5570510.372817427],
            [-2982139.943398799, 5570651.618002225],
            [-2982042.627435896, 5570908.34341549],
            [-2981866.337748561, 5571187.748339518],
            [-2981635.3462699554, 5571574.412219529],
            [-2981750.7591437115, 5571678.557084456],
            [-2982008.925284496, 5571833.260386138],
            [-2982157.6696683597, 5572202.407293357],
            [-2981896.4332344686, 5572185.8946437],
            [-2981741.524675574, 5572093.087981339],
            [-2981510.711642691, 5571884.778182991],
            [-2981325.380963906, 5571983.755788459],
            [-2981130.965295117, 5571902.293101605],
            [-2981003.4164972715, 5571755.856465172],
            [-2980638.887039755, 5571677.4652182255],
            [-2980438.3254690156, 5571872.353325333],
            [-2980286.3260838985, 5572236.357039118],
            [-2980228.5474432195, 5572481.784682503],
            [-2980070.5554825976, 5572527.1555138985],
            [-2979870.006993055, 5572722.046448946],
            [-2979645.1641486636, 5572832.384899952],
            [-2979408.177559097, 5572900.445535404],
            [-2979174.257534338, 5572830.32372878],
            [-2978991.982340072, 5572791.12510771],
            [-2978894.70228737, 5573047.915342181],
            [-2979165.055886383, 5573244.879454042],
            [-2979544.720796604, 5573822.425060794],
            [-2979514.300031754, 5574014.246567852],
            [-2979772.5122501403, 5574168.934030582],
            [-2979833.244245093, 5574380.360348481],
            [-2979994.2062915014, 5574791.863202953],
            [-2980064.0453844904, 5575183.791971776],
            [-2980267.5621238253, 5575445.750365062],
            [-2980580.470554398, 5575493.192239617],
            [-2980790.091372647, 5575478.745041311],
            [-2981017.952796409, 5575230.172883284],
            [-2981215.4232704546, 5575173.444065687],
            [-2981500.9757934343, 5575274.518901358],
            [-2981868.5537861926, 5575214.696649393],
            [-2982050.8108127993, 5575253.885939416],
            [-2981968.7836725553, 5575414.78326558],
            [-2981783.467242027, 5575513.795624618],
            [-2981622.453713178, 5575697.365732398],
            [-2981263.984774352, 5575937.705727765],
            [-2980948.0323304725, 5576028.482160689],
            [-2980738.41022387, 5576042.920492769],
            [-2980452.858877352, 5575941.854690754],
            [-2980279.6821662704, 5576083.154428052],
            [-2980471.0665549054, 5576302.8578367],
            [-2980875.112772658, 5576965.045158636],
            [-2980972.3332622163, 5577303.36766502],
            [-2980984.5172816203, 5577940.859371038],
            [-2981431.123231589, 5578453.4981545],
            [-2981543.554938589, 5578695.896719629],
            [-2981510.1636714116, 5579026.0120141525],
            [-2981592.2619373836, 5579460.315933487],
            [-2981759.359694218, 5579595.449827878],
            [-2982126.9232839732, 5579535.568591017],
            [-2982363.8465774045, 5579467.465123455],
            [-2982461.0214877757, 5579210.596025167],
            [-2982700.9591023475, 5579004.259411645],
            [-2982901.4344334714, 5578809.282258335],
            [-2982831.5254853447, 5578417.302722004],
            [-2982746.444665701, 5578121.259369985],
            [-2982788.9562984975, 5577971.682646895],
            [-2983028.920172419, 5577765.377705172],
            [-2983281.036575031, 5577601.366409752],
            [-2983311.4004823864, 5577409.508628619],
            [-2983396.4496524096, 5577110.382860328],
            [-2983542.247959118, 5577022.71121027],
            [-2983797.4119421015, 5576720.495950062],
            [-2984183.180980752, 5576426.5551011665],
            [-2984341.1376611753, 5576381.173733791],
            [-2984280.376849777, 5576764.850139097],
            [-2984356.3086242387, 5576880.351749522],
            [-2984617.5432637483, 5576896.8832968],
            [-2984705.6247854563, 5577054.671413888],
            [-2984647.923102117, 5577300.151484144],
            [-2984502.121738613, 5577387.824373384],
            [-2984332.0283103515, 5577390.920805356],
            [-2984131.5671832343, 5577585.860624066],
            [-2984022.213452754, 5577800.416640376],
            [-2983888.5743514625, 5577930.38163239],
            [-2983937.188440764, 5578099.548697933],
            [-2983879.486994457, 5578345.041520237],
            [-2983782.316937197, 5578601.894813829],
            [-2983697.2950649, 5578901.047301684],
            [-2983888.6959749865, 5579120.757521034],
            [-2984216.7407784946, 5579072.256714754],
            [-2984572.1112211593, 5578970.1191106215],
            [-2984836.3557073046, 5578848.390290533],
            [-2984842.397017545, 5578571.944221919],
            [-2984821.111446725, 5578349.13887701],
            [-2984760.344187489, 5578137.683067657],
            [-2984842.351228483, 5577976.774800908],
            [-2985170.385243668, 5577928.278514717],
            [-2985510.5734292762, 5577922.094295887],
            [-2985729.279642184, 5578088.157986922],
            [-2985887.2120882305, 5578042.774544109],
            [-2986184.8812801237, 5578186.147207268],
            [-2986115.042697006, 5578389.337592864],
            [-2986242.631243387, 5578535.807539557],
            [-2986506.85263189, 5578414.09686667],
            [-2986786.257667473, 5578196.454490149],
            [-2987165.9062230326, 5578178.93081368],
            [-2987211.4907180206, 5578486.300149513],
            [-2986695.264478512, 5579367.189601682],
            [-2986209.3251648895, 5579461.0700524105],
            [-2985923.8012231127, 5579359.984404925],
            [-2985778.0073303357, 5579447.672365642],
            [-2985680.870313426, 5579704.529971038],
            [-2985425.7876389055, 5580006.794067902],
            [-2985134.2324393783, 5580182.176392121],
            [-2984742.3940414703, 5580157.448419597],
            [-2984523.6706563234, 5579991.369445181],
            [-2984250.282790379, 5579932.57971985],
            [-2984065.012598386, 5580031.636498332],
            [-2983761.285226129, 5580164.734975525],
            [-2983554.7112725456, 5580040.949506582],
            [-2983202.3456514957, 5580004.874476853],
            [-2982925.9359057285, 5580084.332785058],
            [-2982764.9720653994, 5580267.975443256],
            [-2982585.839110666, 5580685.815366911],
            [-2982619.3183197253, 5580950.956814131],
            [-2983044.660970753, 5581240.816852729],
            [-2983372.878407962, 5581787.590831075],
            [-2983322.0882682963, 5582068.284193719],
            [-2983338.103517674, 5582087.858285043],
            [-2983529.546903312, 5582307.599567985],
            [-2983717.9905731324, 5582665.598785919],
            [-2983821.2875664313, 5582727.501586277],
            [-2984079.5315572303, 5582882.2283708975],
            [-2984334.777317711, 5583175.214705495],
            [-2984556.527521956, 5583203.052584235],
            [-2984924.030613103, 5583143.163468212],
            [-2985261.2305301754, 5583275.195900197],
            [-2985151.974278703, 5583489.8253768785],
            [-2985051.8951254347, 5583885.022965759],
            [-2984845.553192427, 5584356.601418168],
            [-2984678.7028531535, 5584816.841134562],
            [-2984633.2831384046, 5585104.749993965],
            [-2984469.4193702284, 5585426.739780849],
            [-2984095.977161467, 5585763.214447377],
            [-2984074.9209590047, 5586135.770567923],
            [-2984142.0435348, 5586666.199727131],
            [-2984057.1652592635, 5586965.5087670665],
            [-2984036.1321976697, 5587338.081626246],
            [-2984303.631974994, 5587673.446997705],
            [-2984507.314485672, 5587935.551511211],
            [-2984434.634041595, 5588277.184342603],
            [-2984398.5058744787, 5588745.798846982],
            [-2984562.7269316437, 5589019.27853595],
            [-2984963.8081458705, 5589224.584373829],
            [-2985030.5773695456, 5589159.533833718],
            [-2985467.770018737, 5588896.240656876],
            [-2985677.3254147316, 5588881.745032992],
            [-2986041.8625284843, 5588960.109522894],
            [-2986344.888725953, 5589115.233025756],
            [-2986394.497999582, 5589140.6289239],
            [-2986442.9201917383, 5589165.417150749],
            [-2986615.9292025133, 5589023.973512648],
            [-2986946.8531816974, 5588837.083555815],
            [-2987284.0702554206, 5588969.139160661],
            [-2987381.4986153743, 5589307.650450379],
            [-2987272.3170296657, 5589522.361978342],
            [-2986980.884884632, 5589697.885462801],
            [-2986628.5377130965, 5589661.8336887965],
            [-2986467.7146298485, 5589845.599548395],
            [-2986723.065635515, 5590138.677259744],
            [-2987045.1817923505, 5590366.716753197],
            [-2987376.0777436527, 5590179.820569476],
            [-2987779.604763939, 5589651.262433499],
            [-2988077.3321934813, 5589794.673874492],
            [-2988302.448982852, 5590279.738748632],
            [-2988521.2323550386, 5590445.865015139],
            [-2988694.701757743, 5590899.992864821],
            [-2989016.802774458, 5591128.0379375685],
            [-2989035.326103492, 5591489.294797648],
            [-2988807.7731901556, 5591738.120041878],
            [-2988528.569075312, 5591955.997620297],
            [-2988151.880965179, 5591835.310462984],
            [-2987750.819905022, 5591629.988110411],
            [-2987304.4400939518, 5591712.683328537],
            [-2986867.325983657, 5591976.036168199],
            [-2986849.312179123, 5592210.365494246],
            [-2986904.986161621, 5593294.320212094],
            [-2986589.8020369285, 5593980.951102759],
            [-2986310.6059406255, 5594198.888248664],
            [-2986077.274817586, 5594724.48613707],
            [-2985831.7852454535, 5595207.772649003],
            [-2985729.091016272, 5595741.638726069],
            [-2985650.8173562647, 5596360.181946462],
            [-2985779.2470203, 5597102.580914037],
            [-2986038.3125719912, 5597853.219833335],
            [-2986020.372915647, 5598087.652625247],
            [-2985993.866041647, 5598737.2402881505],
            [-2986164.7177805947, 5599329.970960337],
            [-2986392.9688609964, 5599676.884500239],
            [-2986739.620717388, 5599989.671575598],
            [-2987386.135204993, 5599711.588289938],
            [-2987607.875654815, 5599739.378853255],
            [-2988127.419695419, 5599910.610388634],
            [-2988461.8605184057, 5600181.068632667],
            [-2989084.724474955, 5600414.226773993],
            [-2989421.9885122105, 5600546.280806227],
            [-2989737.6742701335, 5600455.275851941],
            [-2990186.8097737655, 5600234.095101925],
            [-2990460.1939509413, 5600292.86413807],
            [-2991265.2736931755, 5600565.199724275],
            [-2991453.1972562685, 5600327.61320441],
            [-2991738.77910707, 5600428.707092155],
            [-2992082.5295716105, 5600879.890945048],
            [-2992608.5206806236, 5601370.259223437],
            [-2993252.8879159815, 5601826.508469967],
            [-2993715.010203586, 5602243.578775502],
            [-2994347.1638574144, 5602657.501938334],
            [-2995027.2430916983, 5602644.866258055],
            [-2995980.6350525306, 5602691.005782124],
            [-2996518.7914901446, 5603223.742835321],
            [-2996813.7201299155, 5603505.591788756],
            [-2996981.8335403414, 5604236.776586137],
            [-2996930.176515254, 5604205.810700056],
            [-2997152.788688861, 5604829.58512434],
            [-2997797.1175154047, 5605285.890188278],
            [-2998835.8974214294, 5605628.434738617],
            [-2998948.619231369, 5605871.130917403],
            [-2999735.701128181, 5606378.006049875],
            [-2999984.561997911, 5606352.093222041],
            [-3000251.244643109, 5606091.697569094],
            [-3000281.2872445835, 5605899.571104716],
            [-3000044.630175296, 5605967.826066222],
            [-2999904.682762756, 5605778.8501972305],
            [-3000077.466784946, 5605637.2890973855],
            [-3000408.036671598, 5605450.22647958],
            [-3000714.1708484744, 5605178.479576794],
            [-3001275.7611469533, 5605199.991357817],
            [-3001539.6414173483, 5605078.035460577],
            [-3001964.0881892517, 5604772.190805575],
            [-3002422.3554414106, 5604731.770633983],
            [-3003333.223720167, 5604927.742849679],
            [-3003609.3044422073, 5604848.138272972],
            [-3003897.569423856, 5604810.8800557535],
            [-3003879.7348027034, 5605045.313934054],
            [-3003576.4431013665, 5605178.637780089],
            [-3003822.473553654, 5605291.145051069],
            [-3004216.844706664, 5605177.4290562635],
            [-3004490.0930671045, 5605236.216291023],
            [-3005279.7800270063, 5605604.692801977],
            [-3005680.7231228296, 5605810.108475332],
            [-3006078.860762489, 5606153.926884015],
            [-3006137.1105284714, 5606504.031015992],
            [-3006444.1775932405, 5606828.249180932],
            [-3007054.4895412573, 5607019.153051945],
            [-3007539.870404271, 5606925.036149763],
            [-3007821.4842319745, 5606568.64541094],
            [-3008216.8043400627, 5607050.863571186],
            [-3008426.1672465396, 5607036.348372486],
            [-3008596.0933586513, 5607033.218325467],
            [-3008511.644505864, 5607332.744395813],
            [-3008851.501307262, 5607326.469017294],
            [-3009404.527809278, 5607763.205443078],
            [-3011040.9055073047, 5608254.4303839095],
            [-3011490.6394922105, 5608629.248087863],
            [-3011752.696316389, 5609241.667451576],
            [-3012175.231609372, 5609670.213793508],
            [-3012852.0475346334, 5609796.052684553],
            [-3013186.298055877, 5610066.599559424],
            [-3014190.6810773783, 5610143.826004341],
            [-3014552.1176544693, 5610360.650124162],
            [-3015129.526117208, 5610882.133739027],
            [-3015469.2906775936, 5610875.856411623],
            [-3015648.6172228237, 5611053.481120478],
            [-3016868.876853647, 5611435.386989442],
            [-3017148.7044406636, 5611813.370228954],
            [-3017340.2452913877, 5612033.346822159],
            [-3017847.0949983415, 5612162.355049208],
            [-3018351.167983692, 5612429.778211404],
            [-3018794.1459349603, 5612485.470760321],
            [-3019450.3429948543, 5612984.248232548],
            [-3020193.5979894684, 5613045.046149518],
            [-3021101.1796135935, 5613379.5370949935],
            [-3021486.996322141, 5613681.095747257],
            [-3021999.2681619525, 5613533.2890594965],
            [-3022439.4389137123, 5613727.405824886],
            [-3023440.7200541534, 5613943.1151030585],
            [-3024274.882734153, 5614023.553622625],
            [-3025251.6713752607, 5614154.5853387555],
            [-3026092.5116202882, 5614554.211134893],
            [-3026407.6960757095, 5614463.272619813],
            [-3026798.9397629276, 5614488.017072216],
            [-3027239.027683646, 5614682.154137132],
            [-3028367.8071605847, 5615044.572168775],
            [-3028604.176516209, 5614976.374099039],
            [-3029143.481221164, 5614774.918685896],
            [-3029689.493656252, 5614892.59866197],
            [-3030299.3365614703, 5615083.627055675],
            [-3030954.035395639, 5614986.496051798],
            [-3031836.8398717837, 5615236.382031745],
            [-3032471.072180063, 5615512.123730066],
            [-3032954.489350989, 5616152.474243252],
            [-3033088.8962777457, 5616618.29972732],
            [-3033729.879872058, 5617213.2317951],
            [-3034240.493954054, 5617799.911999384],
            [-3034362.714367234, 5618223.420618074],
            [-3034742.981447385, 5618801.871786335],
            [-3034870.640811449, 5618948.556286792],
            [-3034956.2120485115, 5619245.0306535335],
            [-3034979.363423056, 5620064.248473091],
            [-3034987.6456196224, 5620979.595213102],
            [-3035267.4563183873, 5621357.7062897645],
            [-3036983.965265224, 5621688.118226403],
            [-3037250.0619987226, 5621427.734178103],
            [-3037555.5494628088, 5621155.998829929],
            [-3037700.8229169818, 5621068.175677691],
            [-3037971.074320774, 5621265.478515645],
            [-3038802.102634061, 5621484.431861057],
            [-3040100.210204231, 5621843.866298089],
            [-3041037.0684761554, 5621986.382365795],
            [-3041868.0200284054, 5622205.369324968],
            [-3044161.1891978276, 5623057.609246634],
            [-3045569.1187119824, 5623798.338722157],
            [-3046482.870806108, 5624452.309331474],
            [-3047101.968363978, 5624824.23230785],
            [-3048192.28119561, 5625794.381112197],
            [-3048415.1358993235, 5626418.439808027],
            [-3048826.8400938082, 5627401.057648766],
            [-3049131.1052285978, 5627863.9684693],
            [-3049189.6514327815, 5628214.259531408],
            [-3049206.2077670232, 5628714.403799272],
            [-3049643.4265487646, 5629047.124738953],
            [-3049881.262364387, 5629575.173610145],
            [-3049959.0657523, 5630287.195013752],
            [-3050253.7662017345, 5630569.30632669],
            [-3050958.5994284526, 5631237.919860616],
            [-3051383.5879003666, 5631528.3013209505],
            [-3051520.893919179, 5631855.911465263],
            [-3051791.1018583262, 5632053.310282349],
            [-3052327.1027165065, 5631990.220443669],
            [-3052801.0637940513, 5632450.1101208525],
            [-3053186.6959642386, 5632751.876392719],
            [-3053331.0603239224, 5633398.869565933],
            [-3053441.297968595, 5633780.261862372],
            [-3053726.3536670725, 5633881.528140883],
            [-3053992.1052270127, 5633621.056004364],
            [-3054279.7527633756, 5633583.83057358],
            [-3055122.6370684863, 5633845.275518596],
            [-3056060.883841767, 5634584.244895846],
            [-3056350.3915283675, 5635143.414847588],
            [-3056738.5973321646, 5635306.712020873],
            [-3057013.9604805014, 5635227.112450277],
            [-3057313.8303364646, 5635232.264057298],
            [-3058117.2941050683, 5635505.120549668],
            [-3058392.642491294, 5635425.527254744],
            [-3058540.3130739206, 5635199.165977417],
            [-3058785.989024725, 5635311.828039754],
            [-3059007.162690527, 5635339.729067477],
            [-3059341.1595874527, 5635610.513984097],
            [-3059807.9902459085, 5635751.095180985],
            [-3060122.6517692967, 5635660.140826042],
            [-3059844.737838626, 5635878.222734834],
            [-3059933.0600407636, 5636036.372093481],
            [-3060254.8178702397, 5636264.7959541315],
            [-3060492.742220271, 5636792.982204809],
            [-3060890.588938303, 5637137.188155927],
            [-3061151.0611829367, 5637153.713269116],
            [-3061450.86541722, 5637158.891907134],
            [-3061765.509176544, 5637067.9300045],
            [-3061913.1552950866, 5636841.5723530445],
            [-3061857.06758784, 5636352.668828277],
            [-3061926.0398302735, 5636149.0427607605],
            [-3062191.6827338133, 5635888.59907526],
            [-3062744.8897162178, 5635590.965240045],
            [-3063214.2397905393, 5635593.054805178],
            [-3063914.3805421996, 5635803.944508953],
            [-3064538.437121677, 5635899.07341844],
            [-3064749.9005247178, 5635746.122635429],
            [-3065206.97321482, 5635705.864930034],
            [-3065848.4381961576, 5635566.400205685],
            [-3066175.267233228, 5635517.863777679],
            [-3066558.848882038, 5635223.372741161],
            [-3067215.11475709, 5634987.837061747],
            [-3067935.1630815817, 5634825.697322148],
            [-3068610.673639958, 5634951.877709013],
            [-3068777.6226733415, 5635087.2771798],
            [-3069440.881856277, 5635171.091936574],
            [-3070369.7091778726, 5634994.550724097],
            [-3071084.4850788405, 5635109.390538186],
            [-3071401.6192092816, 5634880.049866578],
            [-3071964.3030260066, 5634763.415002386],
            [-3072285.8792928746, 5634991.845885887],
            [-3072831.1063135127, 5635109.754563289],
            [-3073502.0537860384, 5634778.221381793],
            [-3073649.680993512, 5634551.978037221],
            [-3073440.866421715, 5634566.394178787],
            [-3073143.7873448487, 5634422.706236456],
            [-3073146.387545686, 5634284.244728794],
            [-3073355.204886667, 5634269.828789679],
            [-3073603.3343000845, 5634244.058503979],
            [-3073797.300415793, 5634325.742304651],
            [-3073922.273736262, 5634610.951433304],
            [-3074376.6043031234, 5634709.217850363],
            [-3074936.627989892, 5634731.068558142],
            [-3075980.609442436, 5634659.037749778],
            [-3076322.1722963816, 5634514.48999817],
            [-3076766.8305805954, 5634431.964848356],
            [-3076926.6795358737, 5634248.099852915],
            [-3076877.7436532276, 5634078.65045508],
            [-3077661.3300279756, 5633990.047440154],
            [-3078236.125974855, 5633915.849824766],
            [-3078638.836972786, 5633983.157819896],
            [-3078984.7800498335, 5634296.302794369],
            [-3079563.966358824, 5634679.803803761],
            [-3079875.810117325, 5634727.4332902925],
            [-3080008.561662801, 5634597.308576965],
            [-3080261.8413301297, 5634294.689985522],
            [-3080267.0702262796, 5634017.825598526],
            [-3080490.6626739805, 5633907.360962045],
            [-3081013.869876097, 5633802.195750465],
            [-3081149.2457837127, 5633533.647633307],
            [-3081321.315929034, 5633392.190516821],
            [-3081527.4468330746, 5633516.234090546],
            [-3081850.6696289484, 5634340.7663117],
            [-3081705.688983923, 5634428.508523284],
            [-3081400.8883313835, 5634700.104071257],
            [-3081643.727721419, 5634951.247960608],
            [-3082269.967647128, 5634908.092614883],
            [-3082449.045566114, 5635085.861150311],
            [-3082800.156324277, 5635122.153843543],
            [-3082886.568008211, 5634684.155319291],
            [-3082773.867870372, 5634441.33481649],
            [-3082646.3507160917, 5634294.577178595],
            [-3082583.418728062, 5633486.713229671],
            [-3082821.8670693077, 5633280.21245372],
            [-3083193.0547630517, 5632943.615388129],
            [-3083336.542804103, 5633043.435602804],
            [-3083460.803926486, 5633129.88073351],
            [-3083565.9923212947, 5633203.057923137],
            [-3083482.1585504967, 5633502.591420734],
            [-3083253.3466147697, 5633889.877163875],
            [-3083245.5047032973, 5634305.159372514],
            [-3083237.6832634904, 5634720.449002678],
            [-3083544.263523532, 5635044.9549599895],
            [-3084180.0935407653, 5635182.631351213],
            [-3084884.8930866714, 5635116.813605209],
            [-3085169.5888957167, 5635218.178064052],
            [-3085306.750029711, 5635545.7241122695],
            [-3085622.9590284545, 5636051.056527154],
            [-3085925.0991033083, 5635917.91571562],
            [-3086484.8827521377, 5635939.860720867],
            [-3086924.179307542, 5636134.289469138],
            [-3087348.615043322, 5636424.774042264],
            [-3088784.297226724, 5636974.018985697],
            [-3089211.3277137, 5637126.087402818],
            [-3089559.760910406, 5637300.840816772],
            [-3090065.346852778, 5637430.225692732],
            [-3090274.030089292, 5637415.859555838],
            [-3090595.400394617, 5637644.336248935],
            [-3091049.448531178, 5637742.709265099],
            [-3091549.841166665, 5638148.9830327],
            [-3091824.8485686015, 5638069.566728878],
            [-3092372.2710549496, 5638049.173561927],
            [-3093123.1663035024, 5638291.305517537],
            [-3094970.6998624387, 5639088.822668188],
            [-3095510.329839224, 5639483.7766561415],
            [-3095654.5843847087, 5640130.620500837],
            [-3095735.099495191, 5640704.099575577],
            [-3095960.522594383, 5641189.841094617],
            [-3096225.218927254, 5641664.239976482],
            [-3096585.3033751743, 5642616.094312812],
            [-3096840.3491872144, 5642909.698095116],
            [-3097161.6981960116, 5643138.228476517],
            [-3097539.1665033977, 5643855.57196545],
            [-3097894.714396126, 5644349.714633819],
            [-3098365.9872183115, 5644213.538499566],
            [-3098486.336178803, 5644041.018268008],
            [-3098393.474907627, 5643425.08480786],
            [-3098320.0250216452, 5643170.854184308],
            [-3098030.3231437746, 5643346.369321797],
            [-3097782.4481829638, 5643372.075882833],
            [-3097461.10453484, 5643143.5426499],
            [-3097353.4757890333, 5642623.718309896],
            [-3097270.344301054, 5642188.65881434],
            [-3097552.9410476787, 5641693.872889001],
            [-3098087.9967678697, 5641631.1287785545],
            [-3098411.867244446, 5641721.180088185],
            [-3098863.2398662297, 5641958.051893648],
            [-3099248.3030369193, 5642259.983029305],
            [-3099650.7163794474, 5642327.359944942],
            [-3099635.915703318, 5642423.455538528],
            [-3099903.161078497, 5642759.413227065],
            [-3100521.29150136, 5643131.732054882],
            [-3100891.5492183394, 5643529.767399866],
            [-3100741.6320140734, 5643894.444553819],
            [-3100297.421028608, 5643976.872470499],
            [-3099850.662759909, 5644197.770007528],
            [-3099497.2320294473, 5644299.887842792],
            [-3098952.5238406314, 5644181.796592231],
            [-3098815.2958739535, 5643854.1497117095],
            [-3098575.0470595895, 5643464.455799977],
            [-3098795.422939185, 5644227.1895410335],
            [-3098682.2515708497, 5644719.03799761],
            [-3099013.3100939444, 5645128.43524668],
            [-3099864.5858334377, 5645571.177743384],
            [-3100271.6569389887, 5646096.3835551925],
            [-3100511.9334316044, 5646486.125924431],
            [-3100835.797179158, 5646576.207835178],
            [-3101169.7650952507, 5646112.34310377],
            [-3101400.298050306, 5646321.229555085],
            [-3101792.5953681506, 5646942.554613937],
            [-3102010.573251704, 5647843.9025895],
            [-3102383.4243780533, 5648103.512449979],
            [-3102775.7651106413, 5648724.887244332],
            [-3103388.923098818, 5649374.296249781],
            [-3104323.66494716, 5649517.41861264],
            [-3104988.561416049, 5649462.98023125],
            [-3105439.9011226664, 5649699.913879215],
            [-3105520.924011287, 5649538.718443537],
            [-3105707.459342178, 5649301.077954942],
            [-3106033.774803045, 5649252.699611253],
            [-3106362.5818321863, 5649065.8006436415],
            [-3106433.86403893, 5648723.737785827],
            [-3106205.842944189, 5648376.350446819],
            [-3106029.341155127, 5648059.998547561],
            [-3105897.1315877666, 5647455.3383431295],
            [-3106105.6755092484, 5647440.988701439],
            [-3106457.317140671, 5648219.666619662],
            [-3106652.135689158, 5648890.265118857],
            [-3107022.425733175, 5649288.382913054],
            [-3107385.472563451, 5649367.144985239],
            [-3107728.7621767074, 5649819.010108746],
            [-3108050.0490834285, 5650047.613834993],
            [-3108695.1005523433, 5650366.32548028],
            [-3108977.130597723, 5650606.281679246],
            [-3109315.438955641, 5651335.183248516],
            [-3109661.2303340677, 5651648.571924692],
            [-3109845.2298083794, 5651549.4487209255],
            [-3110038.984123617, 5651631.215675389],
            [-3110029.051043012, 5652185.252875454],
            [-3110220.3279697476, 5652405.539101314],
            [-3111807.1613497837, 5653186.886451651],
            [-3112174.9810676295, 5653723.603795962],
            [-3112643.449685764, 5653725.951476435],
            [-3112680.220818574, 5653853.116927337],
            [-3113018.599537783, 5654582.1156578],
            [-3112981.7697345577, 5655189.950564273],
            [-3113131.3622463597, 5655560.151084891],
            [-3113653.7437678734, 5656190.053498849],
            [-3114006.909170274, 5656822.982084293],
            [-3114485.1929979697, 5657741.349584569],
            [-3114946.3865974373, 5658894.476583436],
            [-3115478.8538547885, 5660440.661411197],
            [-3116067.5269428086, 5661005.590099073],
            [-3116683.1797342813, 5661516.768020357],
            [-3117261.9991605994, 5661900.745572434],
            [-3117723.12853303, 5662318.793119325],
            [-3118064.1752474913, 5662909.486453954],
            [-3118297.4287946676, 5663715.253558819],
            [-3118716.9647153397, 5664283.284236954],
            [-3119060.432351335, 5664735.434483735],
            [-3119222.4566289973, 5665148.209105023],
            [-3119185.458483752, 5665463.8813688615],
            [-3119176.3230041484, 5665557.277144586],
            [-3119170.4082688754, 5665636.16298029],
            [-3119372.3317080275, 5665892.933896775],
            [-3119385.453089472, 5665909.619447044],
            [-3119638.811062577, 5665836.255052348],
            [-3119706.6804986503, 5665816.60250624],
            [-3119729.097481136, 5665810.1113808425],
            [-3119876.7924421066, 5665803.297985484]
          ]
        ]
      }
    }
  ]
}
