{
  "type": "FeatureCollection",
  "features": [
    {
      "type": "Feature",
      "properties": {
        "NAME": "Chad",
        "shapeISO": "TCD"
      },
      "geometry": {
        "type": "Polygon",
        "coordinates": [
          [
            [-3904588.889020838, 4766703.844160917],
            [-3914968.3070883295, 4806581.723397787],
            [-3925278.7946313545, 4846580.7363345595],
            [-3933515.0958308126, 4878028.746628696],
            [-3945346.7416975205, 4923898.260933382],
            [-3955074.162107514, 4961190.048920835],
            [-3965549.6805248554, 5001457.524569247],
            [-3975961.41350082, 5041850.7265345035],
            [-3987277.7129115523, 5085280.913269143],
            [-4034500.8138708356, 5098155.314613705],
            [-4080739.67133715, 5110554.0752506],
            [-4125809.321337061, 5122473.522133313],
            [-4173580.1317622815, 5135064.755778304],
            [-4220152.758632228, 5147165.932264033],
            [-4265529.932063325, 5158773.127415926],
            [-4314569.828324019, 5171353.548147078],
            [-4358874.983707186, 5182573.90923036],
            [-4392829.054817321, 5191110.451390418],
            [-4412428.015675937, 5195940.123076615],
            [-4451714.8744892, 5205681.353098636],
            [-4455410.022568858, 5206639.036255688],
            [-4455371.790621957, 5206778.2359607965],
            [-4501267.05926993, 5217914.4179074755],
            [-4547301.089796674, 5229039.107824885],
            [-4593438.349832088, 5240008.71579482],
            [-4638342.002303955, 5250677.626137564],
            [-4685994.00444862, 5261763.886845081],
            [-4732042.24717183, 5272513.380692075],
            [-4770048.078636276, 5239060.236254667],
            [-4803809.534949292, 5209103.506187544],
            [-4784923.591964871, 5165433.447953756],
            [-4766801.344989599, 5123838.942081974],
            [-4755678.342585041, 5079450.865549406],
            [-4747841.363618804, 5076580.281437673],
            [-4727703.9797929535, 5057451.13550551],
            [-4709210.80751939, 5040044.0725993775],
            [-4710319.687317618, 5039392.177834396],
            [-4710951.071635876, 5038776.269190998],
            [-4712223.913452176, 5036972.87033366],
            [-4713122.046068974, 5034922.312795501],
            [-4713338.282889972, 5033991.1775682075],
            [-4713432.032920473, 5032442.446573543],
            [-4713107.659402065, 5029544.604187449],
            [-4712085.953156354, 5026373.167514082],
            [-4711293.915579845, 5025190.793432698],
            [-4710385.170763699, 5023415.580780361],
            [-4709507.139997077, 5022383.236893278],
            [-4706132.547451861, 5020264.595050612],
            [-4703722.180633792, 5019132.271977819],
            [-4701497.418222302, 5018473.098280912],
            [-4699965.337031992, 5018372.933275536],
            [-4692739.227403617, 5013169.25222709],
            [-4665940.508799329, 4994345.616501817],
            [-4677219.054765821, 4952579.688609004],
            [-4671533.840942938, 4902087.796616279],
            [-4665564.090072284, 4848804.23607346],
            [-4656755.978845594, 4801645.416891831],
            [-4648898.863367461, 4759361.9699134],
            [-4641609.303856623, 4720845.4823515145],
            [-4636238.302803055, 4695480.210489534],
            [-4635791.596465791, 4692500.938842191],
            [-4635246.235121046, 4690566.861809894],
            [-4635164.4458855195, 4689359.552661712],
            [-4634930.08037393, 4688784.8182226885],
            [-4633776.225714737, 4682730.777042012],
            [-4644529.562362435, 4663278.65918145],
            [-4644580.76736525, 4662904.757857354],
            [-4648890.756757024, 4655572.256555481],
            [-4648951.770210146, 4655238.2891246695],
            [-4651363.290348617, 4650858.629830225],
            [-4667538.006536262, 4621832.802918324],
            [-4670108.481956174, 4616729.409676177],
            [-4676042.568427413, 4606015.125050039],
            [-4676397.084669173, 4605032.528090028],
            [-4677151.72470896, 4603964.903777149],
            [-4683591.0302011585, 4592076.340318526],
            [-4687119.0159393335, 4586356.990857801],
            [-4687291.67835252, 4585682.72283389],
            [-4688072.407697921, 4584395.7555236975],
            [-4688083.974802514, 4584098.052167561],
            [-4688716.424635113, 4582720.623766508],
            [-4689777.077907341, 4581197.080276155],
            [-4692221.556115965, 4577057.79122655],
            [-4694080.453627381, 4573545.994831217],
            [-4694740.677504931, 4572625.722185591],
            [-4702359.009450089, 4559332.839915804],
            [-4702883.550926438, 4558634.123593892],
            [-4706589.826763647, 4549691.388001932],
            [-4706955.489785032, 4548695.521113108],
            [-4707023.347848645, 4547940.628224787],
            [-4707207.463355969, 4547747.70463962],
            [-4707143.402630488, 4547573.315198952],
            [-4707637.414626606, 4547094.226853767],
            [-4710878.852561111, 4539190.76190979],
            [-4711234.044125217, 4538576.741759477],
            [-4712258.143035618, 4535456.729455409],
            [-4717120.297916676, 4522598.0573390825],
            [-4717304.3591261245, 4522404.234843064],
            [-4717435.382992305, 4521739.652053731],
            [-4718225.874650543, 4519815.579320189],
            [-4718272.194712826, 4519234.19660936],
            [-4718715.971203039, 4518471.855994991],
            [-4721161.872315183, 4511984.03051052],
            [-4721415.233786199, 4511730.9946553],
            [-4721391.471025461, 4511463.306854087],
            [-4721901.670022237, 4510113.819652455],
            [-4721947.585450205, 4509617.955088105],
            [-4722411.052039072, 4508764.5456408085],
            [-4725504.397758456, 4500302.167484758],
            [-4727050.860859591, 4497093.50306894],
            [-4727762.705063474, 4496052.5582008],
            [-4728645.116917348, 4493998.871243247],
            [-4728566.070087522, 4494018.267537418],
            [-4731555.326944572, 4488384.522288277],
            [-4731925.060163641, 4487238.525641934],
            [-4731860.706815037, 4486979.956622756],
            [-4732365.302170127, 4485104.427144178],
            [-4732396.507277061, 4483872.735383052],
            [-4732626.524439244, 4483436.401768546],
            [-4733043.124802126, 4480105.351130768],
            [-4734312.532069017, 4473167.776531158],
            [-4734189.484300807, 4472587.025526665],
            [-4734454.286957616, 4471191.776033188],
            [-4732945.329400111, 4465978.167608423],
            [-4730298.262383087, 4461449.132176998],
            [-4729718.225790546, 4459886.132338958],
            [-4729738.783286577, 4459374.874088769],
            [-4730618.588949639, 4458333.040726515],
            [-4730712.964593262, 4457951.259534059],
            [-4731199.697440902, 4457618.728653279],
            [-4731164.590717709, 4457396.278104546],
            [-4731725.773696194, 4457108.700636215],
            [-4732515.75168904, 4456299.887003993],
            [-4732575.480260096, 4455947.720819567],
            [-4734660.370255041, 4456018.874863262],
            [-4737204.519371534, 4452179.467177816],
            [-4737422.75560422, 4451535.175417413],
            [-4739092.1874525575, 4449262.745548428],
            [-4739027.302841926, 4448835.770136553],
            [-4738734.778062509, 4448423.552712614],
            [-4737310.463672267, 4447534.298330594],
            [-4736754.996111156, 4444889.905118576],
            [-4735698.362213842, 4442263.741458161],
            [-4737783.329466756, 4439803.700938612],
            [-4738031.835226329, 4439699.3993232],
            [-4738260.094503849, 4439262.67785601],
            [-4739540.0689408975, 4437888.426453973],
            [-4740126.269930507, 4437446.975178285],
            [-4742672.1900205, 4436072.686399413],
            [-4745169.223351966, 4435765.006845952],
            [-4750669.046717222, 4431859.040121665],
            [-4751135.917228355, 4431446.998337722],
            [-4752053.177476095, 4429887.827420148],
            [-4752196.743426448, 4429113.352381531],
            [-4752136.785284605, 4428285.364977703],
            [-4750272.364838531, 4422950.331397074],
            [-4747841.3967857985, 4418221.885528615],
            [-4747021.671982158, 4416887.590959936],
            [-4746618.238129197, 4415871.486466439],
            [-4736679.457864279, 4395950.48078548],
            [-4735400.480666305, 4393130.429232286],
            [-4725388.854773931, 4373373.887678934],
            [-4722978.293631612, 4368191.173674963],
            [-4697851.36533445, 4346492.70805811],
            [-4671650.519894529, 4323874.626471086],
            [-4639380.138466524, 4331971.222504999],
            [-4632009.986989956, 4323520.627296107],
            [-4630660.3715766305, 4321648.312930905],
            [-4629758.374024522, 4321016.158971023],
            [-4629223.656690477, 4321250.922392562],
            [-4629011.787705577, 4321113.727857843],
            [-4628787.398788235, 4320312.385311253],
            [-4628075.63365083, 4320056.973300277],
            [-4627771.145819453, 4319772.422742976],
            [-4627442.604432097, 4319347.19774343],
            [-4627112.043466591, 4317733.978211885],
            [-4626296.051607942, 4317404.288313958],
            [-4626366.978098249, 4317089.234816882],
            [-4627088.698908164, 4316947.288608408],
            [-4627277.417238171, 4316773.450661915],
            [-4627342.179610846, 4316564.789933114],
            [-4627193.291205833, 4316084.56019901],
            [-4627308.736591195, 4315173.329797136],
            [-4626201.229259196, 4310891.264040706],
            [-4626337.063581148, 4310384.377623183],
            [-4626391.635031976, 4309019.95880779],
            [-4625926.4948655525, 4308109.78326392],
            [-4625248.418518873, 4307481.902527766],
            [-4624973.941238206, 4307452.299234677],
            [-4624781.674943667, 4307602.372026084],
            [-4624512.197246111, 4308347.684821385],
            [-4623895.917267052, 4308539.71325246],
            [-4623454.352692809, 4308151.446577794],
            [-4623085.771100526, 4306756.931846884],
            [-4622886.6131398035, 4306440.2191698495],
            [-4622165.098119243, 4305831.841400434],
            [-4621617.4106214475, 4305631.245181456],
            [-4621282.929942587, 4305757.935418607],
            [-4620804.396009375, 4306237.057842863],
            [-4620080.199295202, 4308562.796140981],
            [-4619914.90164388, 4308708.962514075],
            [-4619525.688462875, 4308644.950356195],
            [-4619173.447257262, 4308115.927129424],
            [-4619220.206646497, 4306915.969241582],
            [-4619658.065250415, 4306235.997443984],
            [-4619472.631504757, 4305980.280553059],
            [-4618592.6436624145, 4306242.488016756],
            [-4617698.78060392, 4306289.322547533],
            [-4617192.571997373, 4306151.715890081],
            [-4616452.376086006, 4305548.209730358],
            [-4615869.290273848, 4305263.520094069],
            [-4615254.319917136, 4305223.942141367],
            [-4613736.204514634, 4305499.766488147],
            [-4612568.308576123, 4306359.031923356],
            [-4610922.121717848, 4306469.549591247],
            [-4610440.00122002, 4306325.965212533],
            [-4610084.699368093, 4306144.741012207],
            [-4609649.019770456, 4305611.3170976015],
            [-4609471.026542934, 4305086.214805083],
            [-4609802.2433060445, 4304212.442358695],
            [-4610588.123767889, 4303251.04120576],
            [-4610729.834208008, 4302551.458537426],
            [-4610553.317164495, 4301691.874151485],
            [-4610346.75867822, 4301344.172301249],
            [-4609988.0379640255, 4300937.755594123],
            [-4609594.189273632, 4300768.585385801],
            [-4608826.55475197, 4300856.3281464055],
            [-4608202.591813312, 4301650.59315888],
            [-4608251.558575535, 4303500.105500516],
            [-4608109.523115319, 4303747.7673253175],
            [-4607719.830118997, 4303995.0603093505],
            [-4607383.331354947, 4304041.848013956],
            [-4606867.383436282, 4303958.216782863],
            [-4605823.86343644, 4303475.355889285],
            [-4605669.803135309, 4303275.813000238],
            [-4605734.188338329, 4302496.220386911],
            [-4605044.639365789, 4300806.473057532],
            [-4604573.471363646, 4300284.910679349],
            [-4603987.011189897, 4299981.5597135825],
            [-4603208.917296055, 4299965.102174133],
            [-4602734.251281804, 4300278.351527029],
            [-4602096.776478754, 4300975.608646561],
            [-4601150.655331437, 4300782.945741956],
            [-4599712.595167102, 4301542.839587678],
            [-4599281.321764627, 4301488.179552086],
            [-4598889.141160701, 4301161.216604247],
            [-4598156.92689997, 4299989.042498235],
            [-4597651.8240921125, 4298704.42548733],
            [-4597109.523041776, 4297901.875143811],
            [-4596428.366347906, 4297111.8692533355],
            [-4595739.807056338, 4296567.838097082],
            [-4595655.236832048, 4295660.8232175205],
            [-4595417.91715553, 4294868.6180235855],
            [-4595514.963505195, 4294286.719045807],
            [-4595102.879833598, 4292865.644574749],
            [-4595188.478989836, 4291733.469682555],
            [-4594867.39804072, 4291261.563967705],
            [-4594134.704674393, 4290762.611481651],
            [-4593598.764121541, 4289672.005111577],
            [-4593687.136700871, 4289145.85746337],
            [-4594271.398163351, 4288530.860146866],
            [-4594436.461562691, 4288184.251541092],
            [-4594406.64313621, 4287196.8942497],
            [-4593819.606082422, 4286387.293705369],
            [-4593146.627104511, 4286158.313100663],
            [-4592673.9965480985, 4286400.77320536],
            [-4592592.167145705, 4286593.661849092],
            [-4592705.653390434, 4287249.358393474],
            [-4592557.5248131445, 4287746.9120668685],
            [-4592112.8998243315, 4287965.325334195],
            [-4591395.985482481, 4287562.636377827],
            [-4591124.7244593445, 4286766.288986637],
            [-4591206.48509593, 4285675.903286396],
            [-4591047.965547446, 4285274.3422528105],
            [-4589991.145542161, 4284634.620752101],
            [-4588263.75279775, 4283041.653200507],
            [-4587094.466622199, 4281407.845005323],
            [-4586881.144973736, 4280287.150046905],
            [-4587173.028336854, 4278861.119646748],
            [-4587095.050318455, 4278379.858393702],
            [-4586852.723382144, 4277838.64113964],
            [-4586081.767635597, 4277381.770863761],
            [-4585904.624463755, 4276911.817234627],
            [-4586163.05244982, 4276032.95331765],
            [-4586737.8859042665, 4275037.166616149],
            [-4586714.26392183, 4274549.203461666],
            [-4586420.589741811, 4274035.471402952],
            [-4585484.979962192, 4273194.605719387],
            [-4585125.452541199, 4272697.094465537],
            [-4585020.5843568435, 4271364.146543072],
            [-4585553.506481871, 4270360.550290263],
            [-4585598.028491382, 4269728.396674356],
            [-4585402.20862521, 4269320.929472846],
            [-4584399.991280177, 4268475.2993663475],
            [-4584147.783062504, 4267980.338662438],
            [-4584121.238952208, 4267479.99759468],
            [-4584559.156734708, 4266466.461687328],
            [-4584606.017257936, 4265851.633172761],
            [-4584412.016798258, 4265435.7073255405],
            [-4584058.297901778, 4265190.097307743],
            [-4582996.114384427, 4265058.503760644],
            [-4582604.477499917, 4264742.69422524],
            [-4582572.291199345, 4264489.3228557715],
            [-4582830.351666871, 4263962.60544482],
            [-4584048.113790837, 4263231.645617189],
            [-4584324.800499504, 4262688.259569241],
            [-4584302.011949796, 4262219.461555078],
            [-4583743.14374239, 4261823.906855537],
            [-4582872.530324609, 4261648.22170077],
            [-4581783.982990161, 4261192.030349992],
            [-4580349.128104305, 4259894.520002115],
            [-4578870.813252055, 4259231.472953227],
            [-4577402.15349433, 4258184.097070295],
            [-4576391.456036633, 4258004.286445312],
            [-4575856.358905947, 4258125.254645779],
            [-4574654.055744513, 4259178.847770492],
            [-4573856.608847225, 4260731.813974692],
            [-4573584.133503196, 4260951.661948586],
            [-4572982.71385158, 4261109.567498384],
            [-4571343.5081617655, 4260883.209345432],
            [-4570151.543398951, 4260255.39918183],
            [-4569992.691783382, 4258595.50323919],
            [-4569659.882320622, 4258015.0843891185],
            [-4569428.312802469, 4257867.818472095],
            [-4568410.039356126, 4257785.430496155],
            [-4567303.358503665, 4256969.633866226],
            [-4567207.063811089, 4256727.371340034],
            [-4567230.535333714, 4255680.674163746],
            [-4567075.84552951, 4254894.375594299],
            [-4568607.863587792, 4254381.547314712],
            [-4568500.26787484, 4254070.504540889],
            [-4567109.860565486, 4253217.021401638],
            [-4566734.242973731, 4252660.388817326],
            [-4566269.940643642, 4252372.66134544],
            [-4565325.6733065015, 4252366.7042728895],
            [-4564255.656130319, 4252689.583013868],
            [-4563900.953157765, 4252413.5463625295],
            [-4563756.222958493, 4252030.78680292],
            [-4563623.885584842, 4251497.379783381],
            [-4563742.897707388, 4251087.075756725],
            [-4564251.759219608, 4250301.8035048265],
            [-4565907.338353278, 4249950.170628449],
            [-4566284.844560912, 4249380.708126442],
            [-4566271.305027016, 4248422.189504116],
            [-4565031.848834249, 4247444.498836942],
            [-4564402.882125749, 4246577.043191527],
            [-4564353.426297556, 4245719.263556625],
            [-4564677.455418007, 4244786.16152678],
            [-4565299.435945405, 4244485.697179999],
            [-4565745.764183714, 4244005.494316698],
            [-4565760.482293111, 4243487.1042725975],
            [-4565231.7000951, 4242349.734730659],
            [-4564762.242594317, 4241740.908103548],
            [-4564214.0596423475, 4241372.0569724385],
            [-4564133.476629171, 4240995.536204996],
            [-4564220.492962294, 4240519.786462834],
            [-4563691.780203576, 4239443.488759881],
            [-4563150.280963455, 4238914.129132645],
            [-4562329.272565799, 4238545.677845042],
            [-4561579.082671058, 4239355.9138307255],
            [-4561519.280851102, 4240131.3895770535],
            [-4560366.227615615, 4240051.494209297],
            [-4559892.303295042, 4239760.005388581],
            [-4559061.7891449975, 4238043.04498646],
            [-4559011.801683448, 4237135.6503162915],
            [-4558884.61449939, 4236912.134501903],
            [-4558309.902383981, 4236661.856346199],
            [-4557990.627995305, 4236193.521889944],
            [-4556825.697821224, 4236052.404227626],
            [-4556189.664134718, 4235339.6210388085],
            [-4556278.289407225, 4234843.588658684],
            [-4556671.67168344, 4234243.832542196],
            [-4557264.483234499, 4233889.4561209595],
            [-4558321.238441683, 4233512.912544013],
            [-4559237.9882366005, 4232286.2628522],
            [-4558657.226333257, 4231395.861635326],
            [-4558009.087415279, 4231413.1113210935],
            [-4557135.520622553, 4230974.7264222],
            [-4556344.516219113, 4229863.129987262],
            [-4556439.515770828, 4229660.180026539],
            [-4558494.409078918, 4229700.795412406],
            [-4558788.255707611, 4229560.119571405],
            [-4559409.091373197, 4228123.093930826],
            [-4559478.858986794, 4227688.360641511],
            [-4559354.609986059, 4227261.82580623],
            [-4558594.449507467, 4226753.236959979],
            [-4558350.414582052, 4226158.709310509],
            [-4557496.950574681, 4225826.717220024],
            [-4557380.417416948, 4225550.97484633],
            [-4557662.838996132, 4224730.361553711],
            [-4557524.740927618, 4223975.88039417],
            [-4556570.996214792, 4223421.882688054],
            [-4556687.361321837, 4222596.490758251],
            [-4556881.695912413, 4222217.831795995],
            [-4556789.63893113, 4221913.484437526],
            [-4556136.875284809, 4221672.370262682],
            [-4555754.475049222, 4221291.916176557],
            [-4555664.173560737, 4220404.826291829],
            [-4554340.918156496, 4219911.617037365],
            [-4554060.995466317, 4219417.925464722],
            [-4553694.6050831145, 4217530.196458135],
            [-4553464.49374764, 4217324.729402431],
            [-4551000.224807522, 4217007.566736579],
            [-4549356.193832898, 4216317.361207295],
            [-4549541.209135022, 4215597.895621982],
            [-4549330.95318667, 4214929.094481445],
            [-4549540.845549894, 4214574.463493882],
            [-4549264.559688916, 4213647.548913014],
            [-4549631.251986236, 4213217.65930778],
            [-4549715.446404136, 4212585.028688746],
            [-4549275.931372754, 4211948.868025783],
            [-4549397.753857415, 4211703.816073059],
            [-4549885.014180684, 4211624.991607371],
            [-4551009.553687637, 4210577.973776172],
            [-4551149.0022003455, 4210221.447231446],
            [-4550868.928231856, 4209727.792887569],
            [-4550972.1676527215, 4209349.961260252],
            [-4551685.029116993, 4209224.110998607],
            [-4551746.671032242, 4208830.94078859],
            [-4551302.928470315, 4208512.071990229],
            [-4551225.378964945, 4208088.813867399],
            [-4551865.338983886, 4207344.434394019],
            [-4552232.977317681, 4205355.593448791],
            [-4552765.316516158, 4205239.213823228],
            [-4552845.564693677, 4204984.883769401],
            [-4552402.441441431, 4204776.144391451],
            [-4552308.762935238, 4204449.9087018585],
            [-4552777.262800265, 4204177.183989419],
            [-4552761.957308602, 4202930.896072912],
            [-4552925.624983961, 4202473.52797277],
            [-4553335.887563115, 4202093.423140272],
            [-4553353.932423211, 4201650.20938212],
            [-4552980.53223751, 4201333.181133491],
            [-4552889.23287379, 4201096.75845003],
            [-4553228.793789297, 4200653.7370456755],
            [-4553197.190688301, 4200437.178745302],
            [-4552566.584687086, 4199956.7741790395],
            [-4551557.770872192, 4198453.030069719],
            [-4551447.919391656, 4197947.233252862],
            [-4551677.749719027, 4197780.419827457],
            [-4552603.7756909095, 4196351.11457878],
            [-4552664.542758849, 4195774.628554801],
            [-4551439.777713743, 4195350.178251848],
            [-4550183.372971392, 4194709.214836423],
            [-4550099.742524603, 4194169.724936368],
            [-4550668.061486942, 4193178.883576024],
            [-4550834.676464873, 4192448.385227614],
            [-4550897.889508368, 4190801.2776559317],
            [-4551306.685653904, 4190508.488071257],
            [-4551312.971798587, 4190228.99578457],
            [-4550801.585778673, 4189858.4052078906],
            [-4550130.5154011035, 4189668.168440684],
            [-4549819.55397775, 4189208.317996902],
            [-4549650.669447043, 4188609.622674896],
            [-4549125.7065328695, 4187969.2451733886],
            [-4548893.141554873, 4187275.297973833],
            [-4549428.169036589, 4186541.9413741953],
            [-4549417.713593016, 4186228.1897813096],
            [-4549142.596365167, 4186115.3105693776],
            [-4548963.181753818, 4185595.735481094],
            [-4547949.377183071, 4183955.6753946566],
            [-4547586.785146245, 4183681.8094466045],
            [-4546953.87119974, 4182774.1336874347],
            [-4545988.631212834, 4181890.597661932],
            [-4545334.505344165, 4181859.7403957914],
            [-4544925.206644322, 4181643.7668407327],
            [-4544639.53363833, 4180830.462561331],
            [-4544312.860318238, 4180516.854990878],
            [-4544079.506110304, 4179694.70987972],
            [-4544022.764226716, 4178787.4638600736],
            [-4543840.714473573, 4178497.8835817548],
            [-4543831.588543766, 4178102.7632744624],
            [-4543509.582850312, 4177268.193712614],
            [-4543623.882736814, 4176994.237888946],
            [-4543543.151614575, 4176739.7880035066],
            [-4543277.85885398, 4176425.7245920976],
            [-4543243.809829194, 4176113.4243271854],
            [-4542139.493555631, 4175647.9463599413],
            [-4541880.654623781, 4175179.3529317435],
            [-4542060.3362751985, 4174980.32721275],
            [-4542054.84821168, 4174599.5353935165],
            [-4542404.532942094, 4174070.9335488807],
            [-4542162.411943622, 4173700.4755727663],
            [-4542243.517485133, 4173297.42609699],
            [-4542706.199218352, 4172783.3508400833],
            [-4542379.326978211, 4172268.771289342],
            [-4542398.141105221, 4171829.9220938366],
            [-4542045.508462019, 4171269.0259616887],
            [-4542205.843385102, 4170096.4105341625],
            [-4542971.545762729, 4170021.9578936],
            [-4543807.0289867455, 4169082.762065217],
            [-4544696.722916871, 4168956.5510126743],
            [-4545248.807468853, 4168702.8225367074],
            [-4545481.352589438, 4168998.234680509],
            [-4545750.747452252, 4168997.503877805],
            [-4546055.354753467, 4168704.947009578],
            [-4546007.943223761, 4168408.0507792067],
            [-4545881.707434762, 4168181.7890343005],
            [-4545165.835445779, 4167977.7179234237],
            [-4545058.972754291, 4167604.7741045193],
            [-4545535.985745332, 4166906.8093024106],
            [-4545499.091170504, 4166574.982807915],
            [-4543976.985908844, 4165442.862576389],
            [-4543800.18236611, 4164547.5229288517],
            [-4543465.881718157, 4164203.1786229042],
            [-4541805.166098252, 4163476.1226548445],
            [-4541440.366232871, 4163167.765785545],
            [-4541288.23809792, 4162064.594625744],
            [-4540217.819528808, 4160624.339898375],
            [-4538718.059490579, 4157248.3068886013],
            [-4538481.799068044, 4156330.3695046324],
            [-4538516.067831784, 4155985.1015360006],
            [-4538962.967899967, 4155090.1090923967],
            [-4539508.563547278, 4154399.0873180064],
            [-4539736.548787564, 4153789.8045946523],
            [-4539460.153816056, 4152477.412511681],
            [-4539622.09670444, 4152102.6706684055],
            [-4539643.270178834, 4151455.888102533],
            [-4538898.503789175, 4150594.8883777796],
            [-4538050.608921453, 4148916.674291716],
            [-4536506.6567196185, 4147524.8782497514],
            [-4535918.564656707, 4146437.4910371476],
            [-4531132.667101433, 4141966.028573682],
            [-4530468.581309466, 4140286.5276052994],
            [-4529835.04209435, 4139501.612644346],
            [-4529086.738150069, 4138868.6917100833],
            [-4527515.334573395, 4136597.379720625],
            [-4527362.84846873, 4135887.2222231934],
            [-4527769.582229912, 4135017.422292715],
            [-4528206.975901143, 4133252.43871446],
            [-4528003.337842954, 4132463.651189261],
            [-4527538.346909007, 4131497.5757886306],
            [-4527023.166761932, 4129443.010776652],
            [-4526407.5693297135, 4128808.0222960864],
            [-4525686.753995896, 4128441.961828452],
            [-4524220.957603921, 4128132.224708796],
            [-4523314.784820854, 4127723.8427858246],
            [-4522591.559444001, 4127665.950750453],
            [-4521085.070757698, 4127198.5850468185],
            [-4519927.338015834, 4127008.286023035],
            [-4517689.698374097, 4125796.973750363],
            [-4517244.588590944, 4125147.2170268474],
            [-4516877.443404526, 4124263.1627031616],
            [-4516236.486311481, 4123511.1028297236],
            [-4514343.48345684, 4121966.2363094417],
            [-4513309.1346828025, 4121300.707110035],
            [-4512230.745266009, 4119453.4948153826],
            [-4511589.271984376, 4117569.7160861287],
            [-4510252.54570238, 4115498.775185817],
            [-4509217.268805647, 4115246.7058720454],
            [-4508864.7408242645, 4114955.560883565],
            [-4508836.172865714, 4113953.3326139343],
            [-4508524.609185462, 4113266.759969378],
            [-4506409.809194859, 4113204.986830678],
            [-4504256.072394399, 4112676.830464895],
            [-4502572.925148055, 4111231.478294763],
            [-4501673.272790354, 4110730.3955689175],
            [-4500445.34250662, 4109794.35552676],
            [-4499849.702364753, 4109872.2649828265],
            [-4499230.479464611, 4109680.9741686177],
            [-4498641.8800634155, 4108716.9646807406],
            [-4497328.88395255, 4107512.52019951],
            [-4496886.041102495, 4107229.6617826135],
            [-4494714.32432147, 4106691.5967606413],
            [-4493711.481059154, 4105911.638378375],
            [-4492513.50508272, 4104142.277588266],
            [-4491127.35968658, 4102834.7807595967],
            [-4490284.908745344, 4102258.0735112634],
            [-4489633.763059607, 4101172.880720321],
            [-4489241.140243645, 4100846.5360427853],
            [-4488071.118169002, 4100431.402244351],
            [-4487060.720114792, 4099623.096625735],
            [-4486629.476554315, 4099571.7915527793],
            [-4486048.366011826, 4099993.023283597],
            [-4485048.623161184, 4100114.9751881575],
            [-4484278.256036566, 4099993.8460842473],
            [-4482963.327648278, 4099311.991555821],
            [-4481462.06579713, 4098278.2970002443],
            [-4480960.148742656, 4098301.6308000553],
            [-4480303.343302577, 4098808.748455191],
            [-4479989.635986369, 4098779.59240079],
            [-4479617.332812766, 4098517.0767981154],
            [-4479336.728505749, 4098096.3686534227],
            [-4479304.700091571, 4097825.54650427],
            [-4478645.471350249, 4097450.1500938903],
            [-4476775.633207486, 4097599.5829081405],
            [-4473798.773632476, 4096568.790868268],
            [-4470861.176337926, 4095925.6401543296],
            [-4469367.596023748, 4095220.637411441],
            [-4469283.758881969, 4094717.344308551],
            [-4482249.096935611, 4087626.782796058],
            [-4491043.936773952, 4083682.9002686148],
            [-4495743.263785594, 4084761.710893979],
            [-4506211.798054593, 4084815.0613839575],
            [-4508876.483923878, 4083744.2781591616],
            [-4509471.984386823, 4084088.101892278],
            [-4510352.052117598, 4083855.8134910553],
            [-4511933.168173605, 4083065.933810901],
            [-4514706.5621707635, 4083038.100219875],
            [-4517684.044961292, 4081332.7382288547],
            [-4517621.57677149, 4079643.184239537],
            [-4521066.199908559, 4076986.133600693],
            [-4523753.03785631, 4078077.775814326],
            [-4524816.836728545, 4077935.2736729914],
            [-4526509.061643503, 4077452.534941415],
            [-4526888.701957577, 4077584.9165715403],
            [-4530475.723621167, 4077912.192367497],
            [-4542505.176900749, 4070470.3142121513],
            [-4548876.094491489, 4069957.980182854],
            [-4572532.898370488, 4068756.1247487254],
            [-4586898.558042, 4064902.323773061],
            [-4591291.759537833, 4063835.3707561865],
            [-4592111.3721590815, 4063467.358981543],
            [-4594394.631140408, 4063190.8669420453],
            [-4595033.299625733, 4054392.8781584385],
            [-4595585.231467643, 4050919.4780738954],
            [-4596757.123549953, 4046352.4328684066],
            [-4603878.306333888, 4036146.146090267],
            [-4605757.312632407, 4027487.640325227],
            [-4604769.401378145, 4027017.6145085488],
            [-4604418.427978159, 4026639.883548285],
            [-4603701.0602960205, 4026394.7726343274],
            [-4603043.380144018, 4026393.8580583604],
            [-4602915.023963009, 4026177.3518729024],
            [-4602595.240548905, 4026147.6480222913],
            [-4602008.523855971, 4026657.4824152235],
            [-4601373.157705887, 4026306.2339516655],
            [-4601076.165427189, 4026281.751438488],
            [-4601105.384444514, 4026048.3600608553],
            [-4600962.727568591, 4026126.291153701],
            [-4600679.154929777, 4025980.0165391564],
            [-4600442.569306185, 4026070.1973627913],
            [-4600459.458233997, 4026227.6585363206],
            [-4600117.621711658, 4026063.3443709435],
            [-4599753.593770753, 4026199.2581507815],
            [-4599399.838016932, 4025462.8934022062],
            [-4596752.267255281, 4023534.8147961674],
            [-4596355.97533721, 4023103.755503059],
            [-4595859.441984966, 4022923.503668193],
            [-4595304.143286318, 4022326.6543285204],
            [-4594869.986126053, 4022357.3553906963],
            [-4594777.571999355, 4022552.274151311],
            [-4594417.970845576, 4022403.2195917144],
            [-4594298.100264446, 4022529.516136899],
            [-4593832.550709701, 4022255.519713246],
            [-4592906.009493381, 4021329.3767223614],
            [-4592109.73862259, 4019746.9085023343],
            [-4590817.851491142, 4019308.9574482497],
            [-4589707.497133415, 4019128.1824444775],
            [-4589121.247731581, 4019153.000666701],
            [-4588696.249399692, 4019396.9419710343],
            [-4588158.846827989, 4019313.046031988],
            [-4587927.399477081, 4019423.4716136917],
            [-4587175.943659562, 4018551.926315997],
            [-4586048.814022161, 4018213.877032528],
            [-4585315.265739923, 4017811.858871629],
            [-4584979.518467988, 4017495.597647507],
            [-4584869.719096549, 4017134.860812147],
            [-4584674.911187275, 4017042.5357352206],
            [-4584621.774248558, 4016517.1834922843],
            [-4583828.876876439, 4016312.7935858886],
            [-4583619.066445157, 4015675.155648429],
            [-4583284.094695749, 4015242.800959056],
            [-4582750.817992105, 4015338.5533240153],
            [-4582114.182736874, 4015860.332398569],
            [-4581521.346865648, 4015241.0532719414],
            [-4581222.6905676015, 4015120.3663275647],
            [-4581039.999322115, 4014637.6552485195],
            [-4579455.013574062, 4014142.858696213],
            [-4579268.780556604, 4013865.5366781717],
            [-4579250.415359383, 4013482.5626558918],
            [-4578501.57946595, 4012621.8397728126],
            [-4576325.045716224, 4010808.5874043317],
            [-4574730.414310206, 4009789.35971535],
            [-4574278.74723766, 4009878.4527080613],
            [-4573525.646062496, 4010388.1203003363],
            [-4572011.329931156, 4011722.5772649855],
            [-4571548.846114673, 4011421.6551460484],
            [-4570021.254683265, 4009637.4634690452],
            [-4569151.890047628, 4009243.406633307],
            [-4568412.110082223, 4007938.9808756122],
            [-4567703.759134737, 4007244.921941484],
            [-4565917.599106301, 4006998.452898312],
            [-4564493.786842848, 4006657.577852685],
            [-4564186.350633903, 4006079.2077743],
            [-4563875.377069293, 4005019.93293977],
            [-4563662.902314189, 4004793.2709055734],
            [-4563851.087476125, 4004512.2678208225],
            [-4563837.546917042, 4003665.2919036215],
            [-4564163.998746975, 4003512.5312026474],
            [-4563869.660932226, 4002562.403040008],
            [-4563831.966326556, 4001888.1021931586],
            [-4564222.534898264, 4001581.0399805983],
            [-4564144.947241498, 4001370.178044322],
            [-4563868.3597520655, 4001184.5771903824],
            [-4564467.088096989, 4000803.919384233],
            [-4564241.828918602, 3999889.6928654616],
            [-4564791.430967347, 3999524.9320815913],
            [-4564751.169923794, 3998840.6154500507],
            [-4564566.926286689, 3998500.7092216895],
            [-4564282.985545992, 3998191.6643243055],
            [-4563623.959975297, 3998198.9960919246],
            [-4562978.883244863, 3997291.108838094],
            [-4561912.803378373, 3997162.086738704],
            [-4561320.919973224, 3996958.8752149306],
            [-4560220.961812007, 3996116.8788409624],
            [-4559560.580553202, 3995953.283061886],
            [-4558392.682519522, 3995020.946393917],
            [-4557316.393425637, 3994739.467160834],
            [-4555857.66758263, 3994014.44707876],
            [-4552866.075687799, 3993458.645096027],
            [-4551764.067080161, 3992063.927103635],
            [-4550948.840720598, 3991312.6650414104],
            [-4550667.457731218, 3991220.4137359047],
            [-4550432.808279157, 3990745.951258809],
            [-4550010.560007869, 3990383.177356482],
            [-4549955.584065818, 3989977.7905396703],
            [-4549643.255751629, 3989780.1765872524],
            [-4549488.313198392, 3989295.045535361],
            [-4541993.975760288, 3987166.5502128717],
            [-4514623.233146516, 3975949.5298631093],
            [-4514164.348021291, 3976179.363669677],
            [-4513377.927121185, 3976288.485351244],
            [-4513497.039936485, 3976793.702249703],
            [-4513405.867417562, 3976922.78582687],
            [-4512669.600918317, 3976738.6378458147],
            [-4512377.906191346, 3977001.6415129737],
            [-4512043.720468937, 3977642.147931874],
            [-4511518.421646812, 3977509.580689163],
            [-4511257.52841554, 3977808.3343977765],
            [-4510648.010126988, 3977615.6841905997],
            [-4510341.655263742, 3977734.1338297743],
            [-4509546.320118216, 3977590.766864251],
            [-4509196.889773468, 3976831.7052547843],
            [-4508617.017519551, 3976558.450162954],
            [-4508670.915551625, 3975954.6763008297],
            [-4508209.462368811, 3976098.2554359254],
            [-4508233.775747209, 3975732.1018238887],
            [-4506798.61078539, 3975205.095080892],
            [-4507705.650168896, 3973874.7246532086],
            [-4507667.314324541, 3973523.874673958],
            [-4507184.6343360245, 3973490.5311427396],
            [-4506224.711002929, 3973080.0596247595],
            [-4505163.019373767, 3973410.1303376243],
            [-4504707.63677858, 3973778.5362397484],
            [-4504165.688625333, 3973924.339622551],
            [-4503424.14516369, 3973390.5527676307],
            [-4502688.003183682, 3973228.9972211234],
            [-4501767.589293801, 3973318.4839929626],
            [-4501282.905061135, 3973137.0405725413],
            [-4500076.054178907, 3972343.6498118425],
            [-4499888.91645159, 3971355.3880657316],
            [-4500033.344679166, 3971085.921573887],
            [-4499971.641849667, 3970302.857512466],
            [-4500075.504162643, 3970266.229426215],
            [-4500111.157387955, 3969999.3397936327],
            [-4499769.37521045, 3968844.9972615517],
            [-4499457.072344846, 3968810.2885907385],
            [-4497465.665882619, 3969336.2641112194],
            [-4497248.166170763, 3969258.8220263845],
            [-4496954.817713331, 3969436.226930227],
            [-4496288.006290853, 3969409.5787575794],
            [-4495806.605711562, 3969117.26218486],
            [-4495111.241466047, 3968979.3125194022],
            [-4493646.218206925, 3969753.7420759737],
            [-4493061.392543385, 3969888.102862786],
            [-4492388.62096243, 3969669.0590794566],
            [-4491391.5689516, 3969653.833536926],
            [-4490640.531121981, 3969377.17672616],
            [-4488464.440413815, 3969151.961280516],
            [-4488080.360583764, 3967797.6860193596],
            [-4487125.046403307, 3966990.30632728],
            [-4485118.83392372, 3965979.386420847],
            [-4483749.71415263, 3965561.145121873],
            [-4482737.245365838, 3962790.0472488008],
            [-4481317.734709247, 3961677.6519579673],
            [-4480690.387576076, 3960625.2415084043],
            [-4479738.138480846, 3959493.611878246],
            [-4477536.581940926, 3958743.192064179],
            [-4474485.017135432, 3954871.0807913425],
            [-4452086.21964734, 3928115.2450504056],
            [-4451837.034164177, 3927756.8132792353],
            [-4450857.917387794, 3923758.5154768447],
            [-4448331.420857628, 3920231.995647469],
            [-4442399.718966704, 3911462.7890380104],
            [-4435728.899693339, 3904826.0224804566],
            [-4428519.689885795, 3905107.80921671],
            [-4428010.770400143, 3904557.791057814],
            [-4428186.926590353, 3903621.1780114835],
            [-4428187.4050336415, 3902478.9596734317],
            [-4427703.57891314, 3902165.5589970625],
            [-4427673.345636282, 3900978.7085399],
            [-4427246.13096699, 3900618.6745812683],
            [-4427211.130730926, 3899823.118709244],
            [-4426712.333032161, 3898403.7392243175],
            [-4426401.344733365, 3898113.1429582825],
            [-4426264.2272905, 3897239.7336010584],
            [-4426344.45602734, 3896081.5535161356],
            [-4427044.698449079, 3894968.904104882],
            [-4426899.1217542915, 3894754.5351173235],
            [-4426512.925009771, 3894652.745581965],
            [-4426179.743882682, 3893869.130302115],
            [-4426345.467689574, 3893273.429624021],
            [-4426210.316291595, 3892410.5548070064],
            [-4426676.438896283, 3891381.8035294157],
            [-4427090.162836953, 3890903.6272684764],
            [-4426975.073219562, 3890255.4421294117],
            [-4426722.699348337, 3889961.282332264],
            [-4426282.745900556, 3889733.796482897],
            [-4426244.51828696, 3889461.0702400445],
            [-4426488.003363413, 3888590.406969607],
            [-4426869.92975584, 3888358.215218122],
            [-4427095.484100156, 3887907.7237279476],
            [-4427101.575345043, 3887347.093657568],
            [-4427604.636812048, 3887153.2521678717],
            [-4427933.460641166, 3886678.466485636],
            [-4428070.684513246, 3886369.6459911014],
            [-4428064.396946678, 3885940.666378164],
            [-4428720.978233596, 3885216.2115784218],
            [-4428981.631020987, 3884566.5384897664],
            [-4429520.046808309, 3884418.12651444],
            [-4429755.854223624, 3883680.4947272073],
            [-4429632.320184903, 3883185.804135867],
            [-4430047.959182915, 3882968.7494740393],
            [-4430550.007242159, 3882442.3726975988],
            [-4430895.971761124, 3882454.9116981328],
            [-4430857.3647831185, 3882101.5201250776],
            [-4426068.355277178, 3882090.4114829805],
            [-4424893.585482741, 3882341.262501146],
            [-4419796.978090049, 3884027.1181699326],
            [-4419776.362228664, 3883949.744359708],
            [-4418384.6642232435, 3884630.3953982736],
            [-4417643.608624153, 3884723.363880495],
            [-4416685.17842187, 3885164.2641897537],
            [-4411021.324676066, 3886813.829838925],
            [-4410794.96934571, 3886608.4960699957],
            [-4410730.548322571, 3885618.022439816],
            [-4410305.170109467, 3885336.9739630125],
            [-4408851.376369654, 3883736.284513096],
            [-4408530.280152777, 3883613.8820140245],
            [-4407720.785097505, 3883681.999030214],
            [-4407407.368352918, 3883433.3110827287],
            [-4407173.141765643, 3882854.699750771],
            [-4406422.01831907, 3882514.7488407837],
            [-4406195.389110425, 3882594.9774168744],
            [-4405934.645450514, 3883096.6441731215],
            [-4404927.858745567, 3883284.0250343154],
            [-4403539.219439809, 3883023.164400402],
            [-4402422.712227139, 3882077.660011186],
            [-4402147.473900913, 3882211.3677027617],
            [-4401919.950404369, 3882601.508575835],
            [-4400474.832015047, 3883001.2484506043],
            [-4400064.954612768, 3883563.3150423258],
            [-4399636.714600842, 3883820.620728022],
            [-4398129.76425689, 3884298.0297234654],
            [-4396648.682558182, 3885347.2773814723],
            [-4394635.851076695, 3886494.1350358394],
            [-4393944.04913049, 3887006.0864884113],
            [-4393078.0524659585, 3887956.0373131256],
            [-4391507.916110846, 3888821.858533902],
            [-4389512.236435893, 3889324.1218432533],
            [-4389122.006310493, 3889962.6751708724],
            [-4388393.8528873725, 3890256.6449909853],
            [-4387919.2920711655, 3891124.623461761],
            [-4387032.5938493805, 3891996.238622684],
            [-4386747.871917519, 3893350.804772325],
            [-4386349.618834124, 3893723.279852309],
            [-4386178.372231352, 3894405.101752103],
            [-4385464.245703092, 3894677.2574926815],
            [-4385259.070510351, 3894999.1727999756],
            [-4385471.725676861, 3895810.8604889386],
            [-4385489.103792542, 3897291.885697253],
            [-4385224.323319701, 3898330.6585700493],
            [-4384757.388695132, 3899072.317493871],
            [-4382406.5326885795, 3900740.3582098573],
            [-4381052.059112797, 3901321.4831929295],
            [-4378794.865666026, 3901849.742340337],
            [-4378190.812292163, 3902379.470905266],
            [-4377399.055903548, 3902669.4698933326],
            [-4376175.816228547, 3902886.332110366],
            [-4375574.883649798, 3903744.46681702],
            [-4375130.163529573, 3904727.425987879],
            [-4374780.391195934, 3905045.455619653],
            [-4373902.3862036, 3905398.855483478],
            [-4373229.923166634, 3905513.0323498677],
            [-4371868.810525732, 3905094.716255893],
            [-4370878.153982948, 3905309.935195934],
            [-4370596.305823739, 3905777.3306991654],
            [-4369976.406991218, 3906171.3898011963],
            [-4369552.334415867, 3906224.4600498555],
            [-4369373.999375454, 3906420.4821458533],
            [-4369576.949962403, 3906636.7215870568],
            [-4369560.183642006, 3907119.828292535],
            [-4369124.754377394, 3907730.8829114623],
            [-4369026.076350784, 3907773.6479433915],
            [-4368912.232312424, 3907525.443751468],
            [-4368538.658845826, 3907783.7500470025],
            [-4368001.718585723, 3907943.191742676],
            [-4367850.979023457, 3908414.479093472],
            [-4367331.907233707, 3908742.4380805823],
            [-4367152.391232545, 3909136.801363479],
            [-4366857.664497251, 3909324.5795559124],
            [-4366836.583874842, 3909456.0239177113],
            [-4367094.111733473, 3909752.613043971],
            [-4366435.7174695395, 3910891.199898338],
            [-4365420.356642528, 3910806.860099231],
            [-4364701.022421262, 3911688.030806324],
            [-4364083.340913734, 3912137.675771145],
            [-4363157.650096835, 3912537.032200255],
            [-4362657.689814081, 3912394.657909494],
            [-4362699.849950278, 3912842.4667009693],
            [-4362323.230264999, 3913279.303193934],
            [-4361658.798280788, 3912981.795462792],
            [-4360988.586893271, 3913588.5538836895],
            [-4360365.5039367555, 3913677.8637300036],
            [-4360026.935194302, 3914257.542848052],
            [-4359422.8788228, 3914418.2788207955],
            [-4359276.899506072, 3914564.2108842535],
            [-4359148.611503273, 3914950.2311107214],
            [-4359162.806198115, 3915466.6163493968],
            [-4358851.54042819, 3915396.44671898],
            [-4358503.392528103, 3915534.969499911],
            [-4358364.011681917, 3916168.700936309],
            [-4358162.665359143, 3916222.2700352054],
            [-4358093.233254593, 3916424.321533993],
            [-4358184.457114021, 3916767.211137601],
            [-4357930.516590723, 3917201.9189749085],
            [-4357787.313924365, 3917821.3385938033],
            [-4357108.4826255925, 3918858.5739577077],
            [-4357142.553811747, 3919410.2587733385],
            [-4357959.908632632, 3919365.2068872554],
            [-4358760.568460664, 3920229.7930308194],
            [-4358801.848263203, 3920786.7414288092],
            [-4358254.353374589, 3921279.394703146],
            [-4358222.251365902, 3921661.749693119],
            [-4358651.455477959, 3922291.4612808083],
            [-4359840.115593374, 3923254.673744822],
            [-4359707.180168012, 3923619.8600131418],
            [-4358953.595240772, 3924423.462620417],
            [-4358896.659156501, 3925248.365711343],
            [-4358507.755158205, 3925935.8717530714],
            [-4358500.467976822, 3926987.506684154],
            [-4358024.6338314, 3926917.0300192526],
            [-4357693.963098898, 3926722.8896129187],
            [-4357104.342471528, 3926828.921131031],
            [-4356836.204163604, 3926707.083028436],
            [-4356439.9277931405, 3926070.5719936322],
            [-4356747.369326031, 3925551.0102746966],
            [-4356478.825992219, 3925467.525861058],
            [-4355739.57164781, 3925578.9445635434],
            [-4355227.926166104, 3925815.3276444194],
            [-4354553.256672924, 3926408.578380788],
            [-4354203.070558951, 3926271.281205837],
            [-4354029.510651017, 3926360.436210227],
            [-4353812.686586956, 3926876.895956576],
            [-4353477.6748472685, 3927050.057870633],
            [-4353867.741415232, 3928003.6037956066],
            [-4353800.43871247, 3928387.590629869],
            [-4352850.014682873, 3929286.3224332007],
            [-4352754.510100139, 3929549.7120590773],
            [-4352901.902771089, 3930006.624444044],
            [-4352569.223497228, 3930630.2821965273],
            [-4352706.359766076, 3931063.155678066],
            [-4353106.529290821, 3931609.6661193445],
            [-4353009.146136626, 3931851.5511874],
            [-4352648.201585197, 3932132.1845970657],
            [-4352289.522624507, 3932074.8619346744],
            [-4351482.83332162, 3932254.936274364],
            [-4351292.069845374, 3932486.655946352],
            [-4351283.923180469, 3932783.582224519],
            [-4350951.992364683, 3932886.266155526],
            [-4350940.355714174, 3933323.9536127155],
            [-4350790.617749161, 3933459.465879429],
            [-4349534.3433216065, 3933679.4573512683],
            [-4349338.331079945, 3934157.4017027295],
            [-4349883.119531201, 3934455.972027844],
            [-4349792.372608617, 3934925.672569459],
            [-4348959.709850648, 3934957.1061990294],
            [-4348351.171542122, 3935662.9585780334],
            [-4347702.647954361, 3935613.5799549026],
            [-4347528.746528366, 3935794.3705134946],
            [-4347375.699753751, 3936429.678929114],
            [-4346917.989638852, 3936779.824950196],
            [-4346875.89623862, 3936946.7356297807],
            [-4346687.670975658, 3936547.8854088257],
            [-4346914.609114872, 3936147.1260484243],
            [-4346810.266586675, 3935893.116328244],
            [-4346931.12184428, 3935785.9524981547],
            [-4346610.584699497, 3935657.6619745186],
            [-4346514.566853105, 3935463.327784256],
            [-4346825.998797595, 3935317.437913325],
            [-4346794.206472525, 3935011.0553485556],
            [-4347005.4895280665, 3934869.213657225],
            [-4346842.818692462, 3934636.792993331],
            [-4346913.144204315, 3934475.404585427],
            [-4347112.122909426, 3934434.739789977],
            [-4347260.110780971, 3934121.7907298594],
            [-4346991.668195763, 3933886.703315052],
            [-4347100.662055911, 3933587.540030118],
            [-4346951.684053151, 3933491.948069384],
            [-4346980.264351177, 3933295.61292989],
            [-4346795.577764093, 3933202.335136078],
            [-4346931.635714418, 3932972.9952884084],
            [-4346732.619156394, 3932945.5233863792],
            [-4346590.12750558, 3932698.363072328],
            [-4346098.630029668, 3932448.2624894516],
            [-4346040.745505743, 3932285.518065142],
            [-4346298.7889725715, 3931491.478748552],
            [-4346052.17160724, 3931232.218328907],
            [-4346103.923078967, 3930994.6060240036],
            [-4345993.391935321, 3930904.308643078],
            [-4345783.133107438, 3931001.219692164],
            [-4345508.827038996, 3930382.862070232],
            [-4345115.553804661, 3930449.3867196064],
            [-4344969.17813752, 3929990.2328782817],
            [-4345255.225064408, 3929996.4175694487],
            [-4345387.454227956, 3929689.29486088],
            [-4345304.739509259, 3929594.535268976],
            [-4345150.691239741, 3929680.9097186024],
            [-4345084.639149123, 3929539.7091680514],
            [-4345207.258491469, 3929420.169089317],
            [-4345086.465764932, 3929294.993803177],
            [-4345175.861514668, 3929085.612266936],
            [-4344873.175183113, 3928832.934135891],
            [-4344647.5982103925, 3928184.1297766347],
            [-4344428.049376311, 3928092.535627454],
            [-4344329.113212131, 3927731.47465204],
            [-4344493.190714943, 3927452.0766643984],
            [-4342777.566771267, 3926775.723381753],
            [-4342245.774098677, 3927105.6592459925],
            [-4342192.915822466, 3927254.5298613976],
            [-4342058.051569865, 3927241.0531104337],
            [-4342002.300459617, 3927475.184842296],
            [-4341515.965627235, 3927412.044486882],
            [-4341375.238404997, 3927250.931444928],
            [-4341192.365041558, 3927337.2023530467],
            [-4340715.168714873, 3927210.9205060443],
            [-4340330.086096506, 3927253.219783105],
            [-4340179.799767069, 3927401.8036364387],
            [-4339759.830109685, 3927146.7143113706],
            [-4339593.196141786, 3927249.7200012626],
            [-4339609.057929018, 3927126.3551490693],
            [-4339150.138517704, 3926836.018353029],
            [-4338143.239648961, 3926570.200175975],
            [-4337967.618860341, 3926624.8490470066],
            [-4337962.608398288, 3926415.1627133414],
            [-4337619.5154750785, 3926227.014618709],
            [-4337482.218413068, 3926029.7285281816],
            [-4337561.676243751, 3925953.3374285386],
            [-4337352.541501565, 3925784.444260079],
            [-4337554.515965892, 3925635.974521195],
            [-4337529.768742908, 3925350.452566558],
            [-4337798.945439192, 3924583.2079701037],
            [-4337638.174646781, 3924427.21046653],
            [-4337567.473693732, 3923853.4952742076],
            [-4337292.553343283, 3923622.7576373667],
            [-4336994.4794579595, 3922014.6212249426],
            [-4336680.458679151, 3921635.641530926],
            [-4336356.680297265, 3920465.129094942],
            [-4335220.417842125, 3920406.9134779586],
            [-4334909.929314496, 3920090.9960851795],
            [-4334779.8336303355, 3919716.337614515],
            [-4334023.089021424, 3919361.2915000985],
            [-4333680.949003957, 3918805.745956251],
            [-4333549.962478987, 3918277.994076672],
            [-4332120.156941976, 3918662.582344112],
            [-4331621.247570886, 3918948.039168975],
            [-4331242.995632602, 3918930.8712096754],
            [-4330978.387554501, 3918688.7556810826],
            [-4330705.433090301, 3918627.7856344585],
            [-4329960.379514898, 3918981.8749934616],
            [-4329723.616903165, 3919268.9216260747],
            [-4328450.18912848, 3919000.1670083525],
            [-4328139.45914846, 3918521.5746333855],
            [-4327855.865483235, 3918336.377632554],
            [-4326823.712597138, 3918268.790711593],
            [-4326214.750433012, 3917871.9673271496],
            [-4325173.671371629, 3917639.353021622],
            [-4324541.024964974, 3916893.5513252723],
            [-4323723.508896192, 3916506.339001318],
            [-4323400.110231884, 3916153.5032394365],
            [-4323166.268871404, 3915318.8436851273],
            [-4323254.487178934, 3914727.9453909392],
            [-4322960.28378975, 3914270.072457738],
            [-4322555.453898363, 3914040.127689514],
            [-4321948.324182956, 3913967.2671655393],
            [-4321615.548180692, 3913637.8781037377],
            [-4321512.156373135, 3913336.463017658],
            [-4321369.628448628, 3913317.9908556864],
            [-4321030.664009312, 3912602.205199192],
            [-4320775.278371342, 3912350.1053007594],
            [-4320628.335109898, 3912512.257957637],
            [-4320434.926440128, 3912435.6017237753],
            [-4320043.020081812, 3912792.999957843],
            [-4320020.684990153, 3912705.0369818625],
            [-4319653.073136183, 3912709.7924167654],
            [-4319325.852203114, 3912961.8933116137],
            [-4318859.43361596, 3912956.7003114815],
            [-4318347.9185353955, 3912739.6928270785],
            [-4318421.157044448, 3913166.5631312802],
            [-4318140.4341096645, 3913668.8848565584],
            [-4317300.365663009, 3913681.112741686],
            [-4316759.153540656, 3914276.578288249],
            [-4317012.9626246635, 3915286.3806670094],
            [-4316770.840538451, 3915748.159169852],
            [-4315846.616166677, 3916300.9502168014],
            [-4315109.920101678, 3916382.7669085884],
            [-4314852.511339457, 3916142.594188492],
            [-4315206.932933225, 3915996.367958352],
            [-4315196.021509577, 3915759.620359246],
            [-4314167.6113005495, 3915586.680752496],
            [-4313766.7608925095, 3915982.769394039],
            [-4313299.086933944, 3916960.140772996],
            [-4313686.614372377, 3917517.5411173524],
            [-4313996.525521464, 3917726.4433978335],
            [-4314619.325153592, 3917657.7120838724],
            [-4314995.050923219, 3917469.1194148315],
            [-4315291.422404241, 3917692.4372198116],
            [-4314915.147212766, 3918507.270094073],
            [-4314885.950241015, 3919154.2679269155],
            [-4314509.283629518, 3919442.489450966],
            [-4314573.475061903, 3920106.5690817665],
            [-4315520.73436723, 3920466.3387406836],
            [-4315755.250000987, 3921306.327534118],
            [-4314866.794472915, 3921392.616983197],
            [-4313520.996444473, 3920972.676879632],
            [-4312989.225702231, 3921087.2851406145],
            [-4312886.767215396, 3921273.779358914],
            [-4312991.072978165, 3921594.1054108785],
            [-4313338.090062773, 3922071.088239915],
            [-4313251.840234598, 3922512.308924999],
            [-4312237.9842924075, 3923162.6958341845],
            [-4312088.456102241, 3923958.0394032523],
            [-4311494.811026662, 3924340.023419926],
            [-4311350.897116637, 3924707.5242062365],
            [-4310694.030038556, 3924465.6092371433],
            [-4310040.3128726715, 3923836.6531150527],
            [-4309280.273850719, 3924104.2768984535],
            [-4309278.4493870335, 3924986.047689181],
            [-4309140.09726329, 3925058.779413759],
            [-4308211.543300129, 3924878.3804461695],
            [-4307460.062137017, 3925375.4457016345],
            [-4306791.513302064, 3925122.5857670344],
            [-4305696.460078348, 3925711.101331045],
            [-4305005.675814355, 3925744.856319063],
            [-4304566.492090053, 3925995.5763206407],
            [-4304173.7432522485, 3926038.117583474],
            [-4303833.596674034, 3926438.700571486],
            [-4304491.425610424, 3927095.8081162567],
            [-4304266.862387383, 3927733.2230903497],
            [-4303435.793862365, 3927930.920148169],
            [-4302720.7689740425, 3927658.4058971675],
            [-4302559.676874274, 3927723.0035876017],
            [-4302172.06558289, 3928114.355016992],
            [-4301850.474791237, 3928803.659737669],
            [-4301543.672389747, 3929023.9985301737],
            [-4300963.350437177, 3929080.5541343484],
            [-4300321.825162236, 3929447.0756817223],
            [-4300629.063637854, 3929968.994626342],
            [-4301086.812978234, 3930238.7541947877],
            [-4301266.142626368, 3930835.510528328],
            [-4301689.203665249, 3930959.512201876],
            [-4301794.00701443, 3931168.203220002],
            [-4301713.873070475, 3931360.8446205747],
            [-4301344.917188085, 3931609.9338376634],
            [-4301562.132020583, 3932163.9772929694],
            [-4300866.898177913, 3932544.7355548604],
            [-4300624.730307087, 3932421.5434885835],
            [-4300272.529287832, 3931915.669580471],
            [-4299843.8758661235, 3932017.485788755],
            [-4299491.161021658, 3932327.5008848333],
            [-4299227.30982712, 3932307.973146849],
            [-4298853.736176157, 3931644.6638131235],
            [-4298011.647381374, 3930979.6095632543],
            [-4297799.846751297, 3930399.7029925934],
            [-4297530.396888338, 3930251.170351953],
            [-4296101.824889489, 3930884.2353092777],
            [-4295807.765971895, 3931260.2104141265],
            [-4294887.909879316, 3931382.6565147485],
            [-4294954.894411661, 3931711.493451615],
            [-4295342.891602173, 3932305.6277930145],
            [-4295139.868979951, 3932869.441243412],
            [-4294547.694160365, 3933251.308170512],
            [-4294785.5452225385, 3933697.7921533394],
            [-4295300.878178192, 3934107.161407286],
            [-4295163.100352685, 3935518.1608962305],
            [-4294890.983759523, 3935668.0256819003],
            [-4294378.109628187, 3935653.5719475118],
            [-4294188.266525855, 3935341.13251177],
            [-4294005.559279358, 3935487.609485861],
            [-4293871.094483707, 3936216.635477778],
            [-4293725.497772355, 3936332.8495366676],
            [-4292704.383567855, 3936645.2456860477],
            [-4292154.661563898, 3936677.2946435725],
            [-4291939.421928768, 3937766.2227371177],
            [-4291426.970011792, 3937922.9116123654],
            [-4291534.99247063, 3938375.342270985],
            [-4292239.962364682, 3939019.6914199656],
            [-4291384.553547444, 3940140.166361326],
            [-4291517.932162739, 3941197.4700696175],
            [-4291397.357792933, 3941315.1567093227],
            [-4291151.6640422335, 3941425.3355025314],
            [-4290573.185351425, 3941318.19715776],
            [-4289944.654999389, 3940559.764934968],
            [-4289838.90215997, 3940131.2140568043],
            [-4288699.7047284795, 3940091.6809092006],
            [-4288107.674268704, 3940550.833977891],
            [-4288049.317966621, 3940933.302017144],
            [-4288167.726568334, 3941517.4714619205],
            [-4288076.525718013, 3941745.5718931505],
            [-4288403.493219097, 3942681.9964291262],
            [-4289081.138577839, 3943378.413984446],
            [-4288888.304639174, 3943702.851053848],
            [-4288372.937913505, 3943709.3979351525],
            [-4288257.030097686, 3944539.3039017543],
            [-4287984.083627735, 3944624.09670889],
            [-4287679.68986864, 3944513.393633919],
            [-4287855.177258861, 3945127.2110647103],
            [-4287820.407507098, 3945800.0599272354],
            [-4286603.467692727, 3946022.534206709],
            [-4286393.151126959, 3946188.509237576],
            [-4286282.195903069, 3946450.3718750277],
            [-4286315.697343885, 3946946.984066486],
            [-4286647.5920176385, 3947902.4120382834],
            [-4285958.803971887, 3948244.448988053],
            [-4285038.979322534, 3948056.776383625],
            [-4284359.226799324, 3948062.145906746],
            [-4284048.625847055, 3948205.8398637325],
            [-4283538.391776318, 3948740.9207874974],
            [-4283664.828124333, 3949942.4514935524],
            [-4283283.709090707, 3950206.7792932037],
            [-4282561.351490734, 3950113.3873910005],
            [-4281865.946229418, 3951480.2462619054],
            [-4281354.150055959, 3951530.623649655],
            [-4280377.809138735, 3951129.7411602065],
            [-4279822.996611476, 3951635.8385083997],
            [-4280030.03700525, 3952245.1934542954],
            [-4279903.414822336, 3952339.978464946],
            [-4279238.220803561, 3951982.7817776757],
            [-4278795.225743633, 3951568.9084347826],
            [-4278387.062348639, 3951613.9262591363],
            [-4278281.479077761, 3951862.94351639],
            [-4278935.7036005305, 3953712.6307166712],
            [-4278480.556618413, 3953912.431091614],
            [-4277424.7440303555, 3953360.6717792377],
            [-4277208.720879804, 3953489.058343226],
            [-4277075.425548366, 3953824.2343117576],
            [-4277723.6168650985, 3953872.9138852805],
            [-4277832.728814402, 3954388.2429942098],
            [-4277183.359229524, 3955172.096485972],
            [-4276696.2452777475, 3955415.8719294295],
            [-4276403.688233568, 3955241.16471253],
            [-4276556.089053835, 3954589.3345805653],
            [-4276427.26325137, 3954343.5156613276],
            [-4275436.687494783, 3954575.1258702134],
            [-4275227.423913714, 3954863.4189407504],
            [-4275141.369370134, 3955466.047991785],
            [-4275241.444061166, 3955648.499689171],
            [-4275834.48557835, 3955893.2590033645],
            [-4275785.551222307, 3956276.994405999],
            [-4275522.657746593, 3956378.3706380893],
            [-4274893.777843565, 3956237.7844754993],
            [-4274508.164520494, 3956415.152377048],
            [-4274552.026439283, 3957208.0508275027],
            [-4274420.11030593, 3957578.312296192],
            [-4273425.784100646, 3957660.990778629],
            [-4273085.8633442065, 3957561.970192462],
            [-4272427.526402954, 3957086.123808321],
            [-4271872.5496334415, 3957044.2415501066],
            [-4271792.356566273, 3956817.091184676],
            [-4271155.395527998, 3956765.444537312],
            [-4270747.821868862, 3956471.472553249],
            [-4270475.432432949, 3956058.770837005],
            [-4270187.728787046, 3956009.794245996],
            [-4269634.922150305, 3956188.204612225],
            [-4269386.622934365, 3956604.34202152],
            [-4269288.165130991, 3957154.185842082],
            [-4269376.562601399, 3958335.8090893915],
            [-4268964.418345946, 3958457.89489018],
            [-4268236.2579766745, 3958143.409461994],
            [-4268012.266093139, 3958256.5314121926],
            [-4268553.691269374, 3959314.626211337],
            [-4268414.394135337, 3960272.7564992444],
            [-4268517.069016765, 3960671.351801925],
            [-4268913.528200266, 3960944.6193633005],
            [-4268872.202344348, 3961028.1480095717],
            [-4268309.801070538, 3961325.756530188],
            [-4267787.422659622, 3961976.2541660783],
            [-4267416.610575021, 3961991.931949031],
            [-4266445.235853309, 3961560.3469264903],
            [-4266303.7554096505, 3960951.9062365093],
            [-4266196.388469825, 3960912.2578057763],
            [-4265582.099621277, 3961257.04398494],
            [-4265127.276648689, 3962803.429518289],
            [-4264547.5669311965, 3963376.286519942],
            [-4263703.042957871, 3963534.2810780555],
            [-4262941.633475303, 3963095.719813272],
            [-4261968.105725996, 3964055.9486514726],
            [-4261482.305806286, 3964886.6514001656],
            [-4260754.69960782, 3965384.91908616],
            [-4260105.27173028, 3965252.2504351945],
            [-4259489.9159554895, 3966635.9294453906],
            [-4259515.765603241, 3966964.6505588824],
            [-4260031.159567843, 3967865.0787906433],
            [-4259930.25270698, 3968410.480666324],
            [-4259447.2711692145, 3968904.754959291],
            [-4258609.354128464, 3969218.6662795856],
            [-4257523.7051468585, 3969293.2697374504],
            [-4256973.421630005, 3969094.115837716],
            [-4256319.918731345, 3968575.6297956654],
            [-4255883.650390465, 3968782.9440379036],
            [-4255562.41348403, 3969539.2913534595],
            [-4255150.413415573, 3969953.6800852558],
            [-4254804.264993832, 3970041.57842914],
            [-4254072.794239283, 3969851.405790701],
            [-4250004.528995172, 3970465.1107409266],
            [-4247880.421186286, 3970918.5958343963],
            [-4243550.721025353, 3971436.4563719933],
            [-4237211.279800825, 3972528.334806687],
            [-4235361.178111017, 3973395.195898749],
            [-4231790.7323389165, 3977031.1439204356],
            [-4231274.776076676, 3976552.0778376106],
            [-4229124.468530077, 3979219.964072871],
            [-4227933.04306759, 3979704.679199102],
            [-4218217.424300317, 3982600.069368891],
            [-4210915.288016697, 3985212.518043128],
            [-4209487.02908381, 3985489.302372589],
            [-4209222.465970377, 3985822.0911237546],
            [-4198809.096806301, 3989436.1744826627],
            [-4197829.87978443, 3989619.7986106384],
            [-4197178.608777308, 3989884.866391101],
            [-4196966.613959825, 3990102.384451714],
            [-4194502.217533628, 3990820.676640668],
            [-4194304.316131033, 3991013.8387632184],
            [-4192221.097965652, 3991616.6574972966],
            [-4190605.0957534094, 3992287.238343882],
            [-4182421.375751471, 3994966.038991037],
            [-4182213.497137256, 3995202.111654236],
            [-4181514.059662845, 3995520.2035889938],
            [-4181176.5666261557, 3995809.4613582473],
            [-4180791.1983397473, 3996561.046428328],
            [-4180997.6695072833, 3996898.5955303884],
            [-4181117.8887683414, 3997708.670424237],
            [-4180930.1738866568, 3998185.7064284296],
            [-4180437.8644586476, 3998759.639100967],
            [-4180447.049872864, 3999454.0688161105],
            [-4182037.8310359614, 4002622.5250671282],
            [-4182307.183249742, 4003456.7966956478],
            [-4182263.7458993252, 4003939.5172691965],
            [-4181702.9613180147, 4005636.1605261955],
            [-4181036.359666175, 4006990.8589691613],
            [-4180814.773811444, 4007825.387800161],
            [-4181030.999393351, 4008611.1066508433],
            [-4180528.5809675176, 4009719.8357478897],
            [-4180084.322103943, 4010404.628185871],
            [-4179504.6885758224, 4010713.174205321],
            [-4178968.8981749904, 4011604.959401691],
            [-4177362.4215308367, 4012763.7581094936],
            [-4174436.7805062565, 4014549.830275291],
            [-4174277.6950044776, 4014753.1856056135],
            [-4173449.3004415883, 4015070.5153076025],
            [-4173267.500926651, 4015430.7888670643],
            [-4173195.0260416404, 4015381.984121016],
            [-4172818.853333461, 4015721.6510396283],
            [-4172393.8747198195, 4015799.530293667],
            [-4172352.5218623797, 4015948.621386662],
            [-4171791.746523106, 4016239.9361308306],
            [-4171261.5909408093, 4016982.803508725],
            [-4170530.827034185, 4017317.0824482166],
            [-4170459.141443664, 4017454.7373301997],
            [-4170571.8750910712, 4017601.304178231],
            [-4170501.3438704, 4017761.4151427005],
            [-4170323.2775873016, 4017683.4585361294],
            [-4170395.350554386, 4017837.5508521143],
            [-4170130.6965395953, 4018235.5841924166],
            [-4170137.6025303253, 4018509.8051433787],
            [-4169889.6655323827, 4018736.608356063],
            [-4169659.1982772984, 4018688.164272351],
            [-4169659.071341263, 4018912.5784051465],
            [-4169338.6475414387, 4019023.2591327373],
            [-4169500.3937402577, 4019287.7585194698],
            [-4169130.6849086448, 4019773.2065546676],
            [-4169146.991242589, 4019925.2726846193],
            [-4168896.635505957, 4020070.9081848175],
            [-4168909.8186332406, 4020218.560940678],
            [-4168724.531332026, 4020152.0389447394],
            [-4168473.353027296, 4020441.553565735],
            [-4168591.5010710997, 4021022.191371591],
            [-4168417.0652430058, 4021434.2183605256],
            [-4168215.211255171, 4021576.600372522],
            [-4168214.8140530214, 4021894.9670716217],
            [-4167915.1554623563, 4022063.033995101],
            [-4168111.0590695953, 4022178.9243819453],
            [-4168033.5974052167, 4022493.8219255223],
            [-4168208.4072021167, 4022588.1755192056],
            [-4167821.6140286354, 4023364.5801535994],
            [-4167925.4082901855, 4023467.8648049207],
            [-4167703.1246361877, 4023725.1866739467],
            [-4167890.0246074614, 4023817.4391937666],
            [-4167734.8921994218, 4024340.5272382535],
            [-4167947.833331524, 4024452.093964342],
            [-4167938.890776837, 4024573.434575055],
            [-4168084.9179551452, 4024512.352427873],
            [-4168016.5160660213, 4024716.74342369],
            [-4168190.4474236816, 4024957.614835002],
            [-4168296.660811513, 4024867.6278959415],
            [-4168186.3857862325, 4025071.5468307403],
            [-4168445.907196969, 4025478.0858935206],
            [-4168123.1835200093, 4025795.6641704324],
            [-4167889.636691249, 4025679.1030614716],
            [-4167644.933263915, 4025764.0489142016],
            [-4167528.9461935605, 4025633.7474988597],
            [-4167579.941102341, 4025447.992610351],
            [-4167334.390336909, 4025444.9168864028],
            [-4167192.16888172, 4025669.8378658793],
            [-4166944.4166787597, 4025522.787282831],
            [-4166667.6478470927, 4025557.0802288717],
            [-4166493.014077717, 4025875.535033676],
            [-4166883.1862314004, 4025950.1624213965],
            [-4166880.4466108005, 4026243.309777539],
            [-4166528.05533207, 4026491.7529087863],
            [-4166855.6092483425, 4026754.7881254265],
            [-4166706.683491398, 4027047.1909217755],
            [-4166445.482320207, 4026895.7083226573],
            [-4166278.681431777, 4027261.6116603795],
            [-4166132.24771026, 4027069.196633274],
            [-4166306.414500818, 4026894.501607261],
            [-4166031.2692567953, 4026943.568216449],
            [-4166060.1832182566, 4027190.6415890153],
            [-4165935.6922965664, 4027300.9131622757],
            [-4166016.5574700967, 4027730.21943551],
            [-4166197.683748038, 4027943.809083376],
            [-4165833.6834807177, 4027888.798550467],
            [-4165654.153565132, 4027993.0563327847],
            [-4165241.0456329277, 4027782.765800898],
            [-4165121.219006272, 4027851.319713464],
            [-4164975.575232765, 4028540.6751021957],
            [-4165054.2786776405, 4028740.8742897515],
            [-4164812.5312439157, 4028867.5675188047],
            [-4164600.6653953427, 4028785.243734469],
            [-4164851.2550597945, 4029180.568395944],
            [-4164394.2185322773, 4029426.618331405],
            [-4164390.2380230767, 4029743.608575849],
            [-4164678.841741486, 4030136.178072292],
            [-4164361.321240965, 4030458.800726856],
            [-4164046.26622111, 4030086.17404859],
            [-4163924.8759474508, 4030213.20375901],
            [-4163982.65651598, 4030437.2881781063],
            [-4163486.310671988, 4030492.1075784513],
            [-4163347.607192049, 4030935.002612795],
            [-4163701.4861991126, 4031345.8077951376],
            [-4163300.131535385, 4031566.1446810854],
            [-4163298.142662666, 4031712.6904966487],
            [-4163442.1879964503, 4031865.7263898384],
            [-4163677.434141403, 4031708.4886446907],
            [-4164179.4350313945, 4031895.3222995684],
            [-4164272.1120597566, 4032171.937940711],
            [-4164052.288120847, 4032324.66512461],
            [-4163801.528642275, 4032302.275107515],
            [-4163906.7198456023, 4032571.1367945424],
            [-4163776.472532593, 4032771.0198862166],
            [-4163816.13723434, 4032961.163962505],
            [-4164324.555644328, 4033186.2249075505],
            [-4164176.830293813, 4033529.441513935],
            [-4164231.886494246, 4033679.478797243],
            [-4163826.2458266015, 4034013.7434387575],
            [-4163667.701692707, 4033730.449995076],
            [-4163500.907636811, 4033819.621519042],
            [-4163660.014566055, 4034242.3429817534],
            [-4163615.8692210536, 4034679.141585935],
            [-4163801.854480589, 4034856.933332834],
            [-4163528.4032396367, 4034997.621728922],
            [-4163350.3328037383, 4034839.6327049406],
            [-4163310.0363907535, 4035037.126632796],
            [-4163070.6384644383, 4035091.8157986677],
            [-4163484.216767445, 4035301.6637504892],
            [-4163130.688158233, 4035644.7126991353],
            [-4163451.579903579, 4035751.648949692],
            [-4163466.774971188, 4035869.7504555522],
            [-4163315.0039590662, 4036023.3807901153],
            [-4162988.8825398986, 4035937.069430127],
            [-4163154.430824549, 4036252.336287784],
            [-4163090.5877619195, 4036399.9676242587],
            [-4162698.48858777, 4036230.888001383],
            [-4162794.611431272, 4036685.299482236],
            [-4162615.2480655108, 4036888.6986957043],
            [-4162632.772865867, 4037096.4373788484],
            [-4162178.5788200544, 4037089.122644024],
            [-4161997.4330961644, 4037470.1803307515],
            [-4162205.760894849, 4037906.8596735215],
            [-4161928.6601525256, 4037937.6669814046],
            [-4161572.379366235, 4037726.2089644857],
            [-4161353.0751773333, 4038003.9073790475],
            [-4161429.6061326507, 4038154.0147635327],
            [-4161650.956725295, 4038201.540050345],
            [-4161425.6562723545, 4038424.893303461],
            [-4161311.112411841, 4038161.418428311],
            [-4161050.9540211703, 4038164.256371052],
            [-4161142.4018536666, 4038981.9887166647],
            [-4161271.138235641, 4039064.8736309153],
            [-4161014.5412013503, 4039388.6247450006],
            [-4161250.6740249014, 4039623.883367912],
            [-4161407.4349390143, 4039428.419951348],
            [-4161484.2901974455, 4039490.2727296976],
            [-4161283.49333017, 4039848.107942691],
            [-4160981.067006125, 4039952.4444818245],
            [-4160940.4334658193, 4039825.172835281],
            [-4160774.419444039, 4039867.659289553],
            [-4160952.3068805365, 4040483.3073913576],
            [-4160563.754468901, 4040405.4171552463],
            [-4160361.689085303, 4040193.5630993806],
            [-4160343.8264760436, 4040501.414424849],
            [-4160202.787155283, 4040591.1578725465],
            [-4160439.598461824, 4040695.5558204954],
            [-4160395.1274774163, 4040842.11173393],
            [-4160278.821117132, 4040896.4316230477],
            [-4160101.5128261684, 4040658.105159561],
            [-4159952.9911386888, 4040875.0016641663],
            [-4159706.531067858, 4040841.5486329165],
            [-4159966.734588178, 4041212.6723656505],
            [-4159907.943461574, 4041393.55489311],
            [-4160133.2153485906, 4041450.541315793],
            [-4160231.2964065196, 4041628.1294199866],
            [-4159931.970765347, 4041891.531241472],
            [-4159772.8640595432, 4041799.1240899526],
            [-4159741.9140082323, 4041956.3771955557],
            [-4160218.9596735546, 4042155.605912953],
            [-4160699.817976856, 4042038.3562164963],
            [-4160593.792061094, 4042340.828249599],
            [-4160304.557022477, 4042464.2323534116],
            [-4160405.3217858295, 4042576.3414459946],
            [-4160566.39383414, 4042528.6033140677],
            [-4160544.4138234816, 4042803.9231771627],
            [-4160214.395750286, 4042773.206988754],
            [-4160156.6046498083, 4042995.3112583947],
            [-4159971.15053082, 4042821.2350478587],
            [-4160100.354567265, 4042739.6598489266],
            [-4160005.528677657, 4042647.3493964323],
            [-4159783.5972326025, 4042859.0753316777],
            [-4159617.3706254573, 4042832.675641874],
            [-4159622.1588530983, 4043374.828758746],
            [-4159367.4981189016, 4043292.8711123476],
            [-4159241.9246894475, 4043088.3479658198],
            [-4158983.802056963, 4043228.4312601043],
            [-4158843.8043566598, 4043118.946038778],
            [-4158735.9022406945, 4043361.565027704],
            [-4158848.222444608, 4043811.059297446],
            [-4158476.610670177, 4043921.477564897],
            [-4158433.0607843758, 4043586.054311956],
            [-4158258.2418716107, 4043845.069666952],
            [-4158161.357858222, 4043628.988987447],
            [-4157982.7398376577, 4043680.189641973],
            [-4157920.5188491223, 4043810.1742976634],
            [-4158147.688192361, 4044086.7662950745],
            [-4157835.7357791173, 4044148.113704658],
            [-4157717.4336731997, 4043972.3308279463],
            [-4157543.340893786, 4044162.955041319],
            [-4157523.723147875, 4044423.0787396533],
            [-4157412.628421272, 4044424.7414829805],
            [-4157581.0670892233, 4044681.16516839],
            [-4157225.9179314366, 4044719.631890383],
            [-4157238.4296286325, 4044924.3094509277],
            [-4156965.9109765207, 4044821.2251627827],
            [-4157165.0067283427, 4045411.8018369423],
            [-4156907.8917239024, 4045360.7799050827],
            [-4156759.5313954186, 4045598.5153233022],
            [-4157157.1198837487, 4045755.033581237],
            [-4157046.5863842824, 4046178.595128658],
            [-4157380.654317209, 4046362.608164455],
            [-4157096.261568138, 4046454.197613898],
            [-4157198.054070383, 4046762.8420357364],
            [-4157032.92149063, 4046771.602604445],
            [-4156932.2065720344, 4046994.92975745],
            [-4157002.510098635, 4047094.659644328],
            [-4156827.2397357314, 4047161.0639099577],
            [-4157150.454481004, 4047367.1103532766],
            [-4156970.341151013, 4047617.172176704],
            [-4156963.625198457, 4047854.3217325173],
            [-4157165.752027582, 4047725.193267081],
            [-4157219.6217975575, 4047852.680609478],
            [-4157013.094169786, 4048332.8252231325],
            [-4157167.9650932257, 4048388.380144081],
            [-4157166.176239363, 4048681.2160679027],
            [-4156962.5442714384, 4048721.8238014122],
            [-4156842.302268154, 4048963.510997984],
            [-4157049.6420762073, 4049067.4573629233],
            [-4157433.80105341, 4050564.5174910207],
            [-4157363.3723191163, 4050957.862475875],
            [-4156792.884305824, 4051635.7310235924],
            [-4156225.9794627046, 4052950.3677646285],
            [-4156799.891308413, 4054660.9767250926],
            [-4156487.4488068186, 4054987.223188362],
            [-4155697.3198657623, 4055071.5343488352],
            [-4155396.3374867192, 4055901.6258497993],
            [-4155032.680777057, 4056211.6128660175],
            [-4154737.931492721, 4056167.1771387225],
            [-4154497.193175634, 4057111.709932145],
            [-4154007.1438171524, 4057800.547296853],
            [-4153679.1466391, 4057922.5511379875],
            [-4153313.50659999, 4058319.965798656],
            [-4152778.578486531, 4058623.217615895],
            [-4152707.609405426, 4058813.2171108434],
            [-4152797.078211493, 4058993.2467830926],
            [-4153763.358046302, 4059247.267142728],
            [-4154539.7905159188, 4059611.600330816],
            [-4155284.897562901, 4060703.7123600207],
            [-4156468.0968989935, 4061016.577506568],
            [-4156808.533056133, 4061263.7539353594],
            [-4157377.218385725, 4061294.454690972],
            [-4158198.2965267245, 4061012.618746094],
            [-4158781.394300788, 4060959.9650245993],
            [-4160149.7370808553, 4061510.129379925],
            [-4160846.6537140235, 4061557.6375236744],
            [-4161558.8484698557, 4061834.033312079],
            [-4162322.4611491347, 4062454.188405861],
            [-4162779.29827358, 4062640.307003673],
            [-4163384.1894410453, 4063232.9264139035],
            [-4163450.6582613466, 4063551.014272764],
            [-4163986.650191599, 4063970.877072365],
            [-4164894.061007903, 4064032.347931916],
            [-4165452.054067409, 4064226.537899289],
            [-4167434.590112255, 4064322.6424942147],
            [-4168814.5725063467, 4064982.861325093],
            [-4169316.5953990906, 4065422.983789215],
            [-4169726.0017477483, 4066146.8780637607],
            [-4170381.9487447473, 4066597.7703362945],
            [-4171534.066657987, 4066583.2358801924],
            [-4172344.0637187855, 4065754.6812119493],
            [-4172809.0758202905, 4065550.634220491],
            [-4173308.3575350237, 4065545.529908769],
            [-4173660.1575582093, 4065705.9371875357],
            [-4174203.577581489, 4066363.706622655],
            [-4174739.6152596143, 4069011.3066460458],
            [-4175189.879722614, 4069252.042286219],
            [-4175793.175224424, 4069316.074655028],
            [-4176471.492508695, 4068978.253006314],
            [-4177031.520747163, 4068437.0942647294],
            [-4177176.6882845336, 4067897.420214731],
            [-4178448.401403852, 4068294.724630909],
            [-4178789.401911615, 4068649.089868357],
            [-4178642.219091379, 4069211.5071763396],
            [-4179143.4013646236, 4070324.9286551755],
            [-4179071.5869917544, 4070597.735024889],
            [-4178157.278453412, 4071037.1059939917],
            [-4178006.1756163687, 4071584.673445331],
            [-4177753.37836338, 4071746.5163297798],
            [-4178010.0638094572, 4072599.0919100046],
            [-4177363.1407325063, 4073174.2034333],
            [-4176430.044857382, 4072936.2595802606],
            [-4176235.024665208, 4073074.9295767574],
            [-4176220.9745506896, 4073324.5463068085],
            [-4176391.091610156, 4073636.6850725194],
            [-4176034.124848082, 4073857.6989053055],
            [-4175937.59198803, 4074097.328337932],
            [-4175959.7891059043, 4074575.365227251],
            [-4176137.715688261, 4074917.169290958],
            [-4175974.6851338716, 4075237.781048469],
            [-4175551.9667639267, 4075269.873749408],
            [-4175327.6461274377, 4074964.0936900796],
            [-4175019.4152520243, 4074854.952129078],
            [-4174865.1105380673, 4075004.77673773],
            [-4175094.819989785, 4076001.5760612744],
            [-4174496.772526175, 4076142.79627456],
            [-4173907.8766658595, 4076756.986142346],
            [-4173295.539527776, 4076656.083131907],
            [-4172743.2304822598, 4076908.1941190627],
            [-4172390.74452876, 4077386.301377862],
            [-4173278.0583107, 4078906.3870820836],
            [-4173099.2993619163, 4079355.09115234],
            [-4172703.8575199656, 4079451.0899801524],
            [-4172629.1523406655, 4079283.553921224],
            [-4171961.197544287, 4078883.703316244],
            [-4171883.6090994966, 4078556.9477520334],
            [-4171561.194120024, 4078497.9424001724],
            [-4171270.4927549185, 4078235.812046024],
            [-4170811.8254476613, 4078144.975738176],
            [-4170505.3265248556, 4078437.45516425],
            [-4170671.3086761716, 4078958.21798613],
            [-4170580.154661211, 4079447.0215222607],
            [-4171033.3031048686, 4080742.789697065],
            [-4170914.8190980945, 4080982.1220280193],
            [-4170761.972422433, 4081223.566118032],
            [-4170618.802196247, 4081157.234655174],
            [-4170264.799479584, 4081416.9860209897],
            [-4169976.4067572113, 4081024.7304733475],
            [-4169760.9653847856, 4080935.823293217],
            [-4169492.7186463224, 4081030.7787237773],
            [-4169415.79182449, 4081416.305779817],
            [-4169008.3118699947, 4081436.666509998],
            [-4168737.3551580952, 4081073.0516173746],
            [-4168417.5803718506, 4081331.3053995906],
            [-4168121.995248926, 4081918.758758038],
            [-4167781.8821132067, 4082194.7967815613],
            [-4167729.754777896, 4082519.2377486425],
            [-4167837.23235998, 4082689.77120055],
            [-4168543.8294449723, 4082665.1838139817],
            [-4168707.5174862966, 4083144.0539020975],
            [-4168438.6877270895, 4083500.72521058],
            [-4167892.9279183713, 4083746.416163235],
            [-4167421.940393055, 4083592.100933979],
            [-4167083.354752438, 4083104.6428609486],
            [-4166744.6969644404, 4083034.782033763],
            [-4166525.1837148545, 4083341.170066215],
            [-4166306.228802782, 4084333.427118802],
            [-4165993.7462235955, 4084932.737535738],
            [-4166342.2859468, 4085686.0009228913],
            [-4166245.5571652167, 4085850.668510603],
            [-4165437.704447056, 4085785.09105554],
            [-4164792.348797887, 4085348.637059506],
            [-4164516.0790470447, 4085401.53214484],
            [-4164362.949422212, 4085769.950787256],
            [-4164587.4558505616, 4086128.3596159182],
            [-4164607.660287866, 4086470.997396833],
            [-4164001.7670608414, 4087058.0795541373],
            [-4163631.04654658, 4087056.3076145467],
            [-4163422.55641292, 4086872.633113009],
            [-4163484.9965697783, 4086577.823774149],
            [-4163389.675798626, 4086443.870378459],
            [-4161190.003427253, 4086602.5941715413],
            [-4160824.256785252, 4086794.3706398713],
            [-4160917.4479145003, 4087075.212597766],
            [-4160695.0948724225, 4087470.982711122],
            [-4160947.2260374953, 4087869.0016330555],
            [-4160837.8131020498, 4088158.676509744],
            [-4160530.9375767545, 4088379.470725389],
            [-4160311.3852593545, 4088348.225908824],
            [-4159861.466164782, 4087442.4480166514],
            [-4159623.047013832, 4087607.037590306],
            [-4159468.8653948978, 4087921.220780039],
            [-4158625.1305083, 4087927.167662248],
            [-4158243.3957883636, 4087620.564107413],
            [-4157851.1527287886, 4088538.195297055],
            [-4157548.2721652165, 4088846.9994544596],
            [-4157017.131849155, 4088605.2069512936],
            [-4156754.385232216, 4088944.790766944],
            [-4156885.8300244627, 4089291.86553148],
            [-4156611.3283196255, 4089586.823656211],
            [-4156086.1238021026, 4089780.8257022058],
            [-4155443.9008588702, 4089743.2324140985],
            [-4155092.2562997607, 4090018.7459857594],
            [-4153870.376116489, 4089998.6741294176],
            [-4153873.1691854806, 4090252.3838850404],
            [-4154405.5526823974, 4090541.53967025],
            [-4153705.354849312, 4090861.142690201],
            [-4153203.4121668288, 4090778.66035801],
            [-4153057.139015569, 4091469.198832125],
            [-4152857.1555278203, 4091712.7012553266],
            [-4152490.283138481, 4091626.451196021],
            [-4152688.7334967875, 4091073.247930611],
            [-4152355.5810291045, 4090811.1489067455],
            [-4151932.6787141277, 4091089.515010018],
            [-4151781.3124429253, 4091487.182932469],
            [-4151076.616453102, 4091394.508163517],
            [-4149793.1481076865, 4091565.6013675528],
            [-4149266.0584438937, 4091752.1426954386],
            [-4148983.272913092, 4090952.0426731566],
            [-4148678.8112526205, 4090738.0572195784],
            [-4147891.064120264, 4090937.6167114736],
            [-4147077.3778442335, 4090825.9887422333],
            [-4146629.4171208534, 4091039.4085856294],
            [-4146684.9529146533, 4091310.9909408186],
            [-4146405.556163581, 4091495.8986149547],
            [-4145899.1964183366, 4091517.979117801],
            [-4144998.254643078, 4091318.0469888947],
            [-4144387.9407971213, 4091947.8900744817],
            [-4142984.6076938007, 4092240.546022074],
            [-4142879.628710289, 4092715.3822799013],
            [-4142505.054837328, 4092774.3056929726],
            [-4142040.3468224555, 4092529.0486366204],
            [-4141394.9599588146, 4092699.063174166],
            [-4140977.747484692, 4093355.500905106],
            [-4141050.919643933, 4093823.1347132665],
            [-4140767.172920487, 4094036.989849572],
            [-4140121.889067622, 4093789.6215190515],
            [-4139541.5656575006, 4093902.743605481],
            [-4139321.3771131365, 4093712.334322884],
            [-4138091.590449291, 4093410.294838397],
            [-4137931.899200206, 4093601.405803253],
            [-4138006.390454165, 4094187.9064684194],
            [-4137646.0132377776, 4094680.2863172926],
            [-4137170.1632243935, 4094696.3329985505],
            [-4136856.8953581247, 4094570.1965667265],
            [-4136013.612720087, 4094861.890387916],
            [-4135446.7835922353, 4094494.533097131],
            [-4134660.5085690347, 4094850.7067032913],
            [-4134328.988505508, 4094769.126666743],
            [-4134255.74669247, 4095021.7847007574],
            [-4134364.491156504, 4095434.5945622376],
            [-4133944.372475997, 4095565.796446821],
            [-4133438.7178039076, 4095411.5444602403],
            [-4133210.7744398452, 4095173.8707007896],
            [-4133471.3721076977, 4094201.79585034],
            [-4132973.761416007, 4094117.302003871],
            [-4132155.138843537, 4094579.3615655047],
            [-4131996.570162542, 4094918.844354806],
            [-4132025.752023349, 4095147.2772170305],
            [-4132388.7843972337, 4095113.229395265],
            [-4132582.229865136, 4095298.3840734703],
            [-4132468.725677892, 4095769.723595999],
            [-4131203.4653224098, 4096811.3594162203],
            [-4130789.599297552, 4096848.5170234297],
            [-4130852.337625166, 4095949.1513192053],
            [-4130576.357449173, 4095529.1073495424],
            [-4130750.0856299708, 4095247.2252408476],
            [-4130593.676219641, 4095124.1839279667],
            [-4130366.425637091, 4095185.415220549],
            [-4130033.064659373, 4095639.047327524],
            [-4129966.835692522, 4096110.608354064],
            [-4129438.349671048, 4095968.1206581094],
            [-4129196.7442706507, 4096014.9478425365],
            [-4129028.2296618535, 4096210.7069045766],
            [-4129367.0698529524, 4096778.2217693888],
            [-4129060.656396287, 4097138.9567068457],
            [-4128815.1485636183, 4097212.1153816725],
            [-4128612.863366026, 4097027.8114552717],
            [-4128491.6297422657, 4096567.598610122],
            [-4128193.1232813164, 4096374.704215823],
            [-4127716.3759156894, 4096542.722824519],
            [-4127211.954636548, 4097286.537170338],
            [-4127529.5705439034, 4097941.0766847334],
            [-4127299.7552807555, 4098527.6920669894],
            [-4126849.5106392577, 4098374.7635738053],
            [-4126419.582029007, 4098428.621702987],
            [-4125858.197793762, 4097821.3357593496],
            [-4125644.2820485523, 4097852.236298005],
            [-4125479.3080945034, 4097420.537768413],
            [-4125450.8173081246, 4098285.0190536887],
            [-4124845.348064933, 4098580.2671882543],
            [-4124781.389782771, 4098953.47376656],
            [-4124425.213180225, 4099157.591153338],
            [-4123866.6241938416, 4098982.320201381],
            [-4123339.828443564, 4098603.529525108],
            [-4119989.1813625796, 4099252.098085155],
            [-4118898.9265811364, 4099340.1218215884],
            [-4118456.484706713, 4099257.584063845],
            [-4117707.8063858603, 4098857.5499455677],
            [-4117208.324720574, 4098839.7812302723],
            [-4116374.1921875495, 4099806.1484283223],
            [-4115936.0398926414, 4100021.1187531003],
            [-4115199.0875563347, 4100041.089463233],
            [-4114084.990905299, 4099662.6483144774],
            [-4113616.117815656, 4099761.270872839],
            [-4111898.8836967913, 4100661.6379234167],
            [-4111438.341342888, 4101355.3529964257],
            [-4110808.4826564277, 4101969.2288962957],
            [-4109470.8585174433, 4102620.200046319],
            [-4108799.4038983565, 4103170.3896790775],
            [-4107297.773482142, 4103292.18415627],
            [-4106982.86712077, 4103599.099408142],
            [-4106820.333133536, 4104015.2123172735],
            [-4105834.0094337086, 4104872.281436364],
            [-4104773.3369869185, 4104977.433869474],
            [-4103778.6685866727, 4105239.441449629],
            [-4102961.058828921, 4105703.661158852],
            [-4102272.6695778663, 4106283.165974206],
            [-4101746.871127531, 4106446.4752110187],
            [-4100607.111525467, 4105875.836348475],
            [-4100022.788948532, 4106004.8559989943],
            [-4099269.8278372707, 4106526.6473414497],
            [-4098727.784067593, 4107191.9958196287],
            [-4098259.1322302762, 4107290.5394712375],
            [-4097652.8418614385, 4106678.9468109356],
            [-4097204.5294923987, 4106573.1186995455],
            [-4096684.831258807, 4106759.729656548],
            [-4096305.3176676165, 4107009.0111566],
            [-4096136.6830227775, 4107401.7615169943],
            [-4096162.7916186806, 4108439.886278812],
            [-4095935.6788814072, 4108798.2434188505],
            [-4095491.561800426, 4108989.830754896],
            [-4094050.739670056, 4108871.783222573],
            [-4093460.3561598165, 4108977.4909687075],
            [-4093086.9967174553, 4109250.0373611455],
            [-4092918.368271267, 4109642.7722192076],
            [-4092879.8605160634, 4110623.1870141337],
            [-4092565.0341009474, 4110930.0212161257],
            [-4091812.1708489135, 4111451.725979737],
            [-4090104.291776964, 4111727.4074819237],
            [-4089730.931010248, 4111999.8491890715],
            [-4089483.278302181, 4112337.487325857],
            [-4089312.8610673742, 4113229.5001762714],
            [-4089355.160698073, 4113765.695099752],
            [-4089024.120472077, 4114574.4142952836],
            [-4088521.5108849118, 4114731.5721189347],
            [-4088164.4104083036, 4114502.184404133],
            [-4087677.2138443002, 4113685.137593366],
            [-4087343.2567078127, 4113449.6774354144],
            [-4086901.064216327, 4113367.0370680266],
            [-4086521.614993575, 4113616.2624083166],
            [-4086628.5925166756, 4114210.086624829],
            [-4086900.694806598, 4114586.2405177546],
            [-4087058.6152048167, 4115091.9753371575],
            [-4086954.6481565945, 4115542.2731914017],
            [-4086721.432056654, 4115877.3013794813],
            [-4086348.1122342, 4116149.802601191],
            [-4085319.8279510234, 4116470.2650973103],
            [-4085047.2631934914, 4117313.350546077],
            [-4085031.086389371, 4117815.13957825],
            [-4084804.0051120855, 4118173.4459120254],
            [-4083809.7087227674, 4118435.223942739],
            [-4082562.337525228, 4118017.3227476613],
            [-4081972.104481602, 4118123.0224091355],
            [-4081598.793854982, 4118395.4150721645],
            [-4081453.3233866673, 4118782.0105091045],
            [-4081843.979909125, 4120171.8739069393],
            [-4081610.7786087357, 4120506.880362525],
            [-4081111.567782769, 4120489.000139756],
            [-4080754.525767482, 4120259.5895320624],
            [-4080024.634879184, 4119083.56413337],
            [-4079027.514221295, 4118301.266941075],
            [-4078613.300729973, 4118136.6611780697],
            [-4077672.1020341716, 4118036.230722299],
            [-4077203.6550514894, 4118134.776696418],
            [-4076824.2484273147, 4118383.869531945],
            [-4076305.5434080395, 4119042.8779378897],
            [-4075611.4066889905, 4119598.70702773],
            [-4074583.343783646, 4119919.186128862],
            [-4074210.083445491, 4120191.5444974443],
            [-4073564.3146332223, 4121306.8285244238],
            [-4072828.7063821936, 4121798.9603474536],
            [-4071830.5466664364, 4121763.299300914],
            [-4070713.4015998896, 4121933.049557876],
            [-4068894.393745926, 4120845.046787851],
            [-4068446.3272865987, 4120739.189163106],
            [-4067635.2824146203, 4121226.369618065],
            [-4067109.732616431, 4121389.554805519],
            [-4066162.6187316095, 4121265.950722942],
            [-4065345.539078501, 4121729.7312991116],
            [-4064761.5317716394, 4121858.7097312133],
            [-4064262.5480575343, 4121840.8550026985],
            [-4063015.5932714716, 4121423.1785422512],
            [-4061926.493899188, 4121510.962392991],
            [-4060720.109701851, 4122748.7602939843],
            [-4060276.211383917, 4122940.3098904868],
            [-4059726.237949033, 4123010.467009656],
            [-4058978.398706242, 4122610.646500112],
            [-4058452.9285620297, 4122773.8158124695],
            [-4055843.3903974835, 4126096.832851638],
            [-4054938.707979247, 4126509.0481812744],
            [-4053906.8348319125, 4126532.043597156],
            [-4053533.730994273, 4126804.3873813115],
            [-4053219.117499021, 4127111.012125298],
            [-4052563.4527647975, 4128750.7383089103],
            [-4052654.8429236137, 4130318.1803217568],
            [-4052550.9227617136, 4130768.2615864705],
            [-4051711.656104177, 4131710.280253879],
            [-4051293.1445396864, 4132467.0647702157],
            [-4051400.6591202514, 4133532.947232163],
            [-4051027.541061298, 4133805.18371161],
            [-4048744.613645856, 4134331.4279473196],
            [-4048722.2369630826, 4134809.8209345723],
            [-4049185.899463209, 4135632.7393687167],
            [-4050590.2869680515, 4136556.4266947303],
            [-4050862.1738063833, 4136932.5449716873],
            [-4051161.419367967, 4138445.4652705663],
            [-4051682.139117345, 4139203.8459992306],
            [-4051659.7402022416, 4139682.3287107176],
            [-4051409.744143154, 4140046.623198558],
            [-4050972.0127893486, 4140261.2565711336],
            [-4049968.139883178, 4140202.023749455],
            [-4049472.001017172, 4140382.239020919],
            [-4049215.8066877755, 4140723.262460583],
            [-4049281.135550695, 4141253.242772418],
            [-4048862.4933039853, 4142010.0193021023],
            [-4049241.1527245394, 4142979.889972408],
            [-4049306.4941997523, 4143509.9885337073],
            [-4049260.9352891217, 4143994.494300519],
            [-4049033.984753606, 4144352.726687688],
            [-4048501.1555877347, 4144393.383932685],
            [-4046982.7795087486, 4143598.8103687805],
            [-4046449.9672739003, 4143639.481542805],
            [-4045324.603110554, 4144432.9589108923],
            [-4044850.196673373, 4144507.9589941083],
            [-4044193.6748591764, 4143984.2426270195],
            [-4043361.1726825046, 4143730.7634519637],
            [-4041696.148179249, 4144069.1909882994],
            [-4039916.4673816315, 4144910.397842654],
            [-4039383.716970886, 4144951.0720414612],
            [-4038969.9038951215, 4144786.335237561],
            [-4038380.0414640815, 4144891.8142429157],
            [-4038006.995940202, 4145163.979421193],
            [-4038164.7135215816, 4145669.577447332],
            [-4038827.293741945, 4146216.521314565],
            [-4039042.068257024, 4146657.450679278],
            [-4039019.723235457, 4147135.776210029],
            [-4039789.0740207876, 4148276.418050333],
            [-4039539.721222929, 4149112.9791124887],
            [-4038527.2754738834, 4150523.3137905262],
            [-4037710.568109885, 4150986.8064557235],
            [-4036601.566348928, 4151278.4274922474],
            [-4036222.4255469427, 4151527.3787927497],
            [-4036060.0808579815, 4151943.0679252795],
            [-4035512.415768105, 4152584.5296992525],
            [-4035074.879520286, 4152799.049358596],
            [-4034185.38450724, 4152610.1606747047],
            [-4033775.6728387293, 4152742.7835640665],
            [-4033380.312351122, 4153493.3423920614],
            [-4033001.168458732, 4153742.194472664],
            [-4032593.47309842, 4153600.7631324558],
            [-4032091.3546829917, 4153757.5901723458],
            [-4031462.206153957, 4154370.669449612],
            [-4031365.7790587028, 4154811.285993904],
            [-4031787.719187978, 4155702.742038524],
            [-4031706.8961450974, 4156146.7735625436],
            [-4031473.8779364876, 4156481.653896936],
            [-4030348.745254793, 4157274.81365204],
            [-4029632.68342808, 4158308.716094722],
            [-4029076.8913177573, 4158355.259621814],
            [-4028692.346382218, 4158207.7137570065],
            [-4027750.0087288995, 4158380.7706285766],
            [-4027315.2432896355, 4159639.113474973],
            [-4027989.9761592625, 4160941.562319943],
            [-4027731.5191662963, 4161027.180244889],
            [-4027728.340120382, 4161151.7662624503],
            [-4028116.9614439486, 4161467.848069272],
            [-4028357.2658751057, 4161994.5357559985],
            [-4027963.5192058254, 4163754.666367842],
            [-4027789.4628526764, 4163792.4660469634],
            [-4027160.334990221, 4164405.5202150913],
            [-4026716.7347016, 4164596.6860043514],
            [-4026175.2423795713, 4165261.383956324],
            [-4025864.0433902782, 4167084.28740627],
            [-4024943.5312653137, 4167997.7633637344],
            [-4024191.4708493096, 4168518.7215723936],
            [-4023958.464480875, 4168853.599745328],
            [-4023209.7046896718, 4170891.0039732065],
            [-4022726.6733462885, 4171590.0425688573],
            [-4022395.8243931243, 4172398.3871058407],
            [-4022062.1977471756, 4174699.9971731543],
            [-4020681.0785799087, 4175833.9303583563],
            [-4020769.268889826, 4177203.940772707],
            [-4020273.365000404, 4177383.884948443],
            [-4019219.1357252765, 4177411.9639386386],
            [-4018717.0658798786, 4177568.720924071],
            [-4018402.5757289683, 4177875.2084752317],
            [-4018444.6594372275, 4178411.4434311106],
            [-4019463.556113149, 4179188.7670063465],
            [-4019647.614322449, 4179513.640526751],
            [-4018305.9277285277, 4180139.5779124573],
            [-4017991.4370265105, 4180446.0665750043],
            [-4018149.000193382, 4180952.0106031015],
            [-4018811.2235098206, 4181499.6587726753],
            [-4018968.7840816393, 4182005.630922016],
            [-4018556.9712115675, 4183258.2618685705],
            [-4019213.1322095995, 4183782.583780719],
            [-4019319.689604284, 4184376.6921575484],
            [-4018924.236723438, 4185127.4114257004],
            [-4018901.826412478, 4185606.071568261],
            [-4019034.9333600644, 4186019.010801099],
            [-4018172.820617351, 4186966.8578410824],
            [-4018004.281937973, 4187359.464999035],
            [-4018075.564893227, 4187913.0715288287],
            [-4018781.128633172, 4189096.5044941627],
            [-4018823.1764055127, 4189632.916355659],
            [-4017153.8417150313, 4192584.4422478448],
            [-4016685.7904245313, 4192682.3614615235],
            [-4015225.644650862, 4191821.296465765],
            [-4014700.5803897013, 4191983.9969587675],
            [-4014152.993805499, 4192625.3320546634],
            [-4013757.5756257223, 4193376.158116553],
            [-4012247.560229439, 4194394.479454615],
            [-4012062.6959386733, 4195289.018649602],
            [-4012211.327648361, 4196419.654548364],
            [-4011961.9123892705, 4197256.540655408],
            [-4012003.94084369, 4197792.996043935],
            [-4012324.973971341, 4198828.668249244],
            [-4011761.0734723518, 4199972.083897165],
            [-4011553.098824653, 4200872.873919606],
            [-4010231.155784482, 4202513.783347361],
            [-4009987.8423299217, 4203374.047735128],
            [-4009563.2839458436, 4204107.677520595],
            [-4009271.8453909126, 4204408.119058242],
            [-4007534.46353641, 4205311.804594049],
            [-4007301.456555255, 4205646.644067718],
            [-4007139.0364117706, 4206062.606175018],
            [-4007038.1584472014, 4208030.392075629],
            [-4006474.2149142334, 4209173.9773792485],
            [-4006243.7583196885, 4210553.615023223],
            [-4005848.3272546493, 4211304.462449433],
            [-4004840.362835182, 4212166.184468947],
            [-4004613.4715847233, 4212524.346740699],
            [-4003923.053627259, 4214597.174430768],
            [-4003673.0551757542, 4214961.401449901],
            [-4003002.7514024638, 4215510.555523091],
            [-4002413.26661549, 4215615.359774618],
            [-4000669.584130045, 4215176.381640249],
            [-3999151.7690816275, 4215599.141488415],
            [-3998320.042333198, 4215344.350677636],
            [-3997957.5239748457, 4215090.924743052],
            [-3996960.7308304305, 4215053.5406731665],
            [-3996458.924361864, 4215210.022718174],
            [-3995856.5304086334, 4215641.792007526],
            [-3995082.3214950534, 4216641.257797202],
            [-3994767.837690177, 4216947.717801678],
            [-3994324.457843051, 4217138.603384362],
            [-3993679.1383999567, 4218253.554751552],
            [-3992904.8678947003, 4219253.037174192],
            [-3992567.9426618405, 4220038.317608339],
            [-3992026.70278527, 4220702.878468371],
            [-3991922.739066572, 4221153.3476185],
            [-3992080.0758709433, 4221659.702308973],
            [-3992063.7100106454, 4222161.775634711],
            [-3991412.3125747545, 4223253.544281341],
            [-3990719.0263021747, 4223808.676091907],
            [-3990388.191966391, 4224617.220028808],
            [-3990365.6517449566, 4225096.110252818],
            [-3990629.486618527, 4226196.9904781515],
            [-3990032.901300888, 4228344.864376955],
            [-3990175.1761154328, 4229452.787993048],
            [-3990553.0907157315, 4230424.259181489],
            [-3990530.5398097364, 4230903.226376087],
            [-3989943.648420818, 4232052.874214628],
            [-3989904.7121015084, 4233034.056723433],
            [-3989696.73589875, 4233935.135437173],
            [-3988672.5327010104, 4235298.975376415],
            [-3988162.9199950155, 4237026.05506651],
            [-3987621.615104949, 4237690.716545553],
            [-3986552.4849723787, 4240012.621028115],
            [-3985988.089509788, 4240683.339569307],
            [-3985609.2180384845, 4240932.0076865265],
            [-3985107.5072913584, 4241088.332189914],
            [-3984609.2681225403, 4241069.391381598],
            [-3983711.6880829255, 4241503.665867271],
            [-3982709.0622450216, 4241442.573744693],
            [-3981368.155030319, 4242067.7220871635],
            [-3980337.6617717165, 4242088.612386475],
            [-3979434.110761153, 4242499.528110674],
            [-3978578.5648144693, 4243470.652095009],
            [-3977616.5620176317, 4243847.121047883],
            [-3976900.8359618336, 4244881.1182525875],
            [-3975566.208339918, 4245529.426977593],
            [-3975310.2191738607, 4245870.405129909],
            [-3975141.742900446, 4246263.133570098],
            [-3975313.14104895, 4247388.504050938],
            [-3974872.288340793, 4248624.49317444],
            [-3975077.6816075593, 4249691.2831908185],
            [-3974909.2031657607, 4250084.039865725],
            [-3972729.4230213254, 4251177.815433383],
            [-3972498.9911041143, 4252557.957711196],
            [-3973623.256037448, 4253932.131676516],
            [-3973373.8927327273, 4254769.446974768],
            [-3973565.1480753003, 4255217.516621223],
            [-3973599.6644697613, 4255631.8514455445],
            [-3973391.6935974276, 4256533.050535468],
            [-3973621.463504993, 4257693.311626737],
            [-3973414.041498347, 4259067.766166378],
            [-3972891.674402216, 4260275.499583467],
            [-3972602.8292338005, 4261621.477391603],
            [-3972817.1472410723, 4262063.5255337395],
            [-3973687.031222465, 4263031.621343207],
            [-3973884.357307973, 4263503.082522993],
            [-3974049.6120027807, 4264605.791497895],
            [-3974297.9314948427, 4264989.233041276],
            [-3975016.579585596, 4265473.832720689],
            [-3975813.9396371073, 4265788.350584853],
            [-3976808.734727675, 4266574.495959041],
            [-3977932.9506302336, 4267949.70203313],
            [-3978824.235778076, 4269660.01435433],
            [-3979855.75984098, 4274075.188894347],
            [-3979881.1460207184, 4275115.210633896],
            [-3979423.7923981026, 4276854.83425684],
            [-3980237.725782496, 4280156.419967241],
            [-3980069.2772750002, 4280549.347783993],
            [-3979317.736900202, 4281069.959433881],
            [-3977743.545333139, 4281556.281923308],
            [-3976467.2981159477, 4282238.931174904],
            [-3975919.9751420543, 4282880.495675656],
            [-3975508.2559224083, 4284134.765405268],
            [-3975187.838380899, 4284417.927121751],
            [-3974290.4545647698, 4284852.016891953],
            [-3973282.9496409413, 4285713.590837058],
            [-3972845.763951333, 4285927.581181585],
            [-3972379.4858949347, 4286124.320168219],
            [-3971847.4055081713, 4286163.727122019],
            [-3970189.5919242864, 4285575.182713016],
            [-3969657.5242366195, 4285614.602124609],
            [-3969197.347276701, 4285834.605973862],
            [-3968173.435333648, 4287198.989768521],
            [-3967270.094376467, 4287609.598782582],
            [-3967043.2489286438, 4287968.069048657],
            [-3966854.660741541, 4289886.794007737],
            [-3966080.661918588, 4290886.799207347],
            [-3964169.9239588445, 4292159.0154068405],
            [-3962871.432852774, 4293321.076178548],
            [-3961763.834018347, 4293610.607912928],
            [-3959532.647495794, 4293844.883553294],
            [-3959072.5373944463, 4294064.858308338],
            [-3958531.4659411395, 4294729.722221793],
            [-3958427.493720944, 4295180.631294072],
            [-3958634.586754083, 4296821.559939942],
            [-3959097.1084478516, 4297647.9802080775],
            [-3959245.289429814, 4298780.8710562],
            [-3959459.561712539, 4299223.505226243],
            [-3959485.0656787036, 4300263.947752681],
            [-3959212.6430355376, 4301107.9963971],
            [-3958503.214669636, 4302165.978549128],
            [-3957013.317866032, 4303727.172124032],
            [-3955731.3681424684, 4304386.282894766],
            [-3954061.534183003, 4304598.268068371],
            [-3952698.158897632, 4305228.755398198],
            [-3951611.205561322, 4305313.3835903285],
            [-3949835.1671538027, 4304929.946476696],
            [-3948376.983271501, 4305385.804459471],
            [-3946543.92564249, 4305067.156415275],
            [-3945988.9395147176, 4305112.508905686],
            [-3945616.384207929, 4305384.340876776],
            [-3945383.5977966846, 4305719.434782448],
            [-3945321.4783298993, 4306707.860537825],
            [-3944822.534488009, 4307910.27468881],
            [-3945226.877542469, 4310023.411948613],
            [-3944326.20293304, 4311480.424540456],
            [-3943131.9369636597, 4312191.375461014],
            [-3942855.9518060507, 4314058.654673711],
            [-3942396.4882066227, 4314752.191947841],
            [-3941936.412875843, 4314972.129810168],
            [-3940046.5562512046, 4314717.975296789],
            [-3939609.5783506776, 4314931.879546366],
            [-3939127.052251087, 4315631.4286356885],
            [-3938919.220458237, 4316533.514801488],
            [-3937242.6190842693, 4317943.97549897],
            [-3936591.7354939906, 4319036.622742238],
            [-3935817.57290125, 4319563.031787748],
            [-3934390.2505216445, 4320135.414897448],
            [-3933849.3929162472, 4320800.321137031],
            [-3933033.9710183716, 4321262.73609414],
            [-3931606.615892934, 4321835.1259191],
            [-3930002.9896132248, 4322204.303365102],
            [-3929397.797244922, 4322811.24058546],
            [-3928284.0032307436, 4325620.6170015475],
            [-3926438.7015025443, 4326950.584290173],
            [-3926001.887819352, 4327164.438313726],
            [-3925447.05155139, 4327209.66020968],
            [-3924203.2034470662, 4326786.515178847],
            [-3923258.429891131, 4326659.399909894],
            [-3922815.5276587144, 4326849.8926948095],
            [-3922251.7648342634, 4327520.782410752],
            [-3921930.2272696453, 4327704.609488798],
            [-3921483.315294106, 4327596.966629068],
            [-3920607.8935713014, 4326603.86912579],
            [-3920217.956839723, 4326431.543859302],
            [-3918633.6585599766, 4326496.45307495],
            [-3917358.4527840777, 4327178.727028028],
            [-3915836.5026931725, 4327576.418966261],
            [-3914515.7496401398, 4328744.321440718],
            [-3913984.0334993536, 4328783.452830833],
            [-3913215.079439353, 4328386.088688608],
            [-3909707.5879423064, 4328255.563564494],
            [-3908600.8077435843, 4328544.801429032],
            [-3907843.8838099362, 4329041.7342848275],
            [-3907319.64158459, 4329203.685909752],
            [-3906821.9523347626, 4329184.234399432],
            [-3905515.2667364744, 4328802.754741706],
            [-3904408.450566471, 4329092.019565689],
            [-3904030.016174379, 4329340.52131731],
            [-3902886.702824029, 4329489.731241653],
            [-3900866.652478537, 4329394.550280891],
            [-3899964.007018493, 4329804.916948697],
            [-3898789.8314248337, 4328516.538958737],
            [-3898427.723288793, 4328262.229073423],
            [-3897940.858205421, 4328190.112534352],
            [-3896740.6742210262, 4328404.142842599],
            [-3894666.9989872472, 4329045.877534196],
            [-3891996.7596881553, 4329195.583575329],
            [-3890520.7471534563, 4329107.88544131],
            [-3890054.8617808386, 4329304.501281842],
            [-3889892.7713982575, 4329720.646430412],
            [-3889872.7946042237, 4331246.213304175],
            [-3889762.871191907, 4331673.68498881],
            [-3890042.6871073456, 4336984.5456032455],
            [-3889814.7660604226, 4341955.296774149],
            [-3889584.776642551, 4343336.881717259],
            [-3888788.573881563, 4344342.706492547],
            [-3888458.282754089, 4345152.123777737],
            [-3888477.1743123527, 4345695.728374052],
            [-3888921.055454706, 4347300.303589874],
            [-3889145.2556437347, 4348912.464704696],
            [-3888937.305787191, 4352358.44915673],
            [-3888407.447844107, 4354666.636613171],
            [-3888345.64456075, 4355655.5734414905],
            [-3890290.7060363092, 4361782.999071118],
            [-3890786.8726020316, 4362551.575428803],
            [-3892250.546129549, 4363441.738949752],
            [-3892854.563691727, 4364057.478777597],
            [-3894150.5482969387, 4366663.487323202],
            [-3895608.4674476665, 4370550.25952659],
            [-3896525.6792433276, 4372082.842857831],
            [-3907810.8837672146, 4367864.411451872],
            [-3908489.9112599473, 4370183.251566534],
            [-3909109.512094522, 4371519.367060269],
            [-3909407.1860328503, 4371716.329041391],
            [-3909719.686441039, 4372158.99954306],
            [-3910431.539153219, 4372622.309182973],
            [-3912320.7004690436, 4372878.390264453],
            [-3915347.053243953, 4372962.5767351985],
            [-3918265.6069018785, 4373199.844848304],
            [-3921455.46022935, 4373815.922399526],
            [-3922705.2133314335, 4374264.008067835],
            [-3924468.0994084007, 4375452.320792847],
            [-3931686.725289953, 4381412.714214396],
            [-3932448.1061471477, 4382538.208767312],
            [-3933073.815805977, 4383898.997753552],
            [-3933388.2542441254, 4384916.393815904],
            [-3933945.1201738906, 4391492.811021651],
            [-3934661.6098830635, 4396604.467794367],
            [-3935707.8933974775, 4413758.110637256],
            [-3935648.587308525, 4415799.353086788],
            [-3934984.1285590744, 4420999.906636067],
            [-3935586.758543157, 4421110.777020905],
            [-3935937.7826842624, 4420822.84844111],
            [-3936014.1206194577, 4420122.711793655],
            [-3936326.792721669, 4419512.197460458],
            [-3936827.184748715, 4419155.140770432],
            [-3938268.5625267653, 4419490.326604309],
            [-3938666.822691695, 4419734.32481194],
            [-3938964.056244255, 4419415.054648297],
            [-3939064.996500253, 4419101.536880305],
            [-3940248.3639127016, 4418445.717781247],
            [-3940893.467709789, 4417884.686071929],
            [-3941644.771013918, 4418082.130776815],
            [-3943279.7560129007, 4417641.318145608],
            [-3943916.0285558053, 4416870.93378508],
            [-3944839.215895074, 4415390.88435685],
            [-3946370.0611122386, 4414432.923991072],
            [-3947616.208429651, 4414017.762263109],
            [-3947841.8367293244, 4414875.507241508],
            [-3947805.4999235985, 4416911.2391991075],
            [-3947639.7584167966, 4418355.293065449],
            [-3947852.0702560116, 4422103.020581451],
            [-3948084.2801467283, 4424319.492621528],
            [-3948477.3772689844, 4426018.877332134],
            [-3948882.727340044, 4426914.364972246],
            [-3949701.0810697405, 4427977.744561522],
            [-3953706.651385568, 4434194.21291135],
            [-3958182.063620409, 4440516.044462998],
            [-3958838.783827529, 4443325.245753109],
            [-3959549.24280731, 4444542.888739385],
            [-3960814.543216947, 4445716.614375744],
            [-3964505.304687195, 4447887.973680879],
            [-3964967.6964693447, 4448719.689741596],
            [-3964631.2150610867, 4449508.57862971],
            [-3963490.372612278, 4450706.956693192],
            [-3963374.3343299665, 4451112.825397175],
            [-3961508.0625323793, 4463725.078467122],
            [-3973527.3759363214, 4464988.502992936],
            [-3984486.3570757196, 4469087.1804676745],
            [-3984823.647014235, 4467921.460315619],
            [-3987613.247295869, 4461505.868667779],
            [-3988647.207128254, 4460084.2030160725],
            [-3989339.8164719436, 4459528.40054635],
            [-3991330.8934868304, 4458284.414583498],
            [-3994493.4358264715, 4456811.585511416],
            [-3996468.1337232892, 4456073.322985601],
            [-4000203.2846109066, 4455003.463223874],
            [-4002535.5186663, 4454598.640224477],
            [-4004681.111467454, 4454518.1256263405],
            [-4006587.9127357895, 4454750.2868031245],
            [-4006977.8350279536, 4454924.930068334],
            [-4007681.380086581, 4455672.835849261],
            [-4008545.254287503, 4456128.965455554],
            [-4009271.6984334257, 4456348.645706932],
            [-4009678.1860887236, 4456273.413930052],
            [-4010467.3187706387, 4456702.323380917],
            [-4011427.502380306, 4457556.509421266],
            [-4011644.342765283, 4458046.045716167],
            [-4012209.288822513, 4458640.241637163],
            [-4012574.074769409, 4458939.288545347],
            [-4013506.238432511, 4459241.083006215],
            [-4014501.030334789, 4460026.141395364],
            [-4014812.5869313637, 4460640.727807598],
            [-4014916.777252006, 4461218.396134655],
            [-4014851.0688846773, 4462490.161350103],
            [-4014971.4192535672, 4462836.873504424],
            [-4015381.863572974, 4463304.865920899],
            [-4016111.4995681094, 4463478.442475508],
            [-4016810.678914211, 4463408.202072883],
            [-4017677.316228574, 4464236.386681365],
            [-4018132.9651072933, 4464520.152550951],
            [-4019009.612273279, 4464797.917952378],
            [-4019730.8453711695, 4465291.175397718],
            [-4019755.9327386785, 4465798.642811135],
            [-4019715.1514389897, 4466580.173393616],
            [-4018125.1113949004, 4467899.441697439],
            [-4017701.1330989758, 4468645.970818764],
            [-4017452.493703933, 4472624.353939182],
            [-4016435.4329058467, 4480190.313881804],
            [-4015828.758203022, 4482882.490117704],
            [-4015138.375380576, 4484492.068357459],
            [-4014260.8531457433, 4485949.421407412],
            [-4014156.944586735, 4486403.139928038],
            [-4014240.699296253, 4487485.88238595],
            [-4014561.1992646717, 4488532.433211909],
            [-4014457.274207146, 4488986.10218912],
            [-4013388.4630444353, 4490844.650513223],
            [-4012779.572246987, 4492483.662671236],
            [-4011354.89390016, 4494108.195760706],
            [-4010768.608867172, 4495264.401680501],
            [-4010479.9562228476, 4496619.732622376],
            [-4010120.3684234554, 4497415.888778339],
            [-4009265.6382499663, 4498390.725180214],
            [-4006854.5540691973, 4499341.998983382],
            [-4005614.6600156752, 4500065.057927332],
            [-4003707.9952006363, 4502392.274158382],
            [-4001128.9468445326, 4503738.735748745],
            [-3999494.4992905026, 4505217.087281428],
            [-3998972.8259870885, 4506432.071977294],
            [-3998662.030062295, 4508270.57883557],
            [-3998286.2639735066, 4509573.419951459],
            [-3997758.565426147, 4510765.053798602],
            [-3996004.27172711, 4513203.886654046],
            [-3995372.946233797, 4514849.45698956],
            [-3993255.3355901996, 4518638.670276545],
            [-3992397.616502378, 4520644.653211365],
            [-3992033.4885377535, 4522371.943061943],
            [-3992205.0129020317, 4523508.342713863],
            [-3992610.4794948213, 4524408.236980931],
            [-3993214.5408767117, 4525030.57182547],
            [-3995718.210901268, 4526718.580715018],
            [-3997741.2734008306, 4528355.551645037],
            [-3998673.4866758846, 4529295.2433779435],
            [-3999954.047136233, 4531200.310576611],
            [-4000573.726375799, 4532547.899629745],
            [-4001309.3153639752, 4536052.480969733],
            [-4001787.2398089585, 4537613.035944151],
            [-4002482.131698796, 4538966.634122079],
            [-4003385.145863744, 4539889.354662997],
            [-4004153.9261559253, 4540293.748961873],
            [-4008687.9168556207, 4542036.676346685],
            [-4009755.6474865573, 4542740.9871754665],
            [-4010523.0638913605, 4543900.353064236],
            [-4011150.094531132, 4544517.766670573],
            [-4011590.810245481, 4544604.8761665],
            [-4012166.989471158, 4545310.824928443],
            [-4012678.808577445, 4546813.25926854],
            [-4012678.7610033154, 4549378.900656069],
            [-4012785.1647536587, 4549980.288990033],
            [-4013056.373444291, 4550362.904409075],
            [-4013660.3856694573, 4550986.432465326],
            [-4014372.210491978, 4551456.298580876],
            [-4015892.7336215572, 4552295.59906003],
            [-4018374.57510971, 4553238.5568352],
            [-4018673.534211712, 4553538.654989011],
            [-4010703.1069981907, 4572059.814674312],
            [-4010375.129645845, 4572597.792908233],
            [-4007341.3179372763, 4575220.421919832],
            [-4006102.5801425213, 4575943.761218179],
            [-4005161.3629975202, 4576867.029615919],
            [-4004657.4624388916, 4578054.767168415],
            [-4003796.812603976, 4578529.235713684],
            [-4001765.899611077, 4579230.923332832],
            [-4000401.582766173, 4580893.248332076],
            [-3998771.8378351587, 4583429.992412484],
            [-3997934.436501985, 4583898.512129845],
            [-3995626.486556964, 4584193.664410311],
            [-3995041.430546512, 4585352.272018297],
            [-3994081.470596579, 4587816.640868041],
            [-3993182.9150567525, 4589283.147218465],
            [-3992613.9567207885, 4589934.113982826],
            [-3991550.5202556658, 4590763.391482572],
            [-3987357.101270329, 4592604.346545583],
            [-3987253.678545038, 4593059.328060799],
            [-3987112.587542994, 4596596.74903629],
            [-3988894.0350029357, 4600820.974031578],
            [-3989570.9324722877, 4602106.984030094],
            [-3990034.424780542, 4602188.655834535],
            [-3995671.9288827116, 4601561.256222399],
            [-3997277.6759488126, 4601498.572501668],
            [-3998193.820249629, 4601715.098190955],
            [-3999123.1776069365, 4602457.430857077],
            [-3999693.277741866, 4603141.433032303],
            [-4001194.5304306913, 4605525.139313688],
            [-4001279.089401204, 4606612.120562049],
            [-4001007.7806124017, 4607463.557390319],
            [-4000503.446791746, 4608173.677109792],
            [-3999498.449505905, 4609038.527317924],
            [-3999249.300906688, 4609405.385587817],
            [-3999145.87971814, 4609860.586821077],
            [-3999303.3549947813, 4610374.349193251],
            [-3999930.3182779565, 4610993.547482624],
            [-4001003.9030557675, 4611724.222423181],
            [-4001856.0966951335, 4612738.989729061],
            [-4002836.060686169, 4615863.652190362],
            [-4003313.6955255605, 4618185.714211517],
            [-4004119.298110685, 4620826.723732606],
            [-4004632.6412169337, 4621576.572799],
            [-4005401.122414801, 4621983.152844441],
            [-4008629.5968374554, 4622687.001521617],
            [-4009590.3164887205, 4622791.685699739],
            [-4010392.5990756922, 4623139.261443712],
            [-4010713.650883554, 4624191.239737962],
            [-4010846.6170454496, 4625846.773037376],
            [-4010827.857718401, 4627390.24403733],
            [-4010614.987365675, 4628277.712648014],
            [-4010094.794191471, 4629496.817994233],
            [-4009212.691665952, 4630456.393937531],
            [-4007180.1735932715, 4632192.573675727],
            [-4005613.05730311, 4633732.891398042],
            [-4005387.059993682, 4634094.022717048],
            [-3987479.561337486, 4644350.98269936],
            [-3988029.3397934246, 4645621.804284491],
            [-3990457.107441842, 4648930.802120649],
            [-3991191.0331809632, 4650154.3301465595],
            [-3992652.2025292683, 4653335.554364866],
            [-3993807.747775306, 4656949.803411821],
            [-3994157.011924271, 4657433.719444509],
            [-3994191.5994792404, 4658253.3924968485],
            [-3993470.3750257753, 4658779.07354932],
            [-3993338.8228841154, 4659193.4314476065],
            [-3993399.282813601, 4659500.238752525],
            [-3993087.291613372, 4659935.21706047],
            [-3992716.1084879762, 4660053.6861985335],
            [-3992548.9014837085, 4660552.462274825],
            [-3991397.097208868, 4661890.688812718],
            [-3990071.5992113193, 4662666.476054032],
            [-3989671.673056706, 4662586.175215213],
            [-3988596.685773653, 4662871.666799884],
            [-3987463.300833963, 4664020.584365466],
            [-3988106.338397866, 4664326.522265369],
            [-3988265.817532007, 4665335.21084179],
            [-3988968.9290274587, 4666014.42049595],
            [-3989123.78520813, 4666662.249716159],
            [-3989527.592445404, 4667327.669484139],
            [-3989496.789285672, 4667878.289784898],
            [-3989382.949995027, 4668002.122333793],
            [-3989593.508868678, 4668943.234293644],
            [-3989562.5797088407, 4669134.939709032],
            [-3988904.663082663, 4669980.613262299],
            [-3988517.9305240246, 4670136.902401771],
            [-3988410.6645324957, 4670952.789114537],
            [-3988197.5656744405, 4671245.091079359],
            [-3987581.0637922403, 4671653.235300581],
            [-3986795.0618188754, 4672979.902155693],
            [-3986618.913878926, 4674216.0125641385],
            [-3985936.3302551764, 4675023.611112666],
            [-3985997.5597434305, 4675606.2448964305],
            [-3985904.5874205157, 4675938.4135181075],
            [-3984197.777378779, 4677134.580003862],
            [-3983006.3715374703, 4678452.902367076],
            [-3982726.766176652, 4679248.919257456],
            [-3982699.872465966, 4680024.798700894],
            [-3982461.324169069, 4680568.958989667],
            [-3981342.304698558, 4682049.45172569],
            [-3980164.8717109216, 4682776.161516626],
            [-3979378.3395386403, 4682843.932575173],
            [-3978198.5243224953, 4683209.454314779],
            [-3977442.686893098, 4683838.776944403],
            [-3977084.340624358, 4684409.093286791],
            [-3977110.8671735195, 4685631.646857973],
            [-3978087.139144959, 4687274.96953931],
            [-3978494.4292476955, 4687513.131941989],
            [-3978887.234839391, 4688249.38675443],
            [-3978566.577850209, 4689128.288129792],
            [-3978806.5275850636, 4689795.144690048],
            [-3978739.223468997, 4690049.606291852],
            [-3978112.459229479, 4690469.013044905],
            [-3977457.5235850266, 4691134.920038553],
            [-3976854.415437142, 4691439.59809236],
            [-3976358.6689962964, 4691871.437923923],
            [-3976285.221084182, 4692433.051410411],
            [-3975656.279192487, 4693319.4204302775],
            [-3975793.175520835, 4695191.048919622],
            [-3975594.0426543555, 4695717.247133051],
            [-3974461.964666285, 4696266.406652399],
            [-3974309.226576381, 4696848.581638936],
            [-3974631.3146130918, 4697624.450398387],
            [-3976593.933720219, 4698819.991110027],
            [-3976629.5575668765, 4700951.159635724],
            [-3976762.741078956, 4701700.499309072],
            [-3976189.1819311166, 4702708.0123491],
            [-3976110.332748503, 4703693.056817753],
            [-3976471.2996957186, 4704557.413650553],
            [-3977770.9485556823, 4705539.373925349],
            [-3978192.77751252, 4707404.665773018],
            [-3978854.840751567, 4708623.371600107],
            [-3978991.0676618256, 4709142.403940876],
            [-3978888.112222131, 4710055.48955082],
            [-3979057.8708187724, 4711159.714277157],
            [-3979768.6082935487, 4712156.303784878],
            [-3980581.7904840447, 4712465.299353406],
            [-3981370.3454432343, 4712939.807657649],
            [-3981953.710843953, 4713500.885723249],
            [-3983431.031781962, 4714324.969510722],
            [-3985573.720195931, 4714951.912562623],
            [-3986273.947784186, 4715541.421114253],
            [-3986956.487197379, 4716453.761826801],
            [-3987293.3421291676, 4717439.2711153785],
            [-3987004.5118524414, 4717905.735862768],
            [-3986849.121217289, 4719181.579263511],
            [-3987502.182681149, 4720534.696717203],
            [-3987478.975071789, 4720796.863399985],
            [-3987902.72686812, 4722064.986111269],
            [-3987687.936164889, 4722798.856342266],
            [-3987433.3893827717, 4723083.9742552],
            [-3987302.8813154725, 4723810.842924723],
            [-3986554.4489807724, 4724200.211197791],
            [-3986017.53028004, 4724821.1892202925],
            [-3984563.7522476274, 4725649.073213913],
            [-3983558.661778524, 4726511.654143658],
            [-3982877.60059453, 4727395.929956452],
            [-3982511.671440796, 4728032.971842451],
            [-3981955.9908387717, 4729577.909356112],
            [-3981611.0070843636, 4729964.015739088],
            [-3981046.8402233, 4730193.6487282915],
            [-3980598.1026842413, 4730893.330291556],
            [-3980267.9122453653, 4731743.265746704],
            [-3980184.4494073805, 4733456.144813876],
            [-3978941.936476331, 4734982.772610702],
            [-3978104.0112910606, 4735593.696767008],
            [-3977153.6771723637, 4738443.356769914],
            [-3976248.630589675, 4740394.888120074],
            [-3974978.780732993, 4740994.530692649],
            [-3972442.4181413613, 4741620.549310472],
            [-3970622.5803218, 4741910.617168972],
            [-3968371.7129638796, 4742756.308708536],
            [-3965629.556307144, 4742298.806871382],
            [-3964001.7727660374, 4742569.475157542],
            [-3962119.153389936, 4743553.94893377],
            [-3961528.526094989, 4743556.195180678],
            [-3959767.538883175, 4743078.054431765],
            [-3958149.937305178, 4743270.8954163175],
            [-3957001.9947031885, 4743462.673922424],
            [-3952184.8163516135, 4745056.721149952],
            [-3949163.4492380833, 4747496.528565503],
            [-3947058.7137999083, 4749729.066613415],
            [-3943865.7272289502, 4752499.720292516],
            [-3940923.0485990783, 4754422.27801439],
            [-3937848.5638902425, 4755309.571651253],
            [-3935262.8995845756, 4756386.61813374],
            [-3931815.6226876, 4757355.77115714],
            [-3929344.8895584024, 4757589.767444657],
            [-3926538.421379831, 4757639.782312923],
            [-3922082.564274401, 4758343.783211963],
            [-3919070.8455230775, 4758537.717960173],
            [-3911852.2288235794, 4758467.883212305],
            [-3909305.9823520207, 4758119.540900146],
            [-3906549.876216424, 4758714.633531726],
            [-3904424.6255518445, 4758528.303499969],
            [-3903404.1004340635, 4758219.159111654],
            [-3902883.001463293, 4757904.206759439],
            [-3902299.32359367, 4757955.1796571845],
            [-3904588.889020838, 4766703.844160917]
          ]
        ]
      }
    }
  ]
}
