{"type": "FeatureCollection", "name": "PointsLayer", "features": [{"type": "Feature", "geometry": {"type": "Point", "coordinates": [-16656961.144495636, 8346294.8999353]}}, {"type": "Feature", "geometry": {"type": "Point", "coordinates": [-15156733.139392085, 8273737.0284347115]}}, {"type": "Feature", "geometry": {"type": "Point", "coordinates": [-14922295.24547853, 7282303.433572663]}}, {"type": "Feature", "geometry": {"type": "Point", "coordinates": [-14366571.694934465, 9565866.109671848]}}, {"type": "Feature", "geometry": {"type": "Point", "coordinates": [-14770581.348607132, 7418055.996038737]}}, {"type": "Feature", "geometry": {"type": "Point", "coordinates": [-13986528.428128608, 8053656.49450885]}}, {"type": "Feature", "geometry": {"type": "Point", "coordinates": [-14373939.40903104, 9623592.158662125]}}, {"type": "Feature", "geometry": {"type": "Point", "coordinates": [-15006026.411237668, 7018307.858141735]}}, {"type": "Feature", "geometry": {"type": "Point", "coordinates": [-13961468.070712194, 8312959.197096481]}}, {"type": "Feature", "geometry": {"type": "Point", "coordinates": [-14294760.51248923, 8989661.189948644]}}, {"type": "Feature", "geometry": {"type": "Point", "coordinates": [-16161479.798329676, 8999620.332919465]}}, {"type": "Feature", "geometry": {"type": "Point", "coordinates": [-14910076.068528863, 7364006.65402693]}}, {"type": "Feature", "geometry": {"type": "Point", "coordinates": [-15113113.28613335, 8023835.707700463]}}, {"type": "Feature", "geometry": {"type": "Point", "coordinates": [-13765572.51257991, 9537435.690613164]}}, {"type": "Feature", "geometry": {"type": "Point", "coordinates": [-14258633.548619183, 8085365.248696206]}}, {"type": "Feature", "geometry": {"type": "Point", "coordinates": [-13622059.926880056, 7912771.916611939]}}, {"type": "Feature", "geometry": {"type": "Point", "coordinates": [-15053953.07136663, 7855644.5681987]}}, {"type": "Feature", "geometry": {"type": "Point", "coordinates": [-13476525.057639027, 8331658.10368206]}}, {"type": "Feature", "geometry": {"type": "Point", "coordinates": [-14258948.694942234, 8079937.214614925]}}, {"type": "Feature", "geometry": {"type": "Point", "coordinates": [-15024029.327776873, 7732700.375540657]}}, {"type": "Feature", "geometry": {"type": "Point", "coordinates": [-15074623.983652486, 8207544.471156991]}}, {"type": "Feature", "geometry": {"type": "Point", "coordinates": [10744079.609199874, -13508348.764416317]}}, {"type": "Feature", "geometry": {"type": "Point", "coordinates": [-13813943.008356975, 7893399.640087299]}}, {"type": "Feature", "geometry": {"type": "Point", "coordinates": [-15915588.408826921, 7967920.712652339]}}, {"type": "Feature", "geometry": {"type": "Point", "coordinates": [-2649627.1458514226, 1466654.1167253256]}}, {"type": "Feature", "geometry": {"type": "Point", "coordinates": [11699263.208194612, -13617720.49822879]}}, {"type": "Feature", "geometry": {"type": "Point", "coordinates": [-15065899.000991525, 9364337.959449323]}}, {"type": "Feature", "geometry": {"type": "Point", "coordinates": [-14371516.517767778, 9627274.67290959]}}, {"type": "Feature", "geometry": {"type": "Point", "coordinates": [-14931575.678281311, 6648498.409077585]}}, {"type": "Feature", "geometry": {"type": "Point", "coordinates": [-16077253.544181183, 8484559.459769316]}}, {"type": "Feature", "geometry": {"type": "Point", "coordinates": [-14774193.002096908, 8953774.321458554]}}, {"type": "Feature", "geometry": {"type": "Point", "coordinates": [-14983634.382820778, 6625039.428972248]}}, {"type": "Feature", "geometry": {"type": "Point", "coordinates": [-13800772.492958717, 9314035.613580676]}}, {"type": "Feature", "geometry": {"type": "Point", "coordinates": [-14919756.538938897, 6815496.027092296]}}, {"type": "Feature", "geometry": {"type": "Point", "coordinates": [-15550959.71034152, 8733265.696976855]}}, {"type": "Feature", "geometry": {"type": "Point", "coordinates": [-13561635.812056005, 8259642.9994223025]}}, {"type": "Feature", "geometry": {"type": "Point", "coordinates": [-16177352.087454045, 8238882.879972761]}}, {"type": "Feature", "geometry": {"type": "Point", "coordinates": [-13013273.750605738, 8399100.765243376]}}, {"type": "Feature", "geometry": {"type": "Point", "coordinates": [-15157591.094475614, 8277933.004933972]}}, {"type": "Feature", "geometry": {"type": "Point", "coordinates": [-9643687.179567568, -2443197.7757766293]}}, {"type": "Feature", "geometry": {"type": "Point", "coordinates": [-13679890.934105678, 8407459.983503772]}}, {"type": "Feature", "geometry": {"type": "Point", "coordinates": [-13498537.434822204, 8327696.963300582]}}, {"type": "Feature", "geometry": {"type": "Point", "coordinates": [-5444214.517141435, 3514437.7160207024]}}, {"type": "Feature", "geometry": {"type": "Point", "coordinates": [-13730750.212312484, 7964485.948610449]}}, {"type": "Feature", "geometry": {"type": "Point", "coordinates": [-12976739.205653567, 8393946.877877433]}}, {"type": "Feature", "geometry": {"type": "Point", "coordinates": [-13800475.210099509, 9299330.526532732]}}, {"type": "Feature", "geometry": {"type": "Point", "coordinates": [-5177747.984721701, 4021010.397432761]}}, {"type": "Feature", "geometry": {"type": "Point", "coordinates": [-12931905.309504785, 8475375.239359776]}}, {"type": "Feature", "geometry": {"type": "Point", "coordinates": [-15573003.322395029, 7932896.065891796]}}, {"type": "Feature", "geometry": {"type": "Point", "coordinates": [-16547671.508214846, 8986324.562074268]}}, {"type": "Feature", "geometry": {"type": "Point", "coordinates": [-13496610.492641749, 8328267.037446485]}}, {"type": "Feature", "geometry": {"type": "Point", "coordinates": [-14564440.440169051, 8422059.3086746]}}, {"type": "Feature", "geometry": {"type": "Point", "coordinates": [-14794961.319310047, 8097289.525586314]}}, {"type": "Feature", "geometry": {"type": "Point", "coordinates": [-6117008.03397254, 3229730.1626624325]}}, {"type": "Feature", "geometry": {"type": "Point", "coordinates": [-15911169.099835053, 8089552.9358747285]}}, {"type": "Feature", "geometry": {"type": "Point", "coordinates": [-15553324.210921252, 9825760.101464896]}}, {"type": "Feature", "geometry": {"type": "Point", "coordinates": [-13930997.945353948, 9240348.960763032]}}, {"type": "Feature", "geometry": {"type": "Point", "coordinates": [-15156586.620845849, 8273767.402952619]}}, {"type": "Feature", "geometry": {"type": "Point", "coordinates": [-16014422.178257326, 8134545.7062875135]}}, {"type": "Feature", "geometry": {"type": "Point", "coordinates": [13833234.190215405, -16005896.060233992]}}, {"type": "Feature", "geometry": {"type": "Point", "coordinates": [-13773073.905704264, 8353499.83005343]}}, {"type": "Feature", "geometry": {"type": "Point", "coordinates": [-14060861.189498423, 8599959.338476798]}}, {"type": "Feature", "geometry": {"type": "Point", "coordinates": [10748294.546901522, -13508519.758100642]}}, {"type": "Feature", "geometry": {"type": "Point", "coordinates": [10751767.37190356, -13498523.391535006]}}, {"type": "Feature", "geometry": {"type": "Point", "coordinates": [-13407992.315372538, 8364121.64274001]}}, {"type": "Feature", "geometry": {"type": "Point", "coordinates": [-15907312.937466878, 7974399.2917312]}}, {"type": "Feature", "geometry": {"type": "Point", "coordinates": [-5616104.64275235, 3837304.2938039345]}}, {"type": "Feature", "geometry": {"type": "Point", "coordinates": [-14051780.090069843, 8945462.46193992]}}, {"type": "Feature", "geometry": {"type": "Point", "coordinates": [-14857625.070755348, 6744415.950299226]}}, {"type": "Feature", "geometry": {"type": "Point", "coordinates": [-13407494.131163653, 8368077.7369771]}}, {"type": "Feature", "geometry": {"type": "Point", "coordinates": [-14865429.562993865, 7055516.156840403]}}, {"type": "Feature", "geometry": {"type": "Point", "coordinates": [-14955185.495736143, 7860447.8432960715]}}, {"type": "Feature", "geometry": {"type": "Point", "coordinates": [-15080417.889106749, 6888140.3424074855]}}, {"type": "Feature", "geometry": {"type": "Point", "coordinates": [-13295732.967758575, 9040513.836575503]}}, {"type": "Feature", "geometry": {"type": "Point", "coordinates": [-14910076.068528863, 7364006.65402693]}}, {"type": "Feature", "geometry": {"type": "Point", "coordinates": [-14830436.01930552, 8127193.782617968]}}, {"type": "Feature", "geometry": {"type": "Point", "coordinates": [-5468813.962758726, 3540705.3805991574]}}, {"type": "Feature", "geometry": {"type": "Point", "coordinates": [-14559869.422780927, 8915068.319467181]}}, {"type": "Feature", "geometry": {"type": "Point", "coordinates": [-16444804.906117432, 8259784.337761415]}}, {"type": "Feature", "geometry": {"type": "Point", "coordinates": [-14320554.507915758, 8941217.8403421]}}, {"type": "Feature", "geometry": {"type": "Point", "coordinates": [-12983267.195436046, 8394327.591260023]}}, {"type": "Feature", "geometry": {"type": "Point", "coordinates": [8191575.815290811, -16270591.443024758]}}, {"type": "Feature", "geometry": {"type": "Point", "coordinates": [-16443352.245444186, 8258159.508907192]}}, {"type": "Feature", "geometry": {"type": "Point", "coordinates": [-14856503.955797872, 8039186.559037355]}}, {"type": "Feature", "geometry": {"type": "Point", "coordinates": [-14821977.085181588, 7316853.837403617]}}, {"type": "Feature", "geometry": {"type": "Point", "coordinates": [-16398306.659246225, 9482869.325290086]}}, {"type": "Feature", "geometry": {"type": "Point", "coordinates": [-16128724.864715692, 8219277.499160113]}}, {"type": "Feature", "geometry": {"type": "Point", "coordinates": [-14559869.422780927, 8915068.319467181]}}, {"type": "Feature", "geometry": {"type": "Point", "coordinates": [-16654904.025883427, 8351662.954987784]}}, {"type": "Feature", "geometry": {"type": "Point", "coordinates": [-5177747.984721701, 4021010.397432761]}}, {"type": "Feature", "geometry": {"type": "Point", "coordinates": [-5456345.410890447, 3522668.7128435187]}}, {"type": "Feature", "geometry": {"type": "Point", "coordinates": [11728495.668792592, -12978072.895769188]}}, {"type": "Feature", "geometry": {"type": "Point", "coordinates": [-14216335.74086528, 9014064.721754977]}}, {"type": "Feature", "geometry": {"type": "Point", "coordinates": [-14442192.426044488, 9181725.303509902]}}, {"type": "Feature", "geometry": {"type": "Point", "coordinates": [-13745487.991644708, 9065757.328024078]}}, {"type": "Feature", "geometry": {"type": "Point", "coordinates": [-14890570.931204792, 6698600.5808173455]}}, {"type": "Feature", "geometry": {"type": "Point", "coordinates": [-13127466.602219392, 8464177.482832974]}}, {"type": "Feature", "geometry": {"type": "Point", "coordinates": [-2637711.468296936, 1488034.2593844736]}}, {"type": "Feature", "geometry": {"type": "Point", "coordinates": [-14962317.155027272, 7004952.978608695]}}, {"type": "Feature", "geometry": {"type": "Point", "coordinates": [-15595604.065064969, 8540165.260843333]}}, {"type": "Feature", "geometry": {"type": "Point", "coordinates": [-14057336.918312961, 8939008.087855255]}}, {"type": "Feature", "geometry": {"type": "Point", "coordinates": [-14355652.109052813, 7661150.6530709015]}}, {"type": "Feature", "geometry": {"type": "Point", "coordinates": [-15061902.932029549, 9361376.96416066]}}, {"type": "Feature", "geometry": {"type": "Point", "coordinates": [-13653896.077426165, 8168651.373567013]}}, {"type": "Feature", "geometry": {"type": "Point", "coordinates": [-13800616.775554707, 9298249.894084131]}}, {"type": "Feature", "geometry": {"type": "Point", "coordinates": [-16399899.020894913, 9483511.665319718]}}, {"type": "Feature", "geometry": {"type": "Point", "coordinates": [-13959260.971559022, 9402705.117838796]}}, {"type": "Feature", "geometry": {"type": "Point", "coordinates": [-13798023.513942653, 9305944.517669471]}}, {"type": "Feature", "geometry": {"type": "Point", "coordinates": [-13864879.974048847, 7856714.710418058]}}, {"type": "Feature", "geometry": {"type": "Point", "coordinates": [11394554.436229639, -13394407.961405188]}}, {"type": "Feature", "geometry": {"type": "Point", "coordinates": [-15185665.999787336, 8271027.496251878]}}, {"type": "Feature", "geometry": {"type": "Point", "coordinates": [-14310815.799701592, 7854043.554896948]}}, {"type": "Feature", "geometry": {"type": "Point", "coordinates": [-15059391.801383128, 7122125.9283518875]}}, {"type": "Feature", "geometry": {"type": "Point", "coordinates": [-13409265.558834847, 8368148.0437188465]}}, {"type": "Feature", "geometry": {"type": "Point", "coordinates": [-15164415.813038532, 8276562.239170219]}}, {"type": "Feature", "geometry": {"type": "Point", "coordinates": [-4682264.491797794, 3483714.3892563167]}}, {"type": "Feature", "geometry": {"type": "Point", "coordinates": [-12991489.917469503, 8389682.636565143]}}, {"type": "Feature", "geometry": {"type": "Point", "coordinates": [-13655138.827491432, 8175313.777638632]}}, {"type": "Feature", "geometry": {"type": "Point", "coordinates": [-14066015.77646375, 10685869.430036264]}}, {"type": "Feature", "geometry": {"type": "Point", "coordinates": [-5444214.517141435, 3514437.7160207024]}}, {"type": "Feature", "geometry": {"type": "Point", "coordinates": [-12980516.80078314, 8392514.266848171]}}, {"type": "Feature", "geometry": {"type": "Point", "coordinates": [-15378770.136092538, 8781958.53093258]}}, {"type": "Feature", "geometry": {"type": "Point", "coordinates": [-15053959.738492198, 7122095.944418698]}}, {"type": "Feature", "geometry": {"type": "Point", "coordinates": [-16025900.665228112, 7967776.48516448]}}, {"type": "Feature", "geometry": {"type": "Point", "coordinates": [-13405743.377717968, 8367400.648631065]}}, {"type": "Feature", "geometry": {"type": "Point", "coordinates": [-15470846.879688604, 10359731.257462783]}}, {"type": "Feature", "geometry": {"type": "Point", "coordinates": [-15912666.071745487, 7972337.0118883215]}}, {"type": "Feature", "geometry": {"type": "Point", "coordinates": [-13275091.759303575, 8955924.817384236]}}, {"type": "Feature", "geometry": {"type": "Point", "coordinates": [-14465373.322489865, 8059655.245738904]}}, {"type": "Feature", "geometry": {"type": "Point", "coordinates": [-15037159.590496466, 6972658.225158771]}}, {"type": "Feature", "geometry": {"type": "Point", "coordinates": [-13407587.9401235, 8368582.794511016]}}, {"type": "Feature", "geometry": {"type": "Point", "coordinates": [-14431521.134004874, 8781094.388682386]}}, {"type": "Feature", "geometry": {"type": "Point", "coordinates": [-15795676.253337556, 8507166.75284261]}}, {"type": "Feature", "geometry": {"type": "Point", "coordinates": [-14922881.324509358, 6653704.890784053]}}, {"type": "Feature", "geometry": {"type": "Point", "coordinates": [-15804506.921227261, 8034042.657593956]}}, {"type": "Feature", "geometry": {"type": "Point", "coordinates": [-15907421.96670774, 7974264.1461447505]}}, {"type": "Feature", "geometry": {"type": "Point", "coordinates": [-15282259.219377568, 8285484.310573475]}}, {"type": "Feature", "geometry": {"type": "Point", "coordinates": [-5743442.247712096, 3350200.197604173]}}, {"type": "Feature", "geometry": {"type": "Point", "coordinates": [-13407514.372682372, 8368205.197107904]}}, {"type": "Feature", "geometry": {"type": "Point", "coordinates": [-14681681.130424177, 8079968.700613675]}}, {"type": "Feature", "geometry": {"type": "Point", "coordinates": [-16574547.477244196, 9060081.417859733]}}, {"type": "Feature", "geometry": {"type": "Point", "coordinates": [-5085986.042993883, 3609155.061302654]}}, {"type": "Feature", "geometry": {"type": "Point", "coordinates": [-5304504.813253898, 3626078.563490094]}}, {"type": "Feature", "geometry": {"type": "Point", "coordinates": [-14777764.961133504, 7176186.755517393]}}, {"type": "Feature", "geometry": {"type": "Point", "coordinates": [-13406154.98731357, 8365089.5586785255]}}, {"type": "Feature", "geometry": {"type": "Point", "coordinates": [-15160602.463166194, 8271272.775021409]}}, {"type": "Feature", "geometry": {"type": "Point", "coordinates": [-13186193.145176701, 8351786.179906594]}}, {"type": "Feature", "geometry": {"type": "Point", "coordinates": [-15125459.553984543, 7662899.259683583]}}, {"type": "Feature", "geometry": {"type": "Point", "coordinates": [-14347982.634363784, 7656360.0075603705]}}, {"type": "Feature", "geometry": {"type": "Point", "coordinates": [-14435472.07298859, 9183781.696632683]}}, {"type": "Feature", "geometry": {"type": "Point", "coordinates": [-15185538.462018535, 8267428.259105996]}}, {"type": "Feature", "geometry": {"type": "Point", "coordinates": [-5743044.881949675, 3350044.842136875]}}, {"type": "Feature", "geometry": {"type": "Point", "coordinates": [-14017216.010908037, 8162404.758643025]}}, {"type": "Feature", "geometry": {"type": "Point", "coordinates": [-14910076.068528863, 7364006.65402693]}}, {"type": "Feature", "geometry": {"type": "Point", "coordinates": [-13800616.775554707, 9298249.894084131]}}, {"type": "Feature", "geometry": {"type": "Point", "coordinates": [-15422845.475161957, 8421179.883965429]}}, {"type": "Feature", "geometry": {"type": "Point", "coordinates": [-5182600.426396335, 3960592.164982025]}}, {"type": "Feature", "geometry": {"type": "Point", "coordinates": [-14975125.016447062, 7243715.584417005]}}, {"type": "Feature", "geometry": {"type": "Point", "coordinates": [-14670396.458352813, 9871573.289053595]}}, {"type": "Feature", "geometry": {"type": "Point", "coordinates": [8629588.079132926, -16657700.736281706]}}, {"type": "Feature", "geometry": {"type": "Point", "coordinates": [-14907036.581425626, 7811240.834437625]}}, {"type": "Feature", "geometry": {"type": "Point", "coordinates": [-16354530.725064503, 9681994.099227294]}}, {"type": "Feature", "geometry": {"type": "Point", "coordinates": [-13184842.600427084, 8353042.272986243]}}, {"type": "Feature", "geometry": {"type": "Point", "coordinates": [-14335118.54061835, 8142606.2099002525]}}, {"type": "Feature", "geometry": {"type": "Point", "coordinates": [-13294920.074359454, 9040191.116394173]}}, {"type": "Feature", "geometry": {"type": "Point", "coordinates": [-12981326.617142318, 8395579.991875647]}}, {"type": "Feature", "geometry": {"type": "Point", "coordinates": [-14921296.100863514, 7104103.255324867]}}, {"type": "Feature", "geometry": {"type": "Point", "coordinates": [-13408620.17271261, 8369867.6449288875]}}, {"type": "Feature", "geometry": {"type": "Point", "coordinates": [-14882244.810150523, 7168230.389599212]}}, {"type": "Feature", "geometry": {"type": "Point", "coordinates": [-14900553.564947857, 8676313.924521979]}}, {"type": "Feature", "geometry": {"type": "Point", "coordinates": [-4647798.590628133, 3987520.8623851435]}}, {"type": "Feature", "geometry": {"type": "Point", "coordinates": [-15185022.445319891, 8267270.55950646]}}, {"type": "Feature", "geometry": {"type": "Point", "coordinates": [-7561164.59132122, 3894173.398613269]}}, {"type": "Feature", "geometry": {"type": "Point", "coordinates": [-12982329.397052608, 8394209.23385949]}}, {"type": "Feature", "geometry": {"type": "Point", "coordinates": [-14373506.071701704, 9623446.019899713]}}, {"type": "Feature", "geometry": {"type": "Point", "coordinates": [-14818997.73176306, 6904738.05120882]}}, {"type": "Feature", "geometry": {"type": "Point", "coordinates": [-13407739.809503159, 8369435.761194852]}}, {"type": "Feature", "geometry": {"type": "Point", "coordinates": [-13808113.309039941, 7945141.63819156]}}, {"type": "Feature", "geometry": {"type": "Point", "coordinates": [-13947856.658716328, 8006051.54768289]}}, {"type": "Feature", "geometry": {"type": "Point", "coordinates": [8625189.068057582, -16579224.812224967]}}, {"type": "Feature", "geometry": {"type": "Point", "coordinates": [-14881185.215930568, 6713628.338018849]}}, {"type": "Feature", "geometry": {"type": "Point", "coordinates": [-5744844.057269266, 3356716.306381823]}}, {"type": "Feature", "geometry": {"type": "Point", "coordinates": [-13654514.015111748, 8175027.785552777]}}, {"type": "Feature", "geometry": {"type": "Point", "coordinates": [-13798156.384942267, 9305395.283684874]}}, {"type": "Feature", "geometry": {"type": "Point", "coordinates": [-16600939.83486437, 8317185.06420241]}}, {"type": "Feature", "geometry": {"type": "Point", "coordinates": [-14910076.068528863, 7364006.65402693]}}, {"type": "Feature", "geometry": {"type": "Point", "coordinates": [-6638989.819741125, 8288258.016157017]}}, {"type": "Feature", "geometry": {"type": "Point", "coordinates": [-14090471.761499431, 7862339.760923345]}}, {"type": "Feature", "geometry": {"type": "Point", "coordinates": [-15112022.614437575, 9007712.182804065]}}, {"type": "Feature", "geometry": {"type": "Point", "coordinates": [-15711646.211489944, 8349799.330157802]}}, {"type": "Feature", "geometry": {"type": "Point", "coordinates": [-15350797.024359446, 8869888.601019591]}}, {"type": "Feature", "geometry": {"type": "Point", "coordinates": [-14913882.639119437, 6649889.755439502]}}, {"type": "Feature", "geometry": {"type": "Point", "coordinates": [-6239700.123085229, 3773975.2853206648]}}, {"type": "Feature", "geometry": {"type": "Point", "coordinates": [-6430098.298513872, 7924074.6159936385]}}, {"type": "Feature", "geometry": {"type": "Point", "coordinates": [-16392144.614720443, 9480896.885721507]}}, {"type": "Feature", "geometry": {"type": "Point", "coordinates": [-15156626.17701692, 8273803.893725006]}}, {"type": "Feature", "geometry": {"type": "Point", "coordinates": [-14431828.356917188, 8261829.740714265]}}, {"type": "Feature", "geometry": {"type": "Point", "coordinates": [-12834074.720918937, 8399342.20891181]}}, {"type": "Feature", "geometry": {"type": "Point", "coordinates": [-5448044.024117036, 3517997.3722198885]}}, {"type": "Feature", "geometry": {"type": "Point", "coordinates": [-13406694.497415887, 8367205.128308316]}}, {"type": "Feature", "geometry": {"type": "Point", "coordinates": [-16536598.228843946, 8994724.16878488]}}, {"type": "Feature", "geometry": {"type": "Point", "coordinates": [-13797830.41495161, 9304247.411479967]}}, {"type": "Feature", "geometry": {"type": "Point", "coordinates": [-15713554.397470804, 8350054.610529836]}}, {"type": "Feature", "geometry": {"type": "Point", "coordinates": [-14937582.934719529, 7605340.337208194]}}, {"type": "Feature", "geometry": {"type": "Point", "coordinates": [-14810350.737393545, 8137680.737525064]}}, {"type": "Feature", "geometry": {"type": "Point", "coordinates": [-13404206.717909617, 8365406.56973074]}}, {"type": "Feature", "geometry": {"type": "Point", "coordinates": [-16018587.544179168, 8066863.343315209]}}, {"type": "Feature", "geometry": {"type": "Point", "coordinates": [14545617.394849716, -13420159.735925317]}}, {"type": "Feature", "geometry": {"type": "Point", "coordinates": [-13486467.831185311, 8341930.504007704]}}, {"type": "Feature", "geometry": {"type": "Point", "coordinates": [-14974118.6691889, 7694546.5512785725]}}, {"type": "Feature", "geometry": {"type": "Point", "coordinates": [11728321.003269427, -13185719.919480346]}}, {"type": "Feature", "geometry": {"type": "Point", "coordinates": [-15843894.893511819, 8204487.742539902]}}, {"type": "Feature", "geometry": {"type": "Point", "coordinates": [-14549580.170137146, 7901772.278711577]}}, {"type": "Feature", "geometry": {"type": "Point", "coordinates": [-14036450.815308446, 7993925.715708828]}}, {"type": "Feature", "geometry": {"type": "Point", "coordinates": [-14858107.945427632, 7881554.157006223]}}, {"type": "Feature", "geometry": {"type": "Point", "coordinates": [-16175770.183633475, 8662751.560167735]}}, {"type": "Feature", "geometry": {"type": "Point", "coordinates": [11729523.915560655, -12997797.086871339]}}, {"type": "Feature", "geometry": {"type": "Point", "coordinates": [-2349343.4072374403, 1247705.774881602]}}, {"type": "Feature", "geometry": {"type": "Point", "coordinates": [-5447523.1508518625, 3519532.909419924]}}, {"type": "Feature", "geometry": {"type": "Point", "coordinates": [-13679202.497403756, 8126369.137461578]}}, {"type": "Feature", "geometry": {"type": "Point", "coordinates": [-13816025.50585838, 7798500.1018116865]}}, {"type": "Feature", "geometry": {"type": "Point", "coordinates": [-15018239.741425576, 8221160.084536843]}}, {"type": "Feature", "geometry": {"type": "Point", "coordinates": [-12569692.113758665, 8846446.031603567]}}, {"type": "Feature", "geometry": {"type": "Point", "coordinates": [-15013598.13525787, 8443334.010405153]}}, {"type": "Feature", "geometry": {"type": "Point", "coordinates": [-12992189.348406028, 8389738.428243846]}}, {"type": "Feature", "geometry": {"type": "Point", "coordinates": [-2327088.633371984, 1588575.7009351135]}}, {"type": "Feature", "geometry": {"type": "Point", "coordinates": [-6613086.364382624, 3840307.953074884]}}, {"type": "Feature", "geometry": {"type": "Point", "coordinates": [-14372207.701441867, 9636808.910549672]}}, {"type": "Feature", "geometry": {"type": "Point", "coordinates": [-15915588.408826921, 7967920.712652339]}}, {"type": "Feature", "geometry": {"type": "Point", "coordinates": [-15904404.843233015, 7977707.102148651]}}, {"type": "Feature", "geometry": {"type": "Point", "coordinates": [-16384750.516821379, 8592343.738498626]}}, {"type": "Feature", "geometry": {"type": "Point", "coordinates": [10745239.211764906, -13506615.9880752]}}, {"type": "Feature", "geometry": {"type": "Point", "coordinates": [11728363.34520472, -13185474.75182292]}}, {"type": "Feature", "geometry": {"type": "Point", "coordinates": [-15099051.127188133, 7107812.118019231]}}, {"type": "Feature", "geometry": {"type": "Point", "coordinates": [-14052324.457343169, 8945037.456050372]}}, {"type": "Feature", "geometry": {"type": "Point", "coordinates": [-15521446.186629502, 8553208.179280834]}}, {"type": "Feature", "geometry": {"type": "Point", "coordinates": [-12982008.71026329, 8394288.9324592]}}, {"type": "Feature", "geometry": {"type": "Point", "coordinates": [10743103.311591834, -13504462.067597633]}}, {"type": "Feature", "geometry": {"type": "Point", "coordinates": [-15906687.557747014, 7974457.646724187]}}, {"type": "Feature", "geometry": {"type": "Point", "coordinates": [-16187050.005404955, 8984746.694146775]}}, {"type": "Feature", "geometry": {"type": "Point", "coordinates": [-14382484.410245724, 9648436.139822092]}}, {"type": "Feature", "geometry": {"type": "Point", "coordinates": [-14922778.757132871, 6652860.104742756]}}, {"type": "Feature", "geometry": {"type": "Point", "coordinates": [-16647717.326055124, 8351628.467543201]}}, {"type": "Feature", "geometry": {"type": "Point", "coordinates": [-14829095.992423471, 8167046.07299136]}}, {"type": "Feature", "geometry": {"type": "Point", "coordinates": [-13673257.95661493, 8924092.271974439]}}, {"type": "Feature", "geometry": {"type": "Point", "coordinates": [-14559869.422780927, 8915068.319467181]}}, {"type": "Feature", "geometry": {"type": "Point", "coordinates": [-14813356.620229969, 8121032.641715588]}}, {"type": "Feature", "geometry": {"type": "Point", "coordinates": [11760853.062650464, -12991763.53547569]}}, {"type": "Feature", "geometry": {"type": "Point", "coordinates": [-14984189.219251134, 6622041.554520933]}}, {"type": "Feature", "geometry": {"type": "Point", "coordinates": [-5743044.881949675, 3350044.842136875]}}, {"type": "Feature", "geometry": {"type": "Point", "coordinates": [-13797348.41030653, 9308659.700595474]}}, {"type": "Feature", "geometry": {"type": "Point", "coordinates": [-14172044.284580382, 7909568.760121129]}}, {"type": "Feature", "geometry": {"type": "Point", "coordinates": [-15570366.753408918, 7934840.0504566645]}}, {"type": "Feature", "geometry": {"type": "Point", "coordinates": [-14442192.54395291, 9182487.356024856]}}, {"type": "Feature", "geometry": {"type": "Point", "coordinates": [-4840412.368392789, 3457117.3095894926]}}, {"type": "Feature", "geometry": {"type": "Point", "coordinates": [-16147936.663271168, 8165691.866132929]}}, {"type": "Feature", "geometry": {"type": "Point", "coordinates": [-15075981.097821468, 8454860.053582381]}}, {"type": "Feature", "geometry": {"type": "Point", "coordinates": [-16653325.546538165, 8350702.169992353]}}, {"type": "Feature", "geometry": {"type": "Point", "coordinates": [10762801.792522106, -13475707.387000022]}}, {"type": "Feature", "geometry": {"type": "Point", "coordinates": [-16333503.350308437, 8272945.622830933]}}, {"type": "Feature", "geometry": {"type": "Point", "coordinates": [-16025679.887960488, 8195683.93447946]}}, {"type": "Feature", "geometry": {"type": "Point", "coordinates": [-12983346.17506333, 8394486.451849129]}}, {"type": "Feature", "geometry": {"type": "Point", "coordinates": [-12982579.51859362, 8394545.693329625]}}, {"type": "Feature", "geometry": {"type": "Point", "coordinates": [-5183462.539708888, 3959801.7165866657]}}, {"type": "Feature", "geometry": {"type": "Point", "coordinates": [-16009597.28366755, 8135331.045695825]}}, {"type": "Feature", "geometry": {"type": "Point", "coordinates": [-15156184.38658339, 8273438.401282686]}}, {"type": "Feature", "geometry": {"type": "Point", "coordinates": [-15109094.622643571, 7060961.937392259]}}, {"type": "Feature", "geometry": {"type": "Point", "coordinates": [-7566956.965186228, 3884805.2805861197]}}, {"type": "Feature", "geometry": {"type": "Point", "coordinates": [-5427632.291584677, 3518800.149265383]}}, {"type": "Feature", "geometry": {"type": "Point", "coordinates": [8937875.171190834, -16682804.533741703]}}, {"type": "Feature", "geometry": {"type": "Point", "coordinates": [-13733395.662467355, 9064007.310921287]}}, {"type": "Feature", "geometry": {"type": "Point", "coordinates": [-12991740.085811779, 8389881.222315202]}}, {"type": "Feature", "geometry": {"type": "Point", "coordinates": [-13780375.209798532, 8651528.097071871]}}, {"type": "Feature", "geometry": {"type": "Point", "coordinates": [-14374473.431190642, 9622357.427711299]}}, {"type": "Feature", "geometry": {"type": "Point", "coordinates": [10272459.13885402, -14509080.1727646]}}, {"type": "Feature", "geometry": {"type": "Point", "coordinates": [8323586.926232421, -16414117.388225898]}}, {"type": "Feature", "geometry": {"type": "Point", "coordinates": [-14922190.413300835, 7281831.174503223]}}, {"type": "Feature", "geometry": {"type": "Point", "coordinates": [-14442671.045604466, 9180633.362798162]}}, {"type": "Feature", "geometry": {"type": "Point", "coordinates": [-14961339.500544766, 6985824.501626394]}}, {"type": "Feature", "geometry": {"type": "Point", "coordinates": [-13486616.192183275, 8190626.655948903]}}, {"type": "Feature", "geometry": {"type": "Point", "coordinates": [-15571847.486812202, 7935522.188499732]}}, {"type": "Feature", "geometry": {"type": "Point", "coordinates": [-15710825.330780175, 8348528.22551489]}}, {"type": "Feature", "geometry": {"type": "Point", "coordinates": [-5179620.02128307, 3956090.4001549203]}}, {"type": "Feature", "geometry": {"type": "Point", "coordinates": [-13411096.47690017, 8360249.368835979]}}, {"type": "Feature", "geometry": {"type": "Point", "coordinates": [-14442084.854623927, 9181471.867095042]}}, {"type": "Feature", "geometry": {"type": "Point", "coordinates": [-15471240.532651754, 10359441.843246462]}}, {"type": "Feature", "geometry": {"type": "Point", "coordinates": [-15103367.042565847, 7146934.674470895]}}, {"type": "Feature", "geometry": {"type": "Point", "coordinates": [-14502833.722008962, 8061813.294650689]}}, {"type": "Feature", "geometry": {"type": "Point", "coordinates": [-14922881.324509358, 6653704.890784053]}}, {"type": "Feature", "geometry": {"type": "Point", "coordinates": [-14827175.56731199, 8124251.576556266]}}, {"type": "Feature", "geometry": {"type": "Point", "coordinates": [-13353342.466741271, 8204019.1515183635]}}, {"type": "Feature", "geometry": {"type": "Point", "coordinates": [-14301382.466951419, 8955987.735590456]}}, {"type": "Feature", "geometry": {"type": "Point", "coordinates": [-13486724.137586823, 8341922.223656704]}}, {"type": "Feature", "geometry": {"type": "Point", "coordinates": [-14056746.31648616, 8128314.4219729565]}}, {"type": "Feature", "geometry": {"type": "Point", "coordinates": [11881635.911809769, -13173964.471317168]}}, {"type": "Feature", "geometry": {"type": "Point", "coordinates": [-14371867.570447939, 9625312.50168439]}}, {"type": "Feature", "geometry": {"type": "Point", "coordinates": [-15082417.880286716, 6943739.07846953]}}, {"type": "Feature", "geometry": {"type": "Point", "coordinates": [-15103766.70461716, 7602557.599039941]}}, {"type": "Feature", "geometry": {"type": "Point", "coordinates": [-16462532.241377639, 9091641.910928749]}}, {"type": "Feature", "geometry": {"type": "Point", "coordinates": [-14557124.822821587, 7908089.372898589]}}, {"type": "Feature", "geometry": {"type": "Point", "coordinates": [-15296665.240821544, 9604878.155703284]}}, {"type": "Feature", "geometry": {"type": "Point", "coordinates": [-15574013.41329333, 9842918.628194736]}}, {"type": "Feature", "geometry": {"type": "Point", "coordinates": [-16252198.64170714, 9397390.302800145]}}, {"type": "Feature", "geometry": {"type": "Point", "coordinates": [8619845.864693817, -16438250.42997979]}}, {"type": "Feature", "geometry": {"type": "Point", "coordinates": [-14910076.068528863, 7364006.65402693]}}, {"type": "Feature", "geometry": {"type": "Point", "coordinates": [-16333503.350308437, 8272945.622830933]}}, {"type": "Feature", "geometry": {"type": "Point", "coordinates": [-15580798.989865722, 8680547.047980223]}}, {"type": "Feature", "geometry": {"type": "Point", "coordinates": [-6916760.70689207, 8030980.160475082]}}, {"type": "Feature", "geometry": {"type": "Point", "coordinates": [-14629144.910960034, 8840861.693415195]}}, {"type": "Feature", "geometry": {"type": "Point", "coordinates": [-13040365.099396743, 8429138.30846403]}}, {"type": "Feature", "geometry": {"type": "Point", "coordinates": [7897658.187130878, -16099639.975611087]}}, {"type": "Feature", "geometry": {"type": "Point", "coordinates": [-14115960.487910025, 8250964.528478421]}}, {"type": "Feature", "geometry": {"type": "Point", "coordinates": [-14964880.350301126, 6865351.171417587]}}, {"type": "Feature", "geometry": {"type": "Point", "coordinates": [-14682820.800560217, 7527299.154654876]}}, {"type": "Feature", "geometry": {"type": "Point", "coordinates": [-15957818.972229682, 8694602.707615593]}}, {"type": "Feature", "geometry": {"type": "Point", "coordinates": [-15059391.801383128, 7122125.9283518875]}}, {"type": "Feature", "geometry": {"type": "Point", "coordinates": [-13763631.686675033, 8026316.373576739]}}, {"type": "Feature", "geometry": {"type": "Point", "coordinates": [-14320554.507915758, 8941217.8403421]}}, {"type": "Feature", "geometry": {"type": "Point", "coordinates": [-12994061.468617402, 8386253.99469844]}}, {"type": "Feature", "geometry": {"type": "Point", "coordinates": [-16571997.146576134, 8965266.01333504]}}, {"type": "Feature", "geometry": {"type": "Point", "coordinates": [-14403186.972834503, 9645955.422059465]}}, {"type": "Feature", "geometry": {"type": "Point", "coordinates": [-13408092.257207872, 8367437.207220729]}}, {"type": "Feature", "geometry": {"type": "Point", "coordinates": [-15063017.43098961, 9357130.082951266]}}, {"type": "Feature", "geometry": {"type": "Point", "coordinates": [-15668519.79308345, 8512766.421859348]}}, {"type": "Feature", "geometry": {"type": "Point", "coordinates": [-14896478.771648217, 6688771.240593689]}}, {"type": "Feature", "geometry": {"type": "Point", "coordinates": [10742605.986887822, -13505926.913178999]}}, {"type": "Feature", "geometry": {"type": "Point", "coordinates": [-16020500.874160381, 7963619.552448705]}}, {"type": "Feature", "geometry": {"type": "Point", "coordinates": [-14388814.748103706, 7915187.562861227]}}, {"type": "Feature", "geometry": {"type": "Point", "coordinates": [-15957325.179124184, 8351486.465518157]}}, {"type": "Feature", "geometry": {"type": "Point", "coordinates": [-15058473.218347728, 9351302.62762479]}}, {"type": "Feature", "geometry": {"type": "Point", "coordinates": [-13585203.03116147, 8024575.011259015]}}, {"type": "Feature", "geometry": {"type": "Point", "coordinates": [-13741464.36954089, 9058477.170652062]}}, {"type": "Feature", "geometry": {"type": "Point", "coordinates": [-14431948.943970934, 8261904.30283678]}}, {"type": "Feature", "geometry": {"type": "Point", "coordinates": [-14827175.56731199, 8124251.576556266]}}, {"type": "Feature", "geometry": {"type": "Point", "coordinates": [11066189.162230046, -13456730.436744522]}}, {"type": "Feature", "geometry": {"type": "Point", "coordinates": [-13183856.418401249, 8362340.424634533]}}, {"type": "Feature", "geometry": {"type": "Point", "coordinates": [-5440470.221855237, 3513175.1140805655]}}, {"type": "Feature", "geometry": {"type": "Point", "coordinates": [-15350318.956111595, 8869576.64098871]}}, {"type": "Feature", "geometry": {"type": "Point", "coordinates": [-13437554.75066546, 8127618.819073893]}}, {"type": "Feature", "geometry": {"type": "Point", "coordinates": [-16447255.803511722, 8301242.15041272]}}, {"type": "Feature", "geometry": {"type": "Point", "coordinates": [-15718583.700247547, 8539676.352942705]}}, {"type": "Feature", "geometry": {"type": "Point", "coordinates": [-13249161.054848278, 8354708.244332631]}}, {"type": "Feature", "geometry": {"type": "Point", "coordinates": [-15185104.80009896, 8267243.878707586]}}, {"type": "Feature", "geometry": {"type": "Point", "coordinates": [-15575059.070762195, 7944349.75252337]}}, {"type": "Feature", "geometry": {"type": "Point", "coordinates": [-15006026.411237668, 7018307.858141735]}}, {"type": "Feature", "geometry": {"type": "Point", "coordinates": [-2645176.2483933107, 1471374.5085948159]}}, {"type": "Feature", "geometry": {"type": "Point", "coordinates": [11728272.147713648, -13000467.614596894]}}, {"type": "Feature", "geometry": {"type": "Point", "coordinates": [-16506077.360838495, 9448269.891578274]}}, {"type": "Feature", "geometry": {"type": "Point", "coordinates": [11767087.364353715, -13081483.051300276]}}, {"type": "Feature", "geometry": {"type": "Point", "coordinates": [-16481741.96741516, 9225765.157413818]}}, {"type": "Feature", "geometry": {"type": "Point", "coordinates": [-13947520.596364152, 8004564.617580321]}}, {"type": "Feature", "geometry": {"type": "Point", "coordinates": [-14827175.56731199, 8124251.576556266]}}, {"type": "Feature", "geometry": {"type": "Point", "coordinates": [-3808748.0948881605, 3572069.3217354803]}}, {"type": "Feature", "geometry": {"type": "Point", "coordinates": [-15108043.83160004, 7065992.675153448]}}, {"type": "Feature", "geometry": {"type": "Point", "coordinates": [-14889834.990453565, 7202103.1005304875]}}, {"type": "Feature", "geometry": {"type": "Point", "coordinates": [-14869613.5005348, 7907288.786887166]}}, {"type": "Feature", "geometry": {"type": "Point", "coordinates": [-14085563.63506715, 7930115.0305529535]}}, {"type": "Feature", "geometry": {"type": "Point", "coordinates": [-16619833.334301358, 8900420.047610562]}}, {"type": "Feature", "geometry": {"type": "Point", "coordinates": [-13291476.023189971, 9036511.882793773]}}, {"type": "Feature", "geometry": {"type": "Point", "coordinates": [-14770581.348607132, 7418055.996038737]}}, {"type": "Feature", "geometry": {"type": "Point", "coordinates": [-13407952.975407355, 8370072.33040975]}}, {"type": "Feature", "geometry": {"type": "Point", "coordinates": [-2327593.7217205246, 1582896.245084388]}}, {"type": "Feature", "geometry": {"type": "Point", "coordinates": [-7567111.5560053345, 3891038.037836456]}}, {"type": "Feature", "geometry": {"type": "Point", "coordinates": [-14909080.272743981, 6835884.679862913]}}, {"type": "Feature", "geometry": {"type": "Point", "coordinates": [-14355605.329728065, 7658681.37439433]}}, {"type": "Feature", "geometry": {"type": "Point", "coordinates": [-14937756.296882141, 7605264.464905545]}}, {"type": "Feature", "geometry": {"type": "Point", "coordinates": [-13485654.021155467, 8341277.351858742]}}, {"type": "Feature", "geometry": {"type": "Point", "coordinates": [-13744707.415526597, 9065136.234545149]}}, {"type": "Feature", "geometry": {"type": "Point", "coordinates": [-15063017.43098961, 9357130.082951266]}}, {"type": "Feature", "geometry": {"type": "Point", "coordinates": [-14558472.911309846, 8912420.183048304]}}, {"type": "Feature", "geometry": {"type": "Point", "coordinates": [-13961468.070712194, 8312959.197096481]}}, {"type": "Feature", "geometry": {"type": "Point", "coordinates": [-16447223.474325376, 8304857.113094431]}}, {"type": "Feature", "geometry": {"type": "Point", "coordinates": [14172256.951743383, -12783768.395091705]}}, {"type": "Feature", "geometry": {"type": "Point", "coordinates": [-14077130.23009533, 7800624.27254999]}}, {"type": "Feature", "geometry": {"type": "Point", "coordinates": [-13668235.266410736, 8778171.599524017]}}, {"type": "Feature", "geometry": {"type": "Point", "coordinates": [-13867061.45370304, 7856282.285881957]}}, {"type": "Feature", "geometry": {"type": "Point", "coordinates": [9296905.029316189, -16680278.510461261]}}, {"type": "Feature", "geometry": {"type": "Point", "coordinates": [-15580798.989865722, 8680547.047980223]}}, {"type": "Feature", "geometry": {"type": "Point", "coordinates": [-14258699.096507234, 8080598.894669434]}}, {"type": "Feature", "geometry": {"type": "Point", "coordinates": [-15116686.566541558, 7035860.840577065]}}, {"type": "Feature", "geometry": {"type": "Point", "coordinates": [-15005264.339699244, 8283917.891911036]}}, {"type": "Feature", "geometry": {"type": "Point", "coordinates": [-13407946.932089204, 8369408.511659697]}}, {"type": "Feature", "geometry": {"type": "Point", "coordinates": [-16036158.370086813, 8115338.455270024]}}, {"type": "Feature", "geometry": {"type": "Point", "coordinates": [-13663996.752795095, 8923463.620671317]}}, {"type": "Feature", "geometry": {"type": "Point", "coordinates": [-4569427.226172983, 4261809.632487671]}}, {"type": "Feature", "geometry": {"type": "Point", "coordinates": [-15418675.57616122, 8786996.546344802]}}, {"type": "Feature", "geometry": {"type": "Point", "coordinates": [-15795676.253337556, 8507166.75284261]}}, {"type": "Feature", "geometry": {"type": "Point", "coordinates": [-13834206.955372615, 7969685.60945147]}}, {"type": "Feature", "geometry": {"type": "Point", "coordinates": [-13866399.804553442, 7945569.649418567]}}, {"type": "Feature", "geometry": {"type": "Point", "coordinates": [-13744508.594713595, 9065061.75885237]}}, {"type": "Feature", "geometry": {"type": "Point", "coordinates": [-14961339.500544766, 6985824.501626394]}}, {"type": "Feature", "geometry": {"type": "Point", "coordinates": [-13796962.719942462, 9300623.532841777]}}, {"type": "Feature", "geometry": {"type": "Point", "coordinates": [-6083908.866983247, 3238097.864148554]}}, {"type": "Feature", "geometry": {"type": "Point", "coordinates": [-14131818.890607372, 7916774.637095944]}}, {"type": "Feature", "geometry": {"type": "Point", "coordinates": [-15881691.272348909, 8936218.359407427]}}, {"type": "Feature", "geometry": {"type": "Point", "coordinates": [-13627005.833791327, 7998380.477679746]}}, {"type": "Feature", "geometry": {"type": "Point", "coordinates": [-14374611.825912146, 9624071.837258698]}}, {"type": "Feature", "geometry": {"type": "Point", "coordinates": [-5743571.639346644, 3350831.3482648437]}}, {"type": "Feature", "geometry": {"type": "Point", "coordinates": [-13800616.775554707, 9298249.894084131]}}, {"type": "Feature", "geometry": {"type": "Point", "coordinates": [-15527314.065490697, 9985032.214044284]}}, {"type": "Feature", "geometry": {"type": "Point", "coordinates": [-15167791.616703788, 8280340.3301105155]}}, {"type": "Feature", "geometry": {"type": "Point", "coordinates": [-13186025.636279333, 8351936.403686083]}}, {"type": "Feature", "geometry": {"type": "Point", "coordinates": [-15645539.196795737, 8620755.996640125]}}, {"type": "Feature", "geometry": {"type": "Point", "coordinates": [-13376832.186567962, 8164698.291991576]}}, {"type": "Feature", "geometry": {"type": "Point", "coordinates": [-15063017.43098961, 9357130.082951266]}}, {"type": "Feature", "geometry": {"type": "Point", "coordinates": [-15843894.893511819, 8204487.742539902]}}, {"type": "Feature", "geometry": {"type": "Point", "coordinates": [-13741774.659882966, 9061378.395255135]}}, {"type": "Feature", "geometry": {"type": "Point", "coordinates": [-14922470.611899192, 6662186.008081749]}}, {"type": "Feature", "geometry": {"type": "Point", "coordinates": [-13798023.513942653, 9305944.517669471]}}, {"type": "Feature", "geometry": {"type": "Point", "coordinates": [-14073723.715857174, 8615080.894660804]}}, {"type": "Feature", "geometry": {"type": "Point", "coordinates": [-12650028.730631223, 8314884.977510286]}}, {"type": "Feature", "geometry": {"type": "Point", "coordinates": [-12962630.595312754, 8400828.298937533]}}, {"type": "Feature", "geometry": {"type": "Point", "coordinates": [-5447838.507397423, 3519463.9996266323]}}, {"type": "Feature", "geometry": {"type": "Point", "coordinates": [-14776406.131272586, 7209091.2196218725]}}, {"type": "Feature", "geometry": {"type": "Point", "coordinates": [-13791352.90571845, 9453319.888902083]}}, {"type": "Feature", "geometry": {"type": "Point", "coordinates": [-15950785.472230807, 8535107.519372797]}}, {"type": "Feature", "geometry": {"type": "Point", "coordinates": [-16252198.64170714, 9397390.302800145]}}, {"type": "Feature", "geometry": {"type": "Point", "coordinates": [-13805408.494402066, 9305605.2274493]}}, {"type": "Feature", "geometry": {"type": "Point", "coordinates": [-14495883.260638032, 9284429.965748603]}}, {"type": "Feature", "geometry": {"type": "Point", "coordinates": [-15952327.927959142, 8022793.724967804]}}, {"type": "Feature", "geometry": {"type": "Point", "coordinates": [-15101786.40391498, 7107406.329804101]}}, {"type": "Feature", "geometry": {"type": "Point", "coordinates": [-4835351.045645415, 3456937.0409693383]}}, {"type": "Feature", "geometry": {"type": "Point", "coordinates": [-14378401.634314131, 9581197.08006692]}}, {"type": "Feature", "geometry": {"type": "Point", "coordinates": [-13731201.117206065, 9055561.037240926]}}, {"type": "Feature", "geometry": {"type": "Point", "coordinates": [-2485613.1801870666, 1654169.948623592]}}, {"type": "Feature", "geometry": {"type": "Point", "coordinates": [-12983514.422456557, 8394658.734700374]}}, {"type": "Feature", "geometry": {"type": "Point", "coordinates": [-16121237.33926578, 9860322.382764397]}}, {"type": "Feature", "geometry": {"type": "Point", "coordinates": [-14214487.929211978, 8165653.520596804]}}, {"type": "Feature", "geometry": {"type": "Point", "coordinates": [8538505.362156466, -16255725.266011009]}}, {"type": "Feature", "geometry": {"type": "Point", "coordinates": [-14126663.886692282, 7927655.217849969]}}, {"type": "Feature", "geometry": {"type": "Point", "coordinates": [9147320.421125017, -16353643.462806394]}}, {"type": "Feature", "geometry": {"type": "Point", "coordinates": [11902288.897164555, -15169283.400036016]}}, {"type": "Feature", "geometry": {"type": "Point", "coordinates": [-13819490.790407887, 9332011.132285882]}}, {"type": "Feature", "geometry": {"type": "Point", "coordinates": [-13746437.310335, 8024318.48847222]}}, {"type": "Feature", "geometry": {"type": "Point", "coordinates": [-14046215.768135054, 8954951.52350907]}}, {"type": "Feature", "geometry": {"type": "Point", "coordinates": [-15561436.621053912, 8420771.112884302]}}, {"type": "Feature", "geometry": {"type": "Point", "coordinates": [-15963153.130377024, 8026273.56085559]}}, {"type": "Feature", "geometry": {"type": "Point", "coordinates": [-14296873.218420113, 8113842.608012927]}}, {"type": "Feature", "geometry": {"type": "Point", "coordinates": [-14322611.748841371, 8941783.144947536]}}, {"type": "Feature", "geometry": {"type": "Point", "coordinates": [-13016998.232861273, 8380746.040053408]}}, {"type": "Feature", "geometry": {"type": "Point", "coordinates": [11395426.470255448, -13395307.134841857]}}, {"type": "Feature", "geometry": {"type": "Point", "coordinates": [-15067972.607293772, 8033844.546364695]}}, {"type": "Feature", "geometry": {"type": "Point", "coordinates": [-14372334.569704043, 9636888.276903545]}}, {"type": "Feature", "geometry": {"type": "Point", "coordinates": [-5446000.229840751, 3516575.273861202]}}, {"type": "Feature", "geometry": {"type": "Point", "coordinates": [-5182600.426396335, 3960592.164982025]}}, {"type": "Feature", "geometry": {"type": "Point", "coordinates": [-14859813.064637374, 8002237.697396628]}}, {"type": "Feature", "geometry": {"type": "Point", "coordinates": [-14371867.570447939, 9625312.50168439]}}, {"type": "Feature", "geometry": {"type": "Point", "coordinates": [-15690723.706543507, 8453775.082319742]}}, {"type": "Feature", "geometry": {"type": "Point", "coordinates": [-14320841.253586797, 8943209.656669443]}}, {"type": "Feature", "geometry": {"type": "Point", "coordinates": [-5177747.984721701, 4021010.397432761]}}, {"type": "Feature", "geometry": {"type": "Point", "coordinates": [-14920489.209868329, 6815849.037065032]}}, {"type": "Feature", "geometry": {"type": "Point", "coordinates": [-12981458.866644533, 8396544.132640552]}}, {"type": "Feature", "geometry": {"type": "Point", "coordinates": [-13666180.962394765, 8777428.714168757]}}, {"type": "Feature", "geometry": {"type": "Point", "coordinates": [-15284896.097672952, 8120053.175633569]}}, {"type": "Feature", "geometry": {"type": "Point", "coordinates": [-4568606.742762276, 4261095.457808419]}}, {"type": "Feature", "geometry": {"type": "Point", "coordinates": [-13586829.263059663, 7995294.253802607]}}, {"type": "Feature", "geometry": {"type": "Point", "coordinates": [-13800083.621170035, 9303569.028941981]}}, {"type": "Feature", "geometry": {"type": "Point", "coordinates": [-12984271.337263046, 8393739.010598991]}}, {"type": "Feature", "geometry": {"type": "Point", "coordinates": [-5568894.432066313, 3751595.5279438673]}}, {"type": "Feature", "geometry": {"type": "Point", "coordinates": [-15587165.593005195, 9821462.433400234]}}, {"type": "Feature", "geometry": {"type": "Point", "coordinates": [-14149159.67748435, 8673155.741983231]}}, {"type": "Feature", "geometry": {"type": "Point", "coordinates": [-12990168.58544078, 8391748.17909568]}}, {"type": "Feature", "geometry": {"type": "Point", "coordinates": [-16177235.183844786, 8668367.215418337]}}, {"type": "Feature", "geometry": {"type": "Point", "coordinates": [-14442390.256578999, 9183039.154423608]}}, {"type": "Feature", "geometry": {"type": "Point", "coordinates": [-13796604.688128984, 9300912.460959287]}}, {"type": "Feature", "geometry": {"type": "Point", "coordinates": [-15099542.009700911, 7621176.082658425]}}, {"type": "Feature", "geometry": {"type": "Point", "coordinates": [-13587501.922965942, 8023258.360237545]}}, {"type": "Feature", "geometry": {"type": "Point", "coordinates": [-14803107.949436892, 7069914.516416777]}}, {"type": "Feature", "geometry": {"type": "Point", "coordinates": [-13835453.121455165, 9304413.42416074]}}, {"type": "Feature", "geometry": {"type": "Point", "coordinates": [-5435346.857926802, 3515679.031118455]}}, {"type": "Feature", "geometry": {"type": "Point", "coordinates": [8619349.472323004, -16438492.660190621]}}, {"type": "Feature", "geometry": {"type": "Point", "coordinates": [-13739793.841244614, 9060789.149732457]}}, {"type": "Feature", "geometry": {"type": "Point", "coordinates": [-13739023.470374087, 9059579.579586316]}}, {"type": "Feature", "geometry": {"type": "Point", "coordinates": [-15864752.090447607, 8892261.918045172]}}, {"type": "Feature", "geometry": {"type": "Point", "coordinates": [-13487945.226056967, 8337726.111645856]}}, {"type": "Feature", "geometry": {"type": "Point", "coordinates": [-15595250.414977647, 8540289.615695514]}}, {"type": "Feature", "geometry": {"type": "Point", "coordinates": [-14481454.491909336, 8139922.10914482]}}, {"type": "Feature", "geometry": {"type": "Point", "coordinates": [-13488990.878088137, 8336155.670565479]}}, {"type": "Feature", "geometry": {"type": "Point", "coordinates": [-15103467.610956755, 7147646.574682995]}}, {"type": "Feature", "geometry": {"type": "Point", "coordinates": [-16396127.668323511, 9482482.773577245]}}, {"type": "Feature", "geometry": {"type": "Point", "coordinates": [-14370551.49862553, 9628263.927431589]}}, {"type": "Feature", "geometry": {"type": "Point", "coordinates": [-15058568.489244742, 9350748.64474871]}}, {"type": "Feature", "geometry": {"type": "Point", "coordinates": [8578423.560491526, -16670604.616329402]}}, {"type": "Feature", "geometry": {"type": "Point", "coordinates": [-14442230.803293856, 9182187.217557803]}}, {"type": "Feature", "geometry": {"type": "Point", "coordinates": [8786718.010026855, -16647643.992204586]}}, {"type": "Feature", "geometry": {"type": "Point", "coordinates": [-14281193.803258363, 8234739.197127391]}}, {"type": "Feature", "geometry": {"type": "Point", "coordinates": [-14441898.11655141, 9180613.935638517]}}, {"type": "Feature", "geometry": {"type": "Point", "coordinates": [-14910076.068528863, 7364006.65402693]}}, {"type": "Feature", "geometry": {"type": "Point", "coordinates": [-13773777.528925044, 8034438.408953553]}}, {"type": "Feature", "geometry": {"type": "Point", "coordinates": [-15007450.264821094, 8287747.473867953]}}, {"type": "Feature", "geometry": {"type": "Point", "coordinates": [-12976944.363494463, 8392961.211223537]}}, {"type": "Feature", "geometry": {"type": "Point", "coordinates": [-13743340.65429445, 9556129.812636308]}}, {"type": "Feature", "geometry": {"type": "Point", "coordinates": [-14934147.082708513, 6648312.453126297]}}, {"type": "Feature", "geometry": {"type": "Point", "coordinates": [-13481549.85481895, 8334767.199892657]}}, {"type": "Feature", "geometry": {"type": "Point", "coordinates": [-15419189.556751153, 8782903.898359336]}}, {"type": "Feature", "geometry": {"type": "Point", "coordinates": [-5743571.639346644, 3350831.3482648437]}}, {"type": "Feature", "geometry": {"type": "Point", "coordinates": [-14858107.945427632, 7881554.157006223]}}, {"type": "Feature", "geometry": {"type": "Point", "coordinates": [11015233.12766686, -16349931.796596149]}}, {"type": "Feature", "geometry": {"type": "Point", "coordinates": [-16649067.423016025, 8350632.950526246]}}, {"type": "Feature", "geometry": {"type": "Point", "coordinates": [-15984275.325041067, 8035437.859656467]}}, {"type": "Feature", "geometry": {"type": "Point", "coordinates": [-15555378.391651703, 8742092.243671753]}}, {"type": "Feature", "geometry": {"type": "Point", "coordinates": [-14258163.571981963, 8081626.803837654]}}, {"type": "Feature", "geometry": {"type": "Point", "coordinates": [-12992523.433528325, 8388814.829212364]}}, {"type": "Feature", "geometry": {"type": "Point", "coordinates": [-13587357.037557157, 8023653.103454832]}}, {"type": "Feature", "geometry": {"type": "Point", "coordinates": [-15330613.336585488, 8538038.386851568]}}, {"type": "Feature", "geometry": {"type": "Point", "coordinates": [-15768701.679736303, 8803190.112112755]}}, {"type": "Feature", "geometry": {"type": "Point", "coordinates": [-14770581.348607132, 7418055.996038737]}}, {"type": "Feature", "geometry": {"type": "Point", "coordinates": [-5448080.2154626725, 3521274.816710638]}}, {"type": "Feature", "geometry": {"type": "Point", "coordinates": [-14771125.998293651, 7418885.888219721]}}, {"type": "Feature", "geometry": {"type": "Point", "coordinates": [-15625258.690982975, 9403594.888038775]}}, {"type": "Feature", "geometry": {"type": "Point", "coordinates": [-13747819.421714641, 7964283.827317152]}}, {"type": "Feature", "geometry": {"type": "Point", "coordinates": [-14813803.872852609, 6937319.334287966]}}, {"type": "Feature", "geometry": {"type": "Point", "coordinates": [-14682050.455187002, 8079970.614617254]}}, {"type": "Feature", "geometry": {"type": "Point", "coordinates": [-2640341.557888806, 1470585.0398526997]}}, {"type": "Feature", "geometry": {"type": "Point", "coordinates": [8619083.016532619, -16438599.305801822]}}, {"type": "Feature", "geometry": {"type": "Point", "coordinates": [-15572062.123655286, 9841394.464584315]}}, {"type": "Feature", "geometry": {"type": "Point", "coordinates": [-15910265.20407479, 7974156.395912435]}}, {"type": "Feature", "geometry": {"type": "Point", "coordinates": [-5454916.22680567, 3527755.105521106]}}, {"type": "Feature", "geometry": {"type": "Point", "coordinates": [-7565715.987295599, 3885848.802293282]}}, {"type": "Feature", "geometry": {"type": "Point", "coordinates": [-14932806.663603647, 8648728.756247727]}}, {"type": "Feature", "geometry": {"type": "Point", "coordinates": [-2644694.56433294, 1472014.2531581598]}}, {"type": "Feature", "geometry": {"type": "Point", "coordinates": [-14953244.788485713, 6841958.397634912]}}, {"type": "Feature", "geometry": {"type": "Point", "coordinates": [-13796603.316733137, 9309624.519155275]}}, {"type": "Feature", "geometry": {"type": "Point", "coordinates": [-15194026.379990757, 8059442.072480819]}}, {"type": "Feature", "geometry": {"type": "Point", "coordinates": [-2648921.3667341517, 1462132.9810906143]}}, {"type": "Feature", "geometry": {"type": "Point", "coordinates": [10748762.830647597, -13509033.298139062]}}, {"type": "Feature", "geometry": {"type": "Point", "coordinates": [-14375881.799419679, 9621605.968074711]}}, {"type": "Feature", "geometry": {"type": "Point", "coordinates": [-15006026.411237668, 7018307.858141735]}}, {"type": "Feature", "geometry": {"type": "Point", "coordinates": [11742251.227725595, -13007163.58474985]}}, {"type": "Feature", "geometry": {"type": "Point", "coordinates": [-14788383.39782747, 7598272.671971043]}}, {"type": "Feature", "geometry": {"type": "Point", "coordinates": [-15570366.753408918, 7934840.0504566645]}}, {"type": "Feature", "geometry": {"type": "Point", "coordinates": [-14441898.11655141, 9180613.935638517]}}, {"type": "Feature", "geometry": {"type": "Point", "coordinates": [-13817014.864987062, 9297748.896187698]}}, {"type": "Feature", "geometry": {"type": "Point", "coordinates": [-14442152.451433174, 9182265.97314351]}}, {"type": "Feature", "geometry": {"type": "Point", "coordinates": [14318870.975265924, -13043667.87486989]}}, {"type": "Feature", "geometry": {"type": "Point", "coordinates": [-14681681.130424177, 8079968.700613675]}}, {"type": "Feature", "geometry": {"type": "Point", "coordinates": [-14347982.634363784, 7656360.0075603705]}}, {"type": "Feature", "geometry": {"type": "Point", "coordinates": [-16239041.442861294, 9509220.989773024]}}, {"type": "Feature", "geometry": {"type": "Point", "coordinates": [-16447816.562537134, 8304129.222088409]}}, {"type": "Feature", "geometry": {"type": "Point", "coordinates": [-13407514.694162091, 8367806.271873295]}}, {"type": "Feature", "geometry": {"type": "Point", "coordinates": [-5177747.984721701, 4021010.397432761]}}, {"type": "Feature", "geometry": {"type": "Point", "coordinates": [-13040441.945181664, 8427764.479687843]}}, {"type": "Feature", "geometry": {"type": "Point", "coordinates": [-14321789.70421077, 8944301.354677465]}}, {"type": "Feature", "geometry": {"type": "Point", "coordinates": [-6011756.374677432, 3938764.0852047377]}}, {"type": "Feature", "geometry": {"type": "Point", "coordinates": [-13187427.812314963, 8361502.119041421]}}, {"type": "Feature", "geometry": {"type": "Point", "coordinates": [-15080745.527513258, 6887974.310814499]}}, {"type": "Feature", "geometry": {"type": "Point", "coordinates": [-15101674.616360703, 7105870.048063574]}}, {"type": "Feature", "geometry": {"type": "Point", "coordinates": [-16404956.561327338, 8768330.712279076]}}, {"type": "Feature", "geometry": {"type": "Point", "coordinates": [-14037521.808470868, 7998951.075226505]}}, {"type": "Feature", "geometry": {"type": "Point", "coordinates": [-13906313.60602991, 7902794.733979994]}}, {"type": "Feature", "geometry": {"type": "Point", "coordinates": [-14922778.77031408, 6651742.780942796]}}, {"type": "Feature", "geometry": {"type": "Point", "coordinates": [-13586888.481684173, 7995420.523627027]}}, {"type": "Feature", "geometry": {"type": "Point", "coordinates": [-13813947.365510123, 7893281.103910679]}}, {"type": "Feature", "geometry": {"type": "Point", "coordinates": [-13787826.796221718, 9457875.177529018]}}, {"type": "Feature", "geometry": {"type": "Point", "coordinates": [-2327745.604561751, 1582693.744706348]}}, {"type": "Feature", "geometry": {"type": "Point", "coordinates": [-13959703.393159581, 8054526.4610904455]}}, {"type": "Feature", "geometry": {"type": "Point", "coordinates": [-14258699.096507234, 8080598.894669434]}}, {"type": "Feature", "geometry": {"type": "Point", "coordinates": [-12997571.76022553, 8384628.827488735]}}, {"type": "Feature", "geometry": {"type": "Point", "coordinates": [-15014107.074298833, 7964977.258762861]}}, {"type": "Feature", "geometry": {"type": "Point", "coordinates": [-14922190.413300835, 7281831.174503223]}}, {"type": "Feature", "geometry": {"type": "Point", "coordinates": [-12981156.889077583, 8395295.455059044]}}, {"type": "Feature", "geometry": {"type": "Point", "coordinates": [-15099432.534641556, 7618982.943648367]}}, {"type": "Feature", "geometry": {"type": "Point", "coordinates": [11760806.874814907, -12991123.82171006]}}, {"type": "Feature", "geometry": {"type": "Point", "coordinates": [11728146.921368761, -12978579.350999039]}}, {"type": "Feature", "geometry": {"type": "Point", "coordinates": [-15754792.092912752, 8910635.045691697]}}, {"type": "Feature", "geometry": {"type": "Point", "coordinates": [-13498016.50306548, 8326676.655999304]}}, {"type": "Feature", "geometry": {"type": "Point", "coordinates": [-14376248.248018581, 9620582.945375333]}}, {"type": "Feature", "geometry": {"type": "Point", "coordinates": [-13816818.1592908, 7798892.590749062]}}, {"type": "Feature", "geometry": {"type": "Point", "coordinates": [-14321927.131385615, 8943295.650750903]}}, {"type": "Feature", "geometry": {"type": "Point", "coordinates": [-16572955.023423936, 8962233.519200712]}}, {"type": "Feature", "geometry": {"type": "Point", "coordinates": [14902336.793273898, -14405076.47273288]}}, {"type": "Feature", "geometry": {"type": "Point", "coordinates": [-15576675.24673277, 9851426.358266693]}}, {"type": "Feature", "geometry": {"type": "Point", "coordinates": [-14800262.918626562, 8176235.867224214]}}, {"type": "Feature", "geometry": {"type": "Point", "coordinates": [-14937697.03999125, 7088742.765955948]}}, {"type": "Feature", "geometry": {"type": "Point", "coordinates": [-14052267.837109765, 8945123.9202953]}}, {"type": "Feature", "geometry": {"type": "Point", "coordinates": [-13584244.432463184, 7992526.026164356]}}, {"type": "Feature", "geometry": {"type": "Point", "coordinates": [-15035312.75244676, 7106320.108640465]}}, {"type": "Feature", "geometry": {"type": "Point", "coordinates": [-15156465.308492381, 8273468.08823043]}}, {"type": "Feature", "geometry": {"type": "Point", "coordinates": [-5444214.517141435, 3514437.7160207024]}}, {"type": "Feature", "geometry": {"type": "Point", "coordinates": [-13648187.576270653, 8759776.545573002]}}, {"type": "Feature", "geometry": {"type": "Point", "coordinates": [-14092621.669537723, 8128081.64647069]}}, {"type": "Feature", "geometry": {"type": "Point", "coordinates": [-14899097.079874272, 7153021.434727593]}}, {"type": "Feature", "geometry": {"type": "Point", "coordinates": [-14909543.023310024, 6835216.861714299]}}, {"type": "Feature", "geometry": {"type": "Point", "coordinates": [-15710825.330780175, 8348528.22551489]}}, {"type": "Feature", "geometry": {"type": "Point", "coordinates": [-15800224.059970211, 8411739.268549211]}}, {"type": "Feature", "geometry": {"type": "Point", "coordinates": [-14559869.422780927, 8915068.319467181]}}, {"type": "Feature", "geometry": {"type": "Point", "coordinates": [-14930796.60289213, 7661915.196043009]}}, {"type": "Feature", "geometry": {"type": "Point", "coordinates": [-13404352.233362451, 8365377.067568145]}}, {"type": "Feature", "geometry": {"type": "Point", "coordinates": [-14767021.020818656, 7419555.17345514]}}, {"type": "Feature", "geometry": {"type": "Point", "coordinates": [-15754792.092912752, 8910635.045691697]}}, {"type": "Feature", "geometry": {"type": "Point", "coordinates": [-14276593.861539284, 8192898.67489204]}}, {"type": "Feature", "geometry": {"type": "Point", "coordinates": [-14812021.849427018, 7930248.800891931]}}, {"type": "Feature", "geometry": {"type": "Point", "coordinates": [-16572805.271497991, 8963044.564488595]}}, {"type": "Feature", "geometry": {"type": "Point", "coordinates": [-13947525.701279176, 8004802.623624923]}}, {"type": "Feature", "geometry": {"type": "Point", "coordinates": [-15958217.399960063, 8691496.453581994]}}, {"type": "Feature", "geometry": {"type": "Point", "coordinates": [-15097311.873794753, 8121579.330940786]}}, {"type": "Feature", "geometry": {"type": "Point", "coordinates": [-15116686.566541558, 7035860.840577065]}}, {"type": "Feature", "geometry": {"type": "Point", "coordinates": [-15572977.731544832, 9839872.076023232]}}, {"type": "Feature", "geometry": {"type": "Point", "coordinates": [-13669473.394295728, 8778328.000737362]}}, {"type": "Feature", "geometry": {"type": "Point", "coordinates": [-14962317.155027272, 7004952.978608695]}}, {"type": "Feature", "geometry": {"type": "Point", "coordinates": [-13667248.606187366, 8777731.030686865]}}, {"type": "Feature", "geometry": {"type": "Point", "coordinates": [-14286594.449643478, 8147814.34810835]}}, {"type": "Feature", "geometry": {"type": "Point", "coordinates": [-15907786.550473096, 7974049.989167141]}}, {"type": "Feature", "geometry": {"type": "Point", "coordinates": [-14005826.707529636, 7739002.016687099]}}, {"type": "Feature", "geometry": {"type": "Point", "coordinates": [-16441006.412236642, 9106583.329699717]}}, {"type": "Feature", "geometry": {"type": "Point", "coordinates": [-14959114.639184058, 7083428.349187789]}}, {"type": "Feature", "geometry": {"type": "Point", "coordinates": [10680559.80455114, -13561161.18290861]}}, {"type": "Feature", "geometry": {"type": "Point", "coordinates": [-14428718.530961186, 8781482.477068964]}}, {"type": "Feature", "geometry": {"type": "Point", "coordinates": [-14933601.549208883, 8782684.694412803]}}, {"type": "Feature", "geometry": {"type": "Point", "coordinates": [10725642.320590796, -13477968.000022719]}}, {"type": "Feature", "geometry": {"type": "Point", "coordinates": [10746115.559111508, -13506865.247143539]}}, {"type": "Feature", "geometry": {"type": "Point", "coordinates": [-16057087.700337019, 8786047.14558851]}}, {"type": "Feature", "geometry": {"type": "Point", "coordinates": [-13581691.876124958, 7996540.582722381]}}, {"type": "Feature", "geometry": {"type": "Point", "coordinates": [11760280.541598907, -13053971.090564955]}}, {"type": "Feature", "geometry": {"type": "Point", "coordinates": [-14175657.915227313, 8120370.27228443]}}, {"type": "Feature", "geometry": {"type": "Point", "coordinates": [-14600975.33703121, 10723813.882194757]}}, {"type": "Feature", "geometry": {"type": "Point", "coordinates": [-12994737.91007783, 8376388.038118817]}}, {"type": "Feature", "geometry": {"type": "Point", "coordinates": [-15064394.98464296, 9361800.760755835]}}, {"type": "Feature", "geometry": {"type": "Point", "coordinates": [-13800616.775554707, 9298249.894084131]}}, {"type": "Feature", "geometry": {"type": "Point", "coordinates": [-15101955.105620636, 7148376.612656746]}}, {"type": "Feature", "geometry": {"type": "Point", "coordinates": [-13014015.451277224, 8400215.047961595]}}, {"type": "Feature", "geometry": {"type": "Point", "coordinates": [-16257033.770093977, 8229748.535045305]}}, {"type": "Feature", "geometry": {"type": "Point", "coordinates": [-15066246.175943283, 9365124.660325348]}}, {"type": "Feature", "geometry": {"type": "Point", "coordinates": [-15061156.810644044, 9352016.993683947]}}, {"type": "Feature", "geometry": {"type": "Point", "coordinates": [11726889.010823969, -12975664.113639234]}}, {"type": "Feature", "geometry": {"type": "Point", "coordinates": [-13800616.775554707, 9298249.894084131]}}, {"type": "Feature", "geometry": {"type": "Point", "coordinates": [-13161786.041500442, 8225485.909061391]}}, {"type": "Feature", "geometry": {"type": "Point", "coordinates": [-14975125.016447062, 7243715.584417005]}}, {"type": "Feature", "geometry": {"type": "Point", "coordinates": [-14839763.941176455, 7166552.011452681]}}, {"type": "Feature", "geometry": {"type": "Point", "coordinates": [11573827.508517, -13204794.635726769]}}, {"type": "Feature", "geometry": {"type": "Point", "coordinates": [-12992061.91267172, 8389602.484262636]}}, {"type": "Feature", "geometry": {"type": "Point", "coordinates": [-15284896.097672952, 8120053.175633569]}}, {"type": "Feature", "geometry": {"type": "Point", "coordinates": [-13816025.50585838, 7798500.1018116865]}}, {"type": "Feature", "geometry": {"type": "Point", "coordinates": [-14446317.791898027, 8214305.933442731]}}, {"type": "Feature", "geometry": {"type": "Point", "coordinates": [-14441866.70549397, 9180574.453342186]}}, {"type": "Feature", "geometry": {"type": "Point", "coordinates": [-12991832.940857487, 8379483.41288279]}}, {"type": "Feature", "geometry": {"type": "Point", "coordinates": [11733370.699846456, -13002243.229223993]}}, {"type": "Feature", "geometry": {"type": "Point", "coordinates": [-14017305.166972809, 8162169.08859808]}}, {"type": "Feature", "geometry": {"type": "Point", "coordinates": [-15156651.80366172, 8273618.991748952]}}, {"type": "Feature", "geometry": {"type": "Point", "coordinates": [-13407847.887962136, 8366392.020439304]}}, {"type": "Feature", "geometry": {"type": "Point", "coordinates": [-13187395.999240398, 8361674.710887696]}}, {"type": "Feature", "geometry": {"type": "Point", "coordinates": [-15060171.181337234, 7121830.100960724]}}, {"type": "Feature", "geometry": {"type": "Point", "coordinates": [-14856503.955797872, 8039186.559037355]}}, {"type": "Feature", "geometry": {"type": "Point", "coordinates": [-13682023.707250617, 8948907.746555626]}}, {"type": "Feature", "geometry": {"type": "Point", "coordinates": [-14839763.941176455, 7166552.011452681]}}, {"type": "Feature", "geometry": {"type": "Point", "coordinates": [-12983194.592657156, 8394317.17262992]}}, {"type": "Feature", "geometry": {"type": "Point", "coordinates": [8784728.150120284, -16644541.390977964]}}, {"type": "Feature", "geometry": {"type": "Point", "coordinates": [-13933242.62277045, 9241779.23312297]}}, {"type": "Feature", "geometry": {"type": "Point", "coordinates": [-15092177.605918428, 7973593.414746586]}}, {"type": "Feature", "geometry": {"type": "Point", "coordinates": [-14773029.495970804, 7422425.255327062]}}, {"type": "Feature", "geometry": {"type": "Point", "coordinates": [-15909748.770466998, 7973395.504133508]}}, {"type": "Feature", "geometry": {"type": "Point", "coordinates": [-14937697.03999125, 7088742.765955948]}}, {"type": "Feature", "geometry": {"type": "Point", "coordinates": [-2639765.900446271, 1474804.5348611488]}}, {"type": "Feature", "geometry": {"type": "Point", "coordinates": [-14771169.63501879, 7419353.148843569]}}, {"type": "Feature", "geometry": {"type": "Point", "coordinates": [-14949689.127662271, 6843237.238125744]}}, {"type": "Feature", "geometry": {"type": "Point", "coordinates": [-15721360.76134102, 8594007.8528845]}}, {"type": "Feature", "geometry": {"type": "Point", "coordinates": [-13739385.428780502, 9060477.888022412]}}, {"type": "Feature", "geometry": {"type": "Point", "coordinates": [11610186.091968969, -13050916.002829965]}}, {"type": "Feature", "geometry": {"type": "Point", "coordinates": [-14875409.187206045, 7136079.588913162]}}, {"type": "Feature", "geometry": {"type": "Point", "coordinates": [-14321342.906481015, 8941222.398801912]}}, {"type": "Feature", "geometry": {"type": "Point", "coordinates": [-13797072.616749968, 9299104.80390869]}}, {"type": "Feature", "geometry": {"type": "Point", "coordinates": [-15680230.004689503, 8128171.58333564]}}, {"type": "Feature", "geometry": {"type": "Point", "coordinates": [-5449466.186312618, 3512501.9575575083]}}, {"type": "Feature", "geometry": {"type": "Point", "coordinates": [-14014154.928958602, 9618571.02524281]}}, {"type": "Feature", "geometry": {"type": "Point", "coordinates": [-13408862.854781242, 8368331.071627312]}}, {"type": "Feature", "geometry": {"type": "Point", "coordinates": [-15000860.230058372, 7080527.92268503]}}, {"type": "Feature", "geometry": {"type": "Point", "coordinates": [-13660387.987956412, 9340496.288579166]}}, {"type": "Feature", "geometry": {"type": "Point", "coordinates": [-13403969.97706609, 8365182.900329979]}}, {"type": "Feature", "geometry": {"type": "Point", "coordinates": [-14058125.208787665, 8129311.8304750435]}}, {"type": "Feature", "geometry": {"type": "Point", "coordinates": [-5444214.517141435, 3514437.7160207024]}}, {"type": "Feature", "geometry": {"type": "Point", "coordinates": [-16309143.584053492, 8260427.168502925]}}, {"type": "Feature", "geometry": {"type": "Point", "coordinates": [-15061051.472345186, 7123191.323093475]}}, {"type": "Feature", "geometry": {"type": "Point", "coordinates": [-14054233.751387347, 8944200.441903425]}}, {"type": "Feature", "geometry": {"type": "Point", "coordinates": [-13800422.466499178, 9299025.828828763]}}, {"type": "Feature", "geometry": {"type": "Point", "coordinates": [-2639763.289684641, 1470666.457554393]}}, {"type": "Feature", "geometry": {"type": "Point", "coordinates": [-14281622.36275001, 8228682.625179244]}}, {"type": "Feature", "geometry": {"type": "Point", "coordinates": [11728542.915644044, -12978157.098662086]}}, {"type": "Feature", "geometry": {"type": "Point", "coordinates": [-14349681.314073604, 9095889.205953687]}}, {"type": "Feature", "geometry": {"type": "Point", "coordinates": [-14822962.459239542, 8390705.878751919]}}, {"type": "Feature", "geometry": {"type": "Point", "coordinates": [-14539824.531680888, 10374375.046531342]}}, {"type": "Feature", "geometry": {"type": "Point", "coordinates": [10747847.674501512, -13507900.375369178]}}, {"type": "Feature", "geometry": {"type": "Point", "coordinates": [-16197423.116352092, 8191547.108660241]}}, {"type": "Feature", "geometry": {"type": "Point", "coordinates": [-14371177.756702075, 9628632.771989789]}}, {"type": "Feature", "geometry": {"type": "Point", "coordinates": [-14092938.049099863, 8077749.889665317]}}, {"type": "Feature", "geometry": {"type": "Point", "coordinates": [-14705022.673050737, 8161202.130695022]}}, {"type": "Feature", "geometry": {"type": "Point", "coordinates": [-14949681.661956787, 7055268.486791346]}}, {"type": "Feature", "geometry": {"type": "Point", "coordinates": [-14955547.897313599, 7860547.857883209]}}, {"type": "Feature", "geometry": {"type": "Point", "coordinates": [-12569692.113758665, 8846446.031603567]}}, {"type": "Feature", "geometry": {"type": "Point", "coordinates": [-14371335.392276822, 9639814.78318077]}}, {"type": "Feature", "geometry": {"type": "Point", "coordinates": [-12293323.263206063, 8546901.666346416]}}, {"type": "Feature", "geometry": {"type": "Point", "coordinates": [-16441755.330482969, 8964890.202370992]}}, {"type": "Feature", "geometry": {"type": "Point", "coordinates": [-14934020.401601497, 6652171.430172107]}}, {"type": "Feature", "geometry": {"type": "Point", "coordinates": [-14388814.748103706, 7915187.562861227]}}, {"type": "Feature", "geometry": {"type": "Point", "coordinates": [-15573540.146131022, 9840383.011196038]}}, {"type": "Feature", "geometry": {"type": "Point", "coordinates": [-12983778.706401406, 8395348.960179675]}}, {"type": "Feature", "geometry": {"type": "Point", "coordinates": [-14803107.949436892, 7069914.516416777]}}, {"type": "Feature", "geometry": {"type": "Point", "coordinates": [-15897137.86173765, 8127537.400538469]}}, {"type": "Feature", "geometry": {"type": "Point", "coordinates": [-12444002.094082212, 8812616.545663984]}}, {"type": "Feature", "geometry": {"type": "Point", "coordinates": [-12991172.556052294, 8372122.10447888]}}, {"type": "Feature", "geometry": {"type": "Point", "coordinates": [-14682820.800560217, 7527299.154654876]}}, {"type": "Feature", "geometry": {"type": "Point", "coordinates": [-13408862.854781242, 8368331.071627312]}}, {"type": "Feature", "geometry": {"type": "Point", "coordinates": [-13965359.022447467, 8175787.842483099]}}, {"type": "Feature", "geometry": {"type": "Point", "coordinates": [-14856503.955797872, 8039186.559037355]}}, {"type": "Feature", "geometry": {"type": "Point", "coordinates": [-14881047.040331755, 7136426.751023404]}}, {"type": "Feature", "geometry": {"type": "Point", "coordinates": [-14372131.441790823, 9622423.757040085]}}, {"type": "Feature", "geometry": {"type": "Point", "coordinates": [-13581940.411592128, 7996395.236112826]}}, {"type": "Feature", "geometry": {"type": "Point", "coordinates": [-14896112.601571329, 7989920.759820668]}}, {"type": "Feature", "geometry": {"type": "Point", "coordinates": [-16369648.362752475, 9023185.874074562]}}, {"type": "Feature", "geometry": {"type": "Point", "coordinates": [-14890570.931204792, 6698600.5808173455]}}, {"type": "Feature", "geometry": {"type": "Point", "coordinates": [-16652837.359652618, 8351440.328676309]}}, {"type": "Feature", "geometry": {"type": "Point", "coordinates": [-14669771.1326877, 7800945.6239995975]}}, {"type": "Feature", "geometry": {"type": "Point", "coordinates": [-14558777.43244332, 8915346.075826706]}}, {"type": "Feature", "geometry": {"type": "Point", "coordinates": [-6405573.499665249, 7810511.996536306]}}, {"type": "Feature", "geometry": {"type": "Point", "coordinates": [-15116172.714878714, 8178284.092995332]}}, {"type": "Feature", "geometry": {"type": "Point", "coordinates": [-15958495.34804773, 8692592.190024894]}}, {"type": "Feature", "geometry": {"type": "Point", "coordinates": [-16235198.292685637, 8408633.063733198]}}, {"type": "Feature", "geometry": {"type": "Point", "coordinates": [-14600975.33703121, 10723813.882194757]}}, {"type": "Feature", "geometry": {"type": "Point", "coordinates": [-14965766.41960877, 8243554.198138454]}}, {"type": "Feature", "geometry": {"type": "Point", "coordinates": [-13738372.325674769, 9059238.097268479]}}, {"type": "Feature", "geometry": {"type": "Point", "coordinates": [-14109669.253005713, 8165236.517216544]}}, {"type": "Feature", "geometry": {"type": "Point", "coordinates": [-15418607.444727337, 8786958.859627744]}}, {"type": "Feature", "geometry": {"type": "Point", "coordinates": [-15726671.053460518, 9940355.748921359]}}, {"type": "Feature", "geometry": {"type": "Point", "coordinates": [-16139987.061591996, 8115494.328325809]}}, {"type": "Feature", "geometry": {"type": "Point", "coordinates": [-6916760.70689207, 8030980.160475082]}}, {"type": "Feature", "geometry": {"type": "Point", "coordinates": [10428122.14212327, -13613648.40120137]}}, {"type": "Feature", "geometry": {"type": "Point", "coordinates": [-13655160.097377397, 8175305.775594764]}}, {"type": "Feature", "geometry": {"type": "Point", "coordinates": [-16052168.242982218, 8657553.479746161]}}, {"type": "Feature", "geometry": {"type": "Point", "coordinates": [-15911041.727913149, 7973399.435412491]}}, {"type": "Feature", "geometry": {"type": "Point", "coordinates": [-14360766.932359619, 7664252.128278684]}}, {"type": "Feature", "geometry": {"type": "Point", "coordinates": [8785323.03499339, -16645424.739960263]}}, {"type": "Feature", "geometry": {"type": "Point", "coordinates": [-15272262.781222831, 8379640.740865258]}}, {"type": "Feature", "geometry": {"type": "Point", "coordinates": [-15470489.859030211, 10360498.645562723]}}, {"type": "Feature", "geometry": {"type": "Point", "coordinates": [-15066020.073246114, 9364844.57618009]}}, {"type": "Feature", "geometry": {"type": "Point", "coordinates": [11029087.013041077, -14842389.654170537]}}, {"type": "Feature", "geometry": {"type": "Point", "coordinates": [-12983092.979809871, 8393986.736311452]}}, {"type": "Feature", "geometry": {"type": "Point", "coordinates": [-14961339.500544766, 6985824.501626394]}}, {"type": "Feature", "geometry": {"type": "Point", "coordinates": [-15185538.462018535, 8267428.259105996]}}, {"type": "Feature", "geometry": {"type": "Point", "coordinates": [-15911035.498949466, 8089302.022756578]}}, {"type": "Feature", "geometry": {"type": "Point", "coordinates": [-15153723.444162855, 8279595.160206997]}}, {"type": "Feature", "geometry": {"type": "Point", "coordinates": [-14813356.620229969, 8121032.641715588]}}, {"type": "Feature", "geometry": {"type": "Point", "coordinates": [-15062072.42295817, 9358096.51506008]}}, {"type": "Feature", "geometry": {"type": "Point", "coordinates": [-13797452.175277935, 9307077.787760502]}}, {"type": "Feature", "geometry": {"type": "Point", "coordinates": [-14907036.581425626, 7811240.834437625]}}, {"type": "Feature", "geometry": {"type": "Point", "coordinates": [-14949681.661956787, 7055268.486791346]}}, {"type": "Feature", "geometry": {"type": "Point", "coordinates": [-14373488.90363969, 9623167.864038778]}}, {"type": "Feature", "geometry": {"type": "Point", "coordinates": [-14880451.699735662, 6713611.505468585]}}, {"type": "Feature", "geometry": {"type": "Point", "coordinates": [-16652285.117369724, 8348382.777943142]}}, {"type": "Feature", "geometry": {"type": "Point", "coordinates": [-16617559.653876018, 9410323.22568954]}}, {"type": "Feature", "geometry": {"type": "Point", "coordinates": [-16613921.799536766, 8234237.488477861]}}, {"type": "Feature", "geometry": {"type": "Point", "coordinates": [-15080417.889106749, 6888140.3424074855]}}, {"type": "Feature", "geometry": {"type": "Point", "coordinates": [-16175550.636097508, 8667599.205830285]}}, {"type": "Feature", "geometry": {"type": "Point", "coordinates": [-15625258.690982975, 9403594.888038775]}}, {"type": "Feature", "geometry": {"type": "Point", "coordinates": [-15951513.742303701, 8723196.871202419]}}, {"type": "Feature", "geometry": {"type": "Point", "coordinates": [-15710825.330780175, 8348528.22551489]}}, {"type": "Feature", "geometry": {"type": "Point", "coordinates": [-14371176.087595753, 9628740.545214927]}}, {"type": "Feature", "geometry": {"type": "Point", "coordinates": [-4515020.566195952, 4114821.567119339]}}, {"type": "Feature", "geometry": {"type": "Point", "coordinates": [-15555378.391651703, 8742092.243671753]}}, {"type": "Feature", "geometry": {"type": "Point", "coordinates": [-15508827.981264489, 8242821.985997551]}}, {"type": "Feature", "geometry": {"type": "Point", "coordinates": [-15569841.684128903, 7943088.590384348]}}, {"type": "Feature", "geometry": {"type": "Point", "coordinates": [-13800605.25949647, 9300831.986815985]}}, {"type": "Feature", "geometry": {"type": "Point", "coordinates": [-14813893.639768127, 7932366.473652715]}}, {"type": "Feature", "geometry": {"type": "Point", "coordinates": [-13498154.649833202, 8289659.001368882]}}, {"type": "Feature", "geometry": {"type": "Point", "coordinates": [-13527619.980868028, 8408000.775060777]}}, {"type": "Feature", "geometry": {"type": "Point", "coordinates": [-14986839.08924507, 7102501.245621029]}}, {"type": "Feature", "geometry": {"type": "Point", "coordinates": [-12984171.553126192, 8393541.879571121]}}, {"type": "Feature", "geometry": {"type": "Point", "coordinates": [-13407343.631369136, 8367329.632121263]}}, {"type": "Feature", "geometry": {"type": "Point", "coordinates": [-16166150.448910559, 9374663.376418043]}}, {"type": "Feature", "geometry": {"type": "Point", "coordinates": [-15057360.586050367, 9352394.48505835]}}, {"type": "Feature", "geometry": {"type": "Point", "coordinates": [-16266236.168946939, 8363295.954658187]}}, {"type": "Feature", "geometry": {"type": "Point", "coordinates": [-14932806.663603647, 8648728.756247727]}}, {"type": "Feature", "geometry": {"type": "Point", "coordinates": [-14775753.212538853, 8955593.356259597]}}, {"type": "Feature", "geometry": {"type": "Point", "coordinates": [-14217369.404485865, 9013554.964133257]}}, {"type": "Feature", "geometry": {"type": "Point", "coordinates": [-15576675.24673277, 9851426.358266693]}}, {"type": "Feature", "geometry": {"type": "Point", "coordinates": [-15062072.42295817, 9358096.51506008]}}, {"type": "Feature", "geometry": {"type": "Point", "coordinates": [-15060518.400829908, 9360239.830003353]}}, {"type": "Feature", "geometry": {"type": "Point", "coordinates": [-14373480.147174865, 9623410.896629453]}}, {"type": "Feature", "geometry": {"type": "Point", "coordinates": [-15121541.995893676, 8021692.1307462845]}}, {"type": "Feature", "geometry": {"type": "Point", "coordinates": [-14974118.6691889, 7694546.5512785725]}}, {"type": "Feature", "geometry": {"type": "Point", "coordinates": [11881314.808117958, -13174975.835105926]}}, {"type": "Feature", "geometry": {"type": "Point", "coordinates": [-13481549.85481895, 8334767.199892657]}}, {"type": "Feature", "geometry": {"type": "Point", "coordinates": [-15067972.607293772, 8033844.546364695]}}, {"type": "Feature", "geometry": {"type": "Point", "coordinates": [-15067972.607293772, 8033844.546364695]}}, {"type": "Feature", "geometry": {"type": "Point", "coordinates": [-12988506.786333423, 8399912.596924286]}}, {"type": "Feature", "geometry": {"type": "Point", "coordinates": [-16481617.028493065, 9225602.056848148]}}, {"type": "Feature", "geometry": {"type": "Point", "coordinates": [-15419045.401065022, 8784903.014484692]}}, {"type": "Feature", "geometry": {"type": "Point", "coordinates": [-12981255.679719104, 8396626.920732463]}}, {"type": "Feature", "geometry": {"type": "Point", "coordinates": [-13490136.53448053, 8341752.498744213]}}, {"type": "Feature", "geometry": {"type": "Point", "coordinates": [-13485852.272538466, 8337940.797884308]}}, {"type": "Feature", "geometry": {"type": "Point", "coordinates": [-16022521.247911735, 8006759.775919129]}}, {"type": "Feature", "geometry": {"type": "Point", "coordinates": [-5119837.250429919, 4115497.4376296247]}}, {"type": "Feature", "geometry": {"type": "Point", "coordinates": [10753314.04252481, -13470410.74298799]}}, {"type": "Feature", "geometry": {"type": "Point", "coordinates": [-14055290.2586484, 8948918.936583923]}}, {"type": "Feature", "geometry": {"type": "Point", "coordinates": [-15835296.328192452, 8445674.93174154]}}, {"type": "Feature", "geometry": {"type": "Point", "coordinates": [-14919756.538938897, 6815496.027092296]}}, {"type": "Feature", "geometry": {"type": "Point", "coordinates": [-15061514.785428831, 9360931.974677589]}}, {"type": "Feature", "geometry": {"type": "Point", "coordinates": [11729214.650698287, -12972883.165744107]}}, {"type": "Feature", "geometry": {"type": "Point", "coordinates": [-13189199.553861948, 8357799.499464138]}}, {"type": "Feature", "geometry": {"type": "Point", "coordinates": [-14937237.313008292, 7606129.60812352]}}, {"type": "Feature", "geometry": {"type": "Point", "coordinates": [-16099259.803498413, 9468751.253914215]}}, {"type": "Feature", "geometry": {"type": "Point", "coordinates": [-13041908.781435104, 8316801.319211938]}}, {"type": "Feature", "geometry": {"type": "Point", "coordinates": [-14770591.28806526, 7417525.444741557]}}, {"type": "Feature", "geometry": {"type": "Point", "coordinates": [-14096505.592177283, 7978589.683005729]}}, {"type": "Feature", "geometry": {"type": "Point", "coordinates": [-15526706.442053664, 9984125.554922394]}}, {"type": "Feature", "geometry": {"type": "Point", "coordinates": [-14774523.640812254, 8061636.370486248]}}, {"type": "Feature", "geometry": {"type": "Point", "coordinates": [-16104904.295622712, 9472321.75871062]}}, {"type": "Feature", "geometry": {"type": "Point", "coordinates": [-12788302.361443501, 8430037.938354615]}}, {"type": "Feature", "geometry": {"type": "Point", "coordinates": [11728084.225210944, -12972934.853073586]}}, {"type": "Feature", "geometry": {"type": "Point", "coordinates": [-15904404.843233015, 7977707.102148651]}}, {"type": "Feature", "geometry": {"type": "Point", "coordinates": [-13800616.775554707, 9298249.894084131]}}, {"type": "Feature", "geometry": {"type": "Point", "coordinates": [-14369419.809133463, 9627636.85400449]}}, {"type": "Feature", "geometry": {"type": "Point", "coordinates": [-15578867.065312821, 9852207.19160944]}}, {"type": "Feature", "geometry": {"type": "Point", "coordinates": [-14683039.381217366, 7527592.709660414]}}, {"type": "Feature", "geometry": {"type": "Point", "coordinates": [-14949689.127662271, 6843237.238125744]}}, {"type": "Feature", "geometry": {"type": "Point", "coordinates": [-15018006.925159436, 8220265.684645413]}}, {"type": "Feature", "geometry": {"type": "Point", "coordinates": [-15573158.318933329, 9839869.189141447]}}, {"type": "Feature", "geometry": {"type": "Point", "coordinates": [-14543256.823219676, 8106976.978288939]}}, {"type": "Feature", "geometry": {"type": "Point", "coordinates": [-16579558.069269681, 8910172.589387914]}}, {"type": "Feature", "geometry": {"type": "Point", "coordinates": [8509400.401303887, -16684461.847758316]}}, {"type": "Feature", "geometry": {"type": "Point", "coordinates": [-13144728.691071106, 8337491.550344815]}}, {"type": "Feature", "geometry": {"type": "Point", "coordinates": [-16039650.746052971, 8843742.1273868]}}, {"type": "Feature", "geometry": {"type": "Point", "coordinates": [-14976860.773943482, 7620051.056126996]}}, {"type": "Feature", "geometry": {"type": "Point", "coordinates": [-15625258.690982975, 9403594.888038775]}}, {"type": "Feature", "geometry": {"type": "Point", "coordinates": [-12956198.956453836, 8365291.414286095]}}, {"type": "Feature", "geometry": {"type": "Point", "coordinates": [-14825697.28329372, 7678003.59138294]}}, {"type": "Feature", "geometry": {"type": "Point", "coordinates": [-15549392.02685523, 8788309.16984036]}}, {"type": "Feature", "geometry": {"type": "Point", "coordinates": [-14774523.640812254, 8061636.370486248]}}, {"type": "Feature", "geometry": {"type": "Point", "coordinates": [-16031132.700022686, 8749569.619543074]}}, {"type": "Feature", "geometry": {"type": "Point", "coordinates": [-15803244.574002713, 8087182.791071287]}}, {"type": "Feature", "geometry": {"type": "Point", "coordinates": [-14922939.328968046, 6652733.452413384]}}, {"type": "Feature", "geometry": {"type": "Point", "coordinates": [-14314546.989859905, 8943877.74546188]}}, {"type": "Feature", "geometry": {"type": "Point", "coordinates": [-14813356.620229969, 8121032.641715588]}}, {"type": "Feature", "geometry": {"type": "Point", "coordinates": [-14898217.168105122, 8678565.418374652]}}, {"type": "Feature", "geometry": {"type": "Point", "coordinates": [-13013054.491440851, 8398739.780292993]}}, {"type": "Feature", "geometry": {"type": "Point", "coordinates": [-15010630.016352046, 7107785.690356712]}}, {"type": "Feature", "geometry": {"type": "Point", "coordinates": [-13588699.693267487, 8024263.991641586]}}, {"type": "Feature", "geometry": {"type": "Point", "coordinates": [-15319474.085331967, 8900504.96794025]}}, {"type": "Feature", "geometry": {"type": "Point", "coordinates": [-13016039.193804553, 8399473.575433424]}}, {"type": "Feature", "geometry": {"type": "Point", "coordinates": [-15942330.744150614, 8327561.186994251]}}, {"type": "Feature", "geometry": {"type": "Point", "coordinates": [-14092791.52335611, 8128118.105204825]}}, {"type": "Feature", "geometry": {"type": "Point", "coordinates": [-13407739.809503159, 8369435.761194852]}}, {"type": "Feature", "geometry": {"type": "Point", "coordinates": [-12995888.72674542, 8377569.243924568]}}, {"type": "Feature", "geometry": {"type": "Point", "coordinates": [-13013182.91539945, 8399053.954241404]}}, {"type": "Feature", "geometry": {"type": "Point", "coordinates": [-14453442.563968826, 9152723.091821266]}}, {"type": "Feature", "geometry": {"type": "Point", "coordinates": [-15062631.715904552, 7125006.890653831]}}, {"type": "Feature", "geometry": {"type": "Point", "coordinates": [-14055365.590947637, 8946210.582647901]}}, {"type": "Feature", "geometry": {"type": "Point", "coordinates": [-15058764.601323778, 9353776.943343518]}}, {"type": "Feature", "geometry": {"type": "Point", "coordinates": [-15908968.66999406, 7973073.137653018]}}, {"type": "Feature", "geometry": {"type": "Point", "coordinates": [-14770435.278685821, 7425682.079274018]}}, {"type": "Feature", "geometry": {"type": "Point", "coordinates": [-15284692.082821622, 7598673.219095909]}}, {"type": "Feature", "geometry": {"type": "Point", "coordinates": [-15007445.054561507, 8287750.512187875]}}, {"type": "Feature", "geometry": {"type": "Point", "coordinates": [-13678365.535416016, 8126793.278880124]}}, {"type": "Feature", "geometry": {"type": "Point", "coordinates": [-15739150.31716808, 7965326.31785322]}}, {"type": "Feature", "geometry": {"type": "Point", "coordinates": [-15013893.081485005, 8443036.085132884]}}, {"type": "Feature", "geometry": {"type": "Point", "coordinates": [-14117380.489728054, 8409787.075131139]}}, {"type": "Feature", "geometry": {"type": "Point", "coordinates": [-14054801.63658731, 8944475.490871612]}}, {"type": "Feature", "geometry": {"type": "Point", "coordinates": [-13584394.996638834, 7993563.356706709]}}, {"type": "Feature", "geometry": {"type": "Point", "coordinates": [-14825269.260941057, 8124163.975477456]}}, {"type": "Feature", "geometry": {"type": "Point", "coordinates": [-16153732.257284708, 8495036.378809392]}}, {"type": "Feature", "geometry": {"type": "Point", "coordinates": [-13582249.256274603, 7996120.107151199]}}, {"type": "Feature", "geometry": {"type": "Point", "coordinates": [-15624621.128585523, 8603616.70889364]}}, {"type": "Feature", "geometry": {"type": "Point", "coordinates": [-15528317.399959592, 8827414.66747974]}}, {"type": "Feature", "geometry": {"type": "Point", "coordinates": [-15753958.018860765, 8909428.667861275]}}, {"type": "Feature", "geometry": {"type": "Point", "coordinates": [-16464393.151876979, 8848128.188731182]}}, {"type": "Feature", "geometry": {"type": "Point", "coordinates": [-14375811.22484724, 9617982.1003287]}}, {"type": "Feature", "geometry": {"type": "Point", "coordinates": [-13404206.717909617, 8365406.56973074]}}, {"type": "Feature", "geometry": {"type": "Point", "coordinates": [-13190303.732325882, 8356769.4027829785]}}, {"type": "Feature", "geometry": {"type": "Point", "coordinates": [-14740427.113381427, 7680532.683800365]}}, {"type": "Feature", "geometry": {"type": "Point", "coordinates": [-12990233.332900709, 8391360.883040117]}}, {"type": "Feature", "geometry": {"type": "Point", "coordinates": [-5444224.341596312, 3514372.830227484]}}, {"type": "Feature", "geometry": {"type": "Point", "coordinates": [-15123967.779396292, 7036398.60368473]}}, {"type": "Feature", "geometry": {"type": "Point", "coordinates": [-14371175.00206198, 9628582.327795288]}}, {"type": "Feature", "geometry": {"type": "Point", "coordinates": [-16616446.05741456, 8447456.786058554]}}, {"type": "Feature", "geometry": {"type": "Point", "coordinates": [-4844087.396426387, 3457032.548654933]}}, {"type": "Feature", "geometry": {"type": "Point", "coordinates": [-15109094.622643571, 7060961.937392259]}}, {"type": "Feature", "geometry": {"type": "Point", "coordinates": [-14760961.360748243, 7329846.382778762]}}, {"type": "Feature", "geometry": {"type": "Point", "coordinates": [-7569617.052744767, 3888035.6448794715]}}, {"type": "Feature", "geometry": {"type": "Point", "coordinates": [-13800663.898174131, 9298913.794431306]}}, {"type": "Feature", "geometry": {"type": "Point", "coordinates": [-14891613.395197416, 6700313.785980063]}}, {"type": "Feature", "geometry": {"type": "Point", "coordinates": [-14482111.514590297, 8123436.845149931]}}, {"type": "Feature", "geometry": {"type": "Point", "coordinates": [-14918299.909939747, 6675922.609067249]}}, {"type": "Feature", "geometry": {"type": "Point", "coordinates": [-13487677.171318822, 8337881.9389787065]}}, {"type": "Feature", "geometry": {"type": "Point", "coordinates": [-5448803.527635822, 3513374.8636024385]}}, {"type": "Feature", "geometry": {"type": "Point", "coordinates": [-14370485.01743361, 9624821.799667249]}}, {"type": "Feature", "geometry": {"type": "Point", "coordinates": [-13862624.323455201, 7891091.065033821]}}, {"type": "Feature", "geometry": {"type": "Point", "coordinates": [-2650002.127795168, 1464700.75509753]}}, {"type": "Feature", "geometry": {"type": "Point", "coordinates": [-16444118.689996613, 8258058.17239608]}}, {"type": "Feature", "geometry": {"type": "Point", "coordinates": [-5740145.233333963, 3351478.422662845]}}, {"type": "Feature", "geometry": {"type": "Point", "coordinates": [-15799831.16364112, 8515711.201370528]}}, {"type": "Feature", "geometry": {"type": "Point", "coordinates": [-15507927.664262842, 8742163.469099449]}}, {"type": "Feature", "geometry": {"type": "Point", "coordinates": [-5417258.155874071, 3608587.8817643193]}}, {"type": "Feature", "geometry": {"type": "Point", "coordinates": [-13407866.625300195, 8363423.81173205]}}, {"type": "Feature", "geometry": {"type": "Point", "coordinates": [-13485523.936264262, 8340817.188606274]}}, {"type": "Feature", "geometry": {"type": "Point", "coordinates": [-2347679.801882298, 1250990.2769700275]}}, {"type": "Feature", "geometry": {"type": "Point", "coordinates": [-13741464.36954089, 9058477.170652062]}}, {"type": "Feature", "geometry": {"type": "Point", "coordinates": [-12992003.68410926, 8376265.767949522]}}, {"type": "Feature", "geometry": {"type": "Point", "coordinates": [-12991219.560597887, 8390208.759729607]}}, {"type": "Feature", "geometry": {"type": "Point", "coordinates": [-16013237.781692129, 8135654.6782147605]}}, {"type": "Feature", "geometry": {"type": "Point", "coordinates": [-14216494.778112788, 9293748.224175975]}}, {"type": "Feature", "geometry": {"type": "Point", "coordinates": [-13400601.634164426, 8147665.031738684]}}, {"type": "Feature", "geometry": {"type": "Point", "coordinates": [-14827594.342357496, 7201681.922612929]}}, {"type": "Feature", "geometry": {"type": "Point", "coordinates": [-15052460.245566135, 7123240.821454076]}}, {"type": "Feature", "geometry": {"type": "Point", "coordinates": [14430657.322275361, -13069924.258856265]}}, {"type": "Feature", "geometry": {"type": "Point", "coordinates": [-15149135.01524171, 10126474.986607527]}}, {"type": "Feature", "geometry": {"type": "Point", "coordinates": [-15573577.331945963, 7937826.729212006]}}, {"type": "Feature", "geometry": {"type": "Point", "coordinates": [-15573081.166586779, 9836755.893872408]}}, {"type": "Feature", "geometry": {"type": "Point", "coordinates": [-14258699.096507234, 8080598.894669434]}}, {"type": "Feature", "geometry": {"type": "Point", "coordinates": [-13407793.426690303, 8365008.123836279]}}, {"type": "Feature", "geometry": {"type": "Point", "coordinates": [-4588817.482379693, 3823087.629452606]}}, {"type": "Feature", "geometry": {"type": "Point", "coordinates": [9502340.745530147, -15675663.577663794]}}, {"type": "Feature", "geometry": {"type": "Point", "coordinates": [-13486054.934259593, 8340121.809498723]}}, {"type": "Feature", "geometry": {"type": "Point", "coordinates": [-5742061.749604937, 3357939.507029895]}}, {"type": "Feature", "geometry": {"type": "Point", "coordinates": [-13486462.88355144, 8339805.444959573]}}, {"type": "Feature", "geometry": {"type": "Point", "coordinates": [-13486614.625975337, 8339734.08318327]}}, {"type": "Feature", "geometry": {"type": "Point", "coordinates": [-13184842.600427084, 8353042.272986243]}}, {"type": "Feature", "geometry": {"type": "Point", "coordinates": [-15434030.35866291, 8798253.304443393]}}, {"type": "Feature", "geometry": {"type": "Point", "coordinates": [-15422351.324680554, 8841883.238300743]}}, {"type": "Feature", "geometry": {"type": "Point", "coordinates": [-15017973.537004389, 7975746.3250991665]}}, {"type": "Feature", "geometry": {"type": "Point", "coordinates": [-16652809.69974563, 8351493.987194558]}}, {"type": "Feature", "geometry": {"type": "Point", "coordinates": [-13801785.23613051, 7715467.406077702]}}, {"type": "Feature", "geometry": {"type": "Point", "coordinates": [-14777285.234672643, 7210600.322586899]}}, {"type": "Feature", "geometry": {"type": "Point", "coordinates": [-13516198.659881867, 8229317.3543274095]}}, {"type": "Feature", "geometry": {"type": "Point", "coordinates": [-15117843.450418381, 7037245.914261689]}}, {"type": "Feature", "geometry": {"type": "Point", "coordinates": [-14711878.424382266, 7750334.412506462]}}, {"type": "Feature", "geometry": {"type": "Point", "coordinates": [-13959885.59742086, 8053725.627732689]}}, {"type": "Feature", "geometry": {"type": "Point", "coordinates": [-13794840.978981804, 9300369.998668332]}}, {"type": "Feature", "geometry": {"type": "Point", "coordinates": [-15284320.863142084, 8121856.051461131]}}, {"type": "Feature", "geometry": {"type": "Point", "coordinates": [11731068.70918403, -12977895.62686641]}}, {"type": "Feature", "geometry": {"type": "Point", "coordinates": [-2327532.8796859314, 1582810.8653603403]}}, {"type": "Feature", "geometry": {"type": "Point", "coordinates": [10752809.810759943, -13510260.49768975]}}, {"type": "Feature", "geometry": {"type": "Point", "coordinates": [-14841203.653485259, 7166909.404188768]}}, {"type": "Feature", "geometry": {"type": "Point", "coordinates": [-15080417.889106749, 6888140.3424074855]}}, {"type": "Feature", "geometry": {"type": "Point", "coordinates": [-14812743.434001656, 7930822.982547767]}}, {"type": "Feature", "geometry": {"type": "Point", "coordinates": [-4508897.200698658, 3770276.6625776463]}}, {"type": "Feature", "geometry": {"type": "Point", "coordinates": [-14215910.586160392, 9013838.235785604]}}, {"type": "Feature", "geometry": {"type": "Point", "coordinates": [-14373495.407987108, 9606573.602313397]}}, {"type": "Feature", "geometry": {"type": "Point", "coordinates": [-14374508.31450338, 9624194.650829066]}}, {"type": "Feature", "geometry": {"type": "Point", "coordinates": [8537509.289543353, -16256933.37335628]}}, {"type": "Feature", "geometry": {"type": "Point", "coordinates": [-13770014.983043196, 8991577.661823338]}}, {"type": "Feature", "geometry": {"type": "Point", "coordinates": [-15060171.181337234, 7121830.100960724]}}, {"type": "Feature", "geometry": {"type": "Point", "coordinates": [-15626416.180832865, 8172217.624392752]}}, {"type": "Feature", "geometry": {"type": "Point", "coordinates": [11394444.283158798, -13394465.830888556]}}, {"type": "Feature", "geometry": {"type": "Point", "coordinates": [-14962787.700987138, 6633049.293936161]}}, {"type": "Feature", "geometry": {"type": "Point", "coordinates": [-15907729.909800682, 7973900.839761581]}}, {"type": "Feature", "geometry": {"type": "Point", "coordinates": [-14454759.83116153, 9353424.547541859]}}, {"type": "Feature", "geometry": {"type": "Point", "coordinates": [-12931905.309504785, 8475375.239359776]}}, {"type": "Feature", "geometry": {"type": "Point", "coordinates": [-16653855.889781326, 8351620.795009924]}}, {"type": "Feature", "geometry": {"type": "Point", "coordinates": [11760280.541598907, -13053971.090564955]}}, {"type": "Feature", "geometry": {"type": "Point", "coordinates": [-6474618.262172508, 7908422.623730119]}}, {"type": "Feature", "geometry": {"type": "Point", "coordinates": [-15419454.800939746, 8787291.557661671]}}, {"type": "Feature", "geometry": {"type": "Point", "coordinates": [-14917272.830712283, 7714390.977058453]}}, {"type": "Feature", "geometry": {"type": "Point", "coordinates": [-14879144.974078871, 8260046.949580775]}}, {"type": "Feature", "geometry": {"type": "Point", "coordinates": [-16354569.014207818, 9682057.348289192]}}, {"type": "Feature", "geometry": {"type": "Point", "coordinates": [-15921192.593976803, 8873292.354955995]}}, {"type": "Feature", "geometry": {"type": "Point", "coordinates": [-14826869.222867576, 8124705.022742077]}}, {"type": "Feature", "geometry": {"type": "Point", "coordinates": [-12975772.003499106, 8395302.20637796]}}, {"type": "Feature", "geometry": {"type": "Point", "coordinates": [-14820769.673630498, 7315389.766199965]}}, {"type": "Feature", "geometry": {"type": "Point", "coordinates": [-15485201.388165278, 7830593.203817422]}}, {"type": "Feature", "geometry": {"type": "Point", "coordinates": [-14550713.498394195, 7903445.537124979]}}, {"type": "Feature", "geometry": {"type": "Point", "coordinates": [-15062822.843676087, 9359006.15090062]}}, {"type": "Feature", "geometry": {"type": "Point", "coordinates": [-5454916.22680567, 3527755.105521106]}}, {"type": "Feature", "geometry": {"type": "Point", "coordinates": [-14005826.707529636, 7739002.016687099]}}, {"type": "Feature", "geometry": {"type": "Point", "coordinates": [-15099860.114735387, 7680209.38904116]}}, {"type": "Feature", "geometry": {"type": "Point", "coordinates": [-12981169.302332383, 8394805.56747744]}}, {"type": "Feature", "geometry": {"type": "Point", "coordinates": [-14181742.014126852, 8980983.668562496]}}, {"type": "Feature", "geometry": {"type": "Point", "coordinates": [-15943576.73925302, 8767587.589885397]}}, {"type": "Feature", "geometry": {"type": "Point", "coordinates": [-12984823.461750243, 8391400.884048237]}}, {"type": "Feature", "geometry": {"type": "Point", "coordinates": [-14982704.284840409, 7070825.597413685]}}, {"type": "Feature", "geometry": {"type": "Point", "coordinates": [-14810350.737393545, 8137680.737525064]}}, {"type": "Feature", "geometry": {"type": "Point", "coordinates": [-16646782.920449108, 8351016.350786885]}}, {"type": "Feature", "geometry": {"type": "Point", "coordinates": [-14372767.822856316, 9640945.144738581]}}, {"type": "Feature", "geometry": {"type": "Point", "coordinates": [-13959899.662460634, 8053866.479921264]}}, {"type": "Feature", "geometry": {"type": "Point", "coordinates": [-13294737.294866819, 9038951.10416284]}}, {"type": "Feature", "geometry": {"type": "Point", "coordinates": [-13493759.099833857, 8953055.961212495]}}, {"type": "Feature", "geometry": {"type": "Point", "coordinates": [-14567783.34857891, 10673548.910788627]}}, {"type": "Feature", "geometry": {"type": "Point", "coordinates": [-15710825.330780175, 8348528.22551489]}}, {"type": "Feature", "geometry": {"type": "Point", "coordinates": [-3063769.4350485275, 627152.2542471832]}}, {"type": "Feature", "geometry": {"type": "Point", "coordinates": [11728452.750071242, -12972584.61169043]}}, {"type": "Feature", "geometry": {"type": "Point", "coordinates": [-15555378.391651703, 8742092.243671753]}}, {"type": "Feature", "geometry": {"type": "Point", "coordinates": [-12991740.085811779, 8389881.222315202]}}, {"type": "Feature", "geometry": {"type": "Point", "coordinates": [-13581940.324213626, 7996395.3574226955]}}, {"type": "Feature", "geometry": {"type": "Point", "coordinates": [-15580927.867274005, 8680495.901875816]}}, {"type": "Feature", "geometry": {"type": "Point", "coordinates": [-13742350.424115544, 9061133.984275378]}}, {"type": "Feature", "geometry": {"type": "Point", "coordinates": [-14375520.072371988, 8180468.491919623]}}, {"type": "Feature", "geometry": {"type": "Point", "coordinates": [-14388847.617374802, 7915725.802220407]}}, {"type": "Feature", "geometry": {"type": "Point", "coordinates": [-15843894.893511819, 8204487.742539902]}}, {"type": "Feature", "geometry": {"type": "Point", "coordinates": [-6916760.70689207, 8030980.160475082]}}, {"type": "Feature", "geometry": {"type": "Point", "coordinates": [-13489239.213736573, 8341055.282294793]}}, {"type": "Feature", "geometry": {"type": "Point", "coordinates": [-13776558.842122667, 9322929.696450872]}}, {"type": "Feature", "geometry": {"type": "Point", "coordinates": [-15625258.690982975, 9403594.888038775]}}, {"type": "Feature", "geometry": {"type": "Point", "coordinates": [-15064795.220642272, 9359254.06943531]}}, {"type": "Feature", "geometry": {"type": "Point", "coordinates": [-12868759.195973845, 8395931.822536528]}}, {"type": "Feature", "geometry": {"type": "Point", "coordinates": [-14557039.625540776, 7636604.963930331]}}, {"type": "Feature", "geometry": {"type": "Point", "coordinates": [-12983300.148188468, 8394433.620023623]}}, {"type": "Feature", "geometry": {"type": "Point", "coordinates": [-15910591.06310043, 7975890.621610891]}}, {"type": "Feature", "geometry": {"type": "Point", "coordinates": [-14370120.612319846, 9634775.1549068]}}, {"type": "Feature", "geometry": {"type": "Point", "coordinates": [11727717.820736315, -13002111.878964746]}}, {"type": "Feature", "geometry": {"type": "Point", "coordinates": [-13189982.322698247, 8356670.688387887]}}, {"type": "Feature", "geometry": {"type": "Point", "coordinates": [-15080417.889106749, 6888140.3424074855]}}, {"type": "Feature", "geometry": {"type": "Point", "coordinates": [-13436964.774646154, 8885985.74122056]}}, {"type": "Feature", "geometry": {"type": "Point", "coordinates": [-16003684.467739869, 8148346.543639466]}}, {"type": "Feature", "geometry": {"type": "Point", "coordinates": [-13785474.367429651, 8909828.541138576]}}, {"type": "Feature", "geometry": {"type": "Point", "coordinates": [-15194883.945456112, 8061175.694368159]}}, {"type": "Feature", "geometry": {"type": "Point", "coordinates": [-6011756.374677432, 3938764.0852047377]}}, {"type": "Feature", "geometry": {"type": "Point", "coordinates": [-15625978.143389389, 8171812.931173844]}}, {"type": "Feature", "geometry": {"type": "Point", "coordinates": [-14822962.459239542, 8390705.878751919]}}, {"type": "Feature", "geometry": {"type": "Point", "coordinates": [9795330.46342018, -16032502.642964836]}}, {"type": "Feature", "geometry": {"type": "Point", "coordinates": [-13014389.341595864, 8399895.656526959]}}, {"type": "Feature", "geometry": {"type": "Point", "coordinates": [-14923620.284523843, 6649352.517437927]}}, {"type": "Feature", "geometry": {"type": "Point", "coordinates": [-14440680.657416316, 9183446.288442208]}}, {"type": "Feature", "geometry": {"type": "Point", "coordinates": [-14981982.372694697, 6625409.295256833]}}, {"type": "Feature", "geometry": {"type": "Point", "coordinates": [-13866378.294054953, 7945416.150047921]}}, {"type": "Feature", "geometry": {"type": "Point", "coordinates": [-13800503.254821433, 9298946.52759721]}}, {"type": "Feature", "geometry": {"type": "Point", "coordinates": [-14089120.793975811, 7970020.385525765]}}, {"type": "Feature", "geometry": {"type": "Point", "coordinates": [-14321794.008287918, 8941279.02132342]}}, {"type": "Feature", "geometry": {"type": "Point", "coordinates": [11727364.335787537, -13001815.908623027]}}, {"type": "Feature", "geometry": {"type": "Point", "coordinates": [-14931575.678281311, 6648498.409077585]}}, {"type": "Feature", "geometry": {"type": "Point", "coordinates": [-5743571.639346644, 3350831.3482648437]}}, {"type": "Feature", "geometry": {"type": "Point", "coordinates": [-15111749.695964757, 8021831.002112158]}}, {"type": "Feature", "geometry": {"type": "Point", "coordinates": [-15413157.644989476, 8776506.138294114]}}, {"type": "Feature", "geometry": {"type": "Point", "coordinates": [-12992135.146239117, 8389801.40529563]}}, {"type": "Feature", "geometry": {"type": "Point", "coordinates": [-15543642.433308745, 7900569.550503475]}}, {"type": "Feature", "geometry": {"type": "Point", "coordinates": [-13309839.096958676, 8229777.653314382]}}, {"type": "Feature", "geometry": {"type": "Point", "coordinates": [-13800285.64519275, 9302477.028838335]}}, {"type": "Feature", "geometry": {"type": "Point", "coordinates": [-15064740.437765943, 9366188.925192773]}}, {"type": "Feature", "geometry": {"type": "Point", "coordinates": [-16310081.274700277, 8260020.809125753]}}, {"type": "Feature", "geometry": {"type": "Point", "coordinates": [-15493003.986007316, 8791663.151726296]}}, {"type": "Feature", "geometry": {"type": "Point", "coordinates": [-14828205.889073018, 8125632.984708484]}}, {"type": "Feature", "geometry": {"type": "Point", "coordinates": [-14787041.899673903, 7263318.1779183475]}}, {"type": "Feature", "geometry": {"type": "Point", "coordinates": [-14908009.293000882, 7466050.70218365]}}, {"type": "Feature", "geometry": {"type": "Point", "coordinates": [-15722441.121195585, 8594203.184127213]}}, {"type": "Feature", "geometry": {"type": "Point", "coordinates": [-14765959.088354956, 7603036.110786103]}}, {"type": "Feature", "geometry": {"type": "Point", "coordinates": [11881079.2144139, -13174130.941303244]}}, {"type": "Feature", "geometry": {"type": "Point", "coordinates": [-16128724.864715692, 8219277.499160113]}}, {"type": "Feature", "geometry": {"type": "Point", "coordinates": [-16648846.679687299, 8351671.866829813]}}, {"type": "Feature", "geometry": {"type": "Point", "coordinates": [-13485543.312177813, 8340919.226064939]}}, {"type": "Feature", "geometry": {"type": "Point", "coordinates": [-16127198.479735604, 8221303.183810211]}}, {"type": "Feature", "geometry": {"type": "Point", "coordinates": [-5461727.267677867, 3532802.62519705]}}, {"type": "Feature", "geometry": {"type": "Point", "coordinates": [-14371800.628885096, 9627147.705785153]}}, {"type": "Feature", "geometry": {"type": "Point", "coordinates": [-16408284.178938614, 9484661.739699142]}}, {"type": "Feature", "geometry": {"type": "Point", "coordinates": [-13014321.677821977, 8401447.839061178]}}, {"type": "Feature", "geometry": {"type": "Point", "coordinates": [8937875.171190834, -16682804.533741703]}}, {"type": "Feature", "geometry": {"type": "Point", "coordinates": [-15100204.832901387, 7107722.41131811]}}, {"type": "Feature", "geometry": {"type": "Point", "coordinates": [-13798487.760937357, 9299980.410386374]}}, {"type": "Feature", "geometry": {"type": "Point", "coordinates": [-16404538.787026195, 8768514.507305045]}}, {"type": "Feature", "geometry": {"type": "Point", "coordinates": [-15562770.656348633, 9850276.902563818]}}, {"type": "Feature", "geometry": {"type": "Point", "coordinates": [-15172316.211249208, 8278607.35831854]}}, {"type": "Feature", "geometry": {"type": "Point", "coordinates": [-16012928.069174994, 8135672.774434727]}}, {"type": "Feature", "geometry": {"type": "Point", "coordinates": [-13009405.040856805, 8403694.615181534]}}, {"type": "Feature", "geometry": {"type": "Point", "coordinates": [-13421126.105689287, 8312130.5798393665]}}, {"type": "Feature", "geometry": {"type": "Point", "coordinates": [-5442808.509720857, 3514504.5137744104]}}, {"type": "Feature", "geometry": {"type": "Point", "coordinates": [-14771125.998293651, 7418885.888219721]}}, {"type": "Feature", "geometry": {"type": "Point", "coordinates": [-14300888.614123201, 8955301.385291507]}}, {"type": "Feature", "geometry": {"type": "Point", "coordinates": [-13581949.543603122, 7996289.857832405]}}, {"type": "Feature", "geometry": {"type": "Point", "coordinates": [-14895998.798225842, 7101013.798408049]}}, {"type": "Feature", "geometry": {"type": "Point", "coordinates": [-14910076.068528863, 7364006.65402693]}}, {"type": "Feature", "geometry": {"type": "Point", "coordinates": [-16311414.706697099, 9006715.292052459]}}, {"type": "Feature", "geometry": {"type": "Point", "coordinates": [-13834256.733780716, 7969698.292236078]}}, {"type": "Feature", "geometry": {"type": "Point", "coordinates": [-13581855.4488769, 7996348.557557209]}}, {"type": "Feature", "geometry": {"type": "Point", "coordinates": [-16605619.612728147, 8318708.8528746655]}}, {"type": "Feature", "geometry": {"type": "Point", "coordinates": [-12984043.832099598, 8395529.446146324]}}, {"type": "Feature", "geometry": {"type": "Point", "coordinates": [-13893985.550561557, 9457383.700491738]}}, {"type": "Feature", "geometry": {"type": "Point", "coordinates": [-14090471.761499431, 7862339.760923345]}}, {"type": "Feature", "geometry": {"type": "Point", "coordinates": [-14208720.373765962, 8104001.948937363]}}, {"type": "Feature", "geometry": {"type": "Point", "coordinates": [-15007450.264821094, 8287747.473867953]}}, {"type": "Feature", "geometry": {"type": "Point", "coordinates": [-14055365.590947637, 8946210.582647901]}}, {"type": "Feature", "geometry": {"type": "Point", "coordinates": [-13483034.682482399, 8336170.281132441]}}, {"type": "Feature", "geometry": {"type": "Point", "coordinates": [-14278472.005062249, 8188033.126607939]}}, {"type": "Feature", "geometry": {"type": "Point", "coordinates": [-13867168.257723076, 7856078.32462041]}}, {"type": "Feature", "geometry": {"type": "Point", "coordinates": [-14217020.296725718, 9013520.040534208]}}, {"type": "Feature", "geometry": {"type": "Point", "coordinates": [-14839763.941176455, 7166552.011452681]}}, {"type": "Feature", "geometry": {"type": "Point", "coordinates": [10731490.359419238, -13505650.065988364]}}, {"type": "Feature", "geometry": {"type": "Point", "coordinates": [-13798201.73109095, 9298547.048875669]}}, {"type": "Feature", "geometry": {"type": "Point", "coordinates": [-14048199.775973693, 8128259.930350179]}}, {"type": "Feature", "geometry": {"type": "Point", "coordinates": [-15282484.140558818, 8285195.696645711]}}, {"type": "Feature", "geometry": {"type": "Point", "coordinates": [-13486196.34360217, 8341710.620443668]}}, {"type": "Feature", "geometry": {"type": "Point", "coordinates": [-13013636.945107145, 8399241.477987584]}}, {"type": "Feature", "geometry": {"type": "Point", "coordinates": [-15014343.731155798, 9127591.426033484]}}, {"type": "Feature", "geometry": {"type": "Point", "coordinates": [-14557993.577196404, 7634169.849773212]}}, {"type": "Feature", "geometry": {"type": "Point", "coordinates": [-14436617.630162202, 7997611.909485627]}}, {"type": "Feature", "geometry": {"type": "Point", "coordinates": [-15151942.853275942, 8536410.708118306]}}, {"type": "Feature", "geometry": {"type": "Point", "coordinates": [9466152.034809163, -15868724.074799202]}}, {"type": "Feature", "geometry": {"type": "Point", "coordinates": [-14907665.280124212, 7465491.058667957]}}, {"type": "Feature", "geometry": {"type": "Point", "coordinates": [-14274161.669813758, 7891066.77639744]}}, {"type": "Feature", "geometry": {"type": "Point", "coordinates": [-13587494.220708054, 8023424.948656214]}}, {"type": "Feature", "geometry": {"type": "Point", "coordinates": [-13582289.176795043, 7996248.29554174]}}, {"type": "Feature", "geometry": {"type": "Point", "coordinates": [10104664.132307364, -14781233.216338973]}}, {"type": "Feature", "geometry": {"type": "Point", "coordinates": [-16108723.80484287, 9469849.384732071]}}, {"type": "Feature", "geometry": {"type": "Point", "coordinates": [-12986586.102146493, 8393821.573559394]}}, {"type": "Feature", "geometry": {"type": "Point", "coordinates": [-13807216.884297553, 9306928.541009678]}}, {"type": "Feature", "geometry": {"type": "Point", "coordinates": [-13498836.154021356, 8325411.260326241]}}, {"type": "Feature", "geometry": {"type": "Point", "coordinates": [-14388814.748103706, 7915187.562861227]}}, {"type": "Feature", "geometry": {"type": "Point", "coordinates": [-14987053.830821391, 7100820.293915897]}}, {"type": "Feature", "geometry": {"type": "Point", "coordinates": [-14772424.507127365, 8952691.139509436]}}, {"type": "Feature", "geometry": {"type": "Point", "coordinates": [-14874920.65910363, 7135744.160157969]}}, {"type": "Feature", "geometry": {"type": "Point", "coordinates": [-16397522.511663489, 9480680.876678484]}}, {"type": "Feature", "geometry": {"type": "Point", "coordinates": [-12642930.943062047, 8349957.926259585]}}, {"type": "Feature", "geometry": {"type": "Point", "coordinates": [-13297711.50231663, 9041619.935595103]}}, {"type": "Feature", "geometry": {"type": "Point", "coordinates": [-14371875.980870707, 9627690.838189786]}}, {"type": "Feature", "geometry": {"type": "Point", "coordinates": [-15527296.15379344, 9984776.949900467]}}, {"type": "Feature", "geometry": {"type": "Point", "coordinates": [-12993236.883352494, 8377819.5618842775]}}, {"type": "Feature", "geometry": {"type": "Point", "coordinates": [-5119870.423092244, 4114670.010108933]}}, {"type": "Feature", "geometry": {"type": "Point", "coordinates": [-14923736.473188568, 6663051.830314025]}}, {"type": "Feature", "geometry": {"type": "Point", "coordinates": [-15014544.819492912, 7974851.712321962]}}, {"type": "Feature", "geometry": {"type": "Point", "coordinates": [-15249897.666480418, 7562695.741966414]}}, {"type": "Feature", "geometry": {"type": "Point", "coordinates": [-15098724.545278354, 8120648.324293497]}}, {"type": "Feature", "geometry": {"type": "Point", "coordinates": [-15572118.109741261, 7935936.104215063]}}, {"type": "Feature", "geometry": {"type": "Point", "coordinates": [-16109808.228648657, 9468015.516336832]}}, {"type": "Feature", "geometry": {"type": "Point", "coordinates": [-14824955.891836664, 8125666.827466372]}}, {"type": "Feature", "geometry": {"type": "Point", "coordinates": [-13487619.088591011, 8338205.463543656]}}, {"type": "Feature", "geometry": {"type": "Point", "coordinates": [14423482.067989063, -13066509.652955584]}}, {"type": "Feature", "geometry": {"type": "Point", "coordinates": [-15881140.587691661, 8936224.644414552]}}, {"type": "Feature", "geometry": {"type": "Point", "coordinates": [-15017210.015481459, 7974469.057053598]}}, {"type": "Feature", "geometry": {"type": "Point", "coordinates": [-15187092.924408108, 8358675.387404152]}}, {"type": "Feature", "geometry": {"type": "Point", "coordinates": [-12956493.880928362, 8398234.417307118]}}, {"type": "Feature", "geometry": {"type": "Point", "coordinates": [-13915601.709203983, 9023931.96676314]}}, {"type": "Feature", "geometry": {"type": "Point", "coordinates": [-13800655.07331461, 9298942.253309181]}}, {"type": "Feature", "geometry": {"type": "Point", "coordinates": [-13586968.961783879, 7995504.013894445]}}, {"type": "Feature", "geometry": {"type": "Point", "coordinates": [11448667.777513284, -13017108.756039672]}}, {"type": "Feature", "geometry": {"type": "Point", "coordinates": [11063038.88481237, -13461901.397141261]}}, {"type": "Feature", "geometry": {"type": "Point", "coordinates": [-13189608.462082854, 8356160.070672921]}}, {"type": "Feature", "geometry": {"type": "Point", "coordinates": [-16312094.732733285, 9007156.447793206]}}, {"type": "Feature", "geometry": {"type": "Point", "coordinates": [-5164101.632800361, 4034546.418422065]}}, {"type": "Feature", "geometry": {"type": "Point", "coordinates": [-16593584.815402234, 8872642.451350076]}}, {"type": "Feature", "geometry": {"type": "Point", "coordinates": [-13406154.98731357, 8365089.5586785255]}}, {"type": "Feature", "geometry": {"type": "Point", "coordinates": [-14837640.423377296, 6779282.166660769]}}, {"type": "Feature", "geometry": {"type": "Point", "coordinates": [-5535438.468407603, 3569857.317216735]}}, {"type": "Feature", "geometry": {"type": "Point", "coordinates": [-14252043.825665362, 8081778.8199518155]}}, {"type": "Feature", "geometry": {"type": "Point", "coordinates": [-14819761.651807986, 6906170.513678965]}}, {"type": "Feature", "geometry": {"type": "Point", "coordinates": [-15006530.49205501, 8451502.94961207]}}, {"type": "Feature", "geometry": {"type": "Point", "coordinates": [-15459626.602980068, 8842498.228868505]}}, {"type": "Feature", "geometry": {"type": "Point", "coordinates": [-13484816.235324074, 8374136.093871487]}}, {"type": "Feature", "geometry": {"type": "Point", "coordinates": [-14826325.562842002, 8125372.359336561]}}, {"type": "Feature", "geometry": {"type": "Point", "coordinates": [-14428734.262336377, 8781920.139810238]}}, {"type": "Feature", "geometry": {"type": "Point", "coordinates": [10746826.356296275, -13504127.589408599]}}, {"type": "Feature", "geometry": {"type": "Point", "coordinates": [-14837500.700083593, 6779481.429317625]}}, {"type": "Feature", "geometry": {"type": "Point", "coordinates": [-15080417.889106749, 6888140.3424074855]}}, {"type": "Feature", "geometry": {"type": "Point", "coordinates": [10749586.583813706, -13510096.961146144]}}, {"type": "Feature", "geometry": {"type": "Point", "coordinates": [8578423.560491526, -16670604.616329402]}}, {"type": "Feature", "geometry": {"type": "Point", "coordinates": [-13947930.23123219, 8003923.374511182]}}, {"type": "Feature", "geometry": {"type": "Point", "coordinates": [8618886.22886949, -16441825.732147139]}}, {"type": "Feature", "geometry": {"type": "Point", "coordinates": [-14826801.613014834, 8124546.822887805]}}, {"type": "Feature", "geometry": {"type": "Point", "coordinates": [-12975355.318173934, 8394098.990922226]}}, {"type": "Feature", "geometry": {"type": "Point", "coordinates": [-15711534.982208004, 8349502.116040597]}}, {"type": "Feature", "geometry": {"type": "Point", "coordinates": [-13800293.355515186, 9299254.726797603]}}, {"type": "Feature", "geometry": {"type": "Point", "coordinates": [-5438318.523857777, 3531758.9096403355]}}, {"type": "Feature", "geometry": {"type": "Point", "coordinates": [-16617908.60752527, 8897229.455742298]}}, {"type": "Feature", "geometry": {"type": "Point", "coordinates": [-14381159.30229952, 9621967.267493425]}}, {"type": "Feature", "geometry": {"type": "Point", "coordinates": [-14320319.251054164, 8940810.176412812]}}, {"type": "Feature", "geometry": {"type": "Point", "coordinates": [-15709295.556888346, 7952674.443089626]}}, {"type": "Feature", "geometry": {"type": "Point", "coordinates": [-14895270.490764586, 6702547.206484738]}}, {"type": "Feature", "geometry": {"type": "Point", "coordinates": [-12984271.337263046, 8393739.010598991]}}, {"type": "Feature", "geometry": {"type": "Point", "coordinates": [-14279840.832217231, 8234689.737586892]}}, {"type": "Feature", "geometry": {"type": "Point", "coordinates": [-7572425.312445911, 3890513.81692001]}}, {"type": "Feature", "geometry": {"type": "Point", "coordinates": [-13037109.90090815, 8462783.472699713]}}, {"type": "Feature", "geometry": {"type": "Point", "coordinates": [9147320.421125017, -16353643.462806394]}}, {"type": "Feature", "geometry": {"type": "Point", "coordinates": [-15422895.724870482, 8783699.888840163]}}, {"type": "Feature", "geometry": {"type": "Point", "coordinates": [-14436686.352381237, 9182145.002267558]}}, {"type": "Feature", "geometry": {"type": "Point", "coordinates": [-15572887.973763533, 9839808.847499177]}}, {"type": "Feature", "geometry": {"type": "Point", "coordinates": [-14535993.246102253, 9219724.82890006]}}, {"type": "Feature", "geometry": {"type": "Point", "coordinates": [-14188944.052067382, 7988573.611014114]}}, {"type": "Feature", "geometry": {"type": "Point", "coordinates": [-14368291.055060225, 9563748.275607636]}}, {"type": "Feature", "geometry": {"type": "Point", "coordinates": [-15112041.977038218, 9008343.962498313]}}, {"type": "Feature", "geometry": {"type": "Point", "coordinates": [-14155932.540744893, 8055122.054731333]}}, {"type": "Feature", "geometry": {"type": "Point", "coordinates": [-13967262.804078503, 8315168.829883361]}}, {"type": "Feature", "geometry": {"type": "Point", "coordinates": [-5451717.522931688, 3525750.0362870516]}}, {"type": "Feature", "geometry": {"type": "Point", "coordinates": [-12979303.768610744, 8392891.085051738]}}, {"type": "Feature", "geometry": {"type": "Point", "coordinates": [-14922704.513980882, 7282332.596914522]}}, {"type": "Feature", "geometry": {"type": "Point", "coordinates": [-13678901.16412661, 8126552.349654139]}}, {"type": "Feature", "geometry": {"type": "Point", "coordinates": [-15633320.255658029, 8491193.804426275]}}, {"type": "Feature", "geometry": {"type": "Point", "coordinates": [-4570581.394746973, 4261077.51504495]}}, {"type": "Feature", "geometry": {"type": "Point", "coordinates": [-14710436.165384218, 7749867.307713197]}}, {"type": "Feature", "geometry": {"type": "Point", "coordinates": [-13014337.198081398, 8399927.503145242]}}, {"type": "Feature", "geometry": {"type": "Point", "coordinates": [-15008260.796978295, 7831250.863244306]}}, {"type": "Feature", "geometry": {"type": "Point", "coordinates": [-5422321.468730918, 3604808.8220505277]}}, {"type": "Feature", "geometry": {"type": "Point", "coordinates": [-14371516.517767778, 9627274.67290959]}}, {"type": "Feature", "geometry": {"type": "Point", "coordinates": [-16069301.727391513, 9342862.63845237]}}, {"type": "Feature", "geometry": {"type": "Point", "coordinates": [8655856.772004437, -16600820.582878482]}}, {"type": "Feature", "geometry": {"type": "Point", "coordinates": [-13403923.473696357, 8366363.710387095]}}, {"type": "Feature", "geometry": {"type": "Point", "coordinates": [-13397656.67285015, 8121233.209807971]}}, {"type": "Feature", "geometry": {"type": "Point", "coordinates": [-13487120.397745976, 8331353.32044012]}}, {"type": "Feature", "geometry": {"type": "Point", "coordinates": [-7566028.04660601, 3889113.9118165406]}}, {"type": "Feature", "geometry": {"type": "Point", "coordinates": [-14446317.791898027, 8214305.933442731]}}, {"type": "Feature", "geometry": {"type": "Point", "coordinates": [-13742080.197669603, 9060795.148729153]}}, {"type": "Feature", "geometry": {"type": "Point", "coordinates": [-16108619.291594315, 8370372.719140285]}}, {"type": "Feature", "geometry": {"type": "Point", "coordinates": [-14012559.258929031, 8225737.4424502235]}}, {"type": "Feature", "geometry": {"type": "Point", "coordinates": [-12992139.897594329, 8371337.911007524]}}, {"type": "Feature", "geometry": {"type": "Point", "coordinates": [8324160.857452092, -16480027.194240032]}}, {"type": "Feature", "geometry": {"type": "Point", "coordinates": [-13807459.989162117, 9306990.74452435]}}, {"type": "Feature", "geometry": {"type": "Point", "coordinates": [-5526464.817278931, 3524488.1678918535]}}, {"type": "Feature", "geometry": {"type": "Point", "coordinates": [-12992940.56001725, 8376892.740430385]}}, {"type": "Feature", "geometry": {"type": "Point", "coordinates": [-5121544.139726227, 4113295.706933877]}}, {"type": "Feature", "geometry": {"type": "Point", "coordinates": [-14814037.131728023, 8121139.959064477]}}, {"type": "Feature", "geometry": {"type": "Point", "coordinates": [-14109669.253005713, 8165236.517216544]}}, {"type": "Feature", "geometry": {"type": "Point", "coordinates": [-15667707.397272214, 7923117.157905033]}}, {"type": "Feature", "geometry": {"type": "Point", "coordinates": [-13587230.12855911, 8023882.638100833]}}, {"type": "Feature", "geometry": {"type": "Point", "coordinates": [-13584194.811736612, 7992225.724899581]}}, {"type": "Feature", "geometry": {"type": "Point", "coordinates": [-5245843.723472173, 3556495.393501846]}}, {"type": "Feature", "geometry": {"type": "Point", "coordinates": [-15064191.531725734, 9360485.311111296]}}, {"type": "Feature", "geometry": {"type": "Point", "coordinates": [-16578195.336398834, 8982517.388003051]}}, {"type": "Feature", "geometry": {"type": "Point", "coordinates": [-15063017.43098961, 9357130.082951266]}}, {"type": "Feature", "geometry": {"type": "Point", "coordinates": [-16447523.516251177, 8304096.327699746]}}, {"type": "Feature", "geometry": {"type": "Point", "coordinates": [-14923023.252072668, 6653351.768507253]}}, {"type": "Feature", "geometry": {"type": "Point", "coordinates": [-12983638.250691818, 8394826.349858277]}}, {"type": "Feature", "geometry": {"type": "Point", "coordinates": [-15422808.348168662, 8783834.607895931]}}, {"type": "Feature", "geometry": {"type": "Point", "coordinates": [-5086472.924807005, 3610032.7192455153]}}, {"type": "Feature", "geometry": {"type": "Point", "coordinates": [-14857461.256410934, 9494812.74577524]}}, {"type": "Feature", "geometry": {"type": "Point", "coordinates": [-14581152.05450709, 10701493.440554556]}}, {"type": "Feature", "geometry": {"type": "Point", "coordinates": [-14879144.974078871, 8260046.949580775]}}, {"type": "Feature", "geometry": {"type": "Point", "coordinates": [10673446.416069394, -13554189.43811301]}}, {"type": "Feature", "geometry": {"type": "Point", "coordinates": [-13744606.842247903, 9065432.21112846]}}, {"type": "Feature", "geometry": {"type": "Point", "coordinates": [-15906592.79993032, 7974327.433362015]}}, {"type": "Feature", "geometry": {"type": "Point", "coordinates": [-14375540.873781687, 9617689.249117699]}}, {"type": "Feature", "geometry": {"type": "Point", "coordinates": [-13586762.330937434, 7995706.835416015]}}, {"type": "Feature", "geometry": {"type": "Point", "coordinates": [-15319773.700182687, 8900239.15751258]}}, {"type": "Feature", "geometry": {"type": "Point", "coordinates": [-16147936.663271168, 8165691.866132929]}}, {"type": "Feature", "geometry": {"type": "Point", "coordinates": [-14431521.134004874, 8781094.388682386]}}, {"type": "Feature", "geometry": {"type": "Point", "coordinates": [-14215949.046191908, 9014529.302369153]}}, {"type": "Feature", "geometry": {"type": "Point", "coordinates": [-14558748.689948337, 8915450.36237326]}}, {"type": "Feature", "geometry": {"type": "Point", "coordinates": [-13798156.384942267, 9305395.283684874]}}, {"type": "Feature", "geometry": {"type": "Point", "coordinates": [-15418595.474681206, 8786997.478356289]}}, {"type": "Feature", "geometry": {"type": "Point", "coordinates": [-13408304.113874601, 8364908.70690771]}}, {"type": "Feature", "geometry": {"type": "Point", "coordinates": [-15014893.917183423, 7416919.789289214]}}, {"type": "Feature", "geometry": {"type": "Point", "coordinates": [-14403186.972834503, 9645955.422059465]}}, {"type": "Feature", "geometry": {"type": "Point", "coordinates": [-13800616.775554707, 9298249.894084131]}}, {"type": "Feature", "geometry": {"type": "Point", "coordinates": [-15063017.43098961, 9357130.082951266]}}, {"type": "Feature", "geometry": {"type": "Point", "coordinates": [-15485117.194595678, 7830479.23251164]}}, {"type": "Feature", "geometry": {"type": "Point", "coordinates": [-14481454.491909336, 8139922.10914482]}}, {"type": "Feature", "geometry": {"type": "Point", "coordinates": [-14376297.356448233, 9619202.06884062]}}, {"type": "Feature", "geometry": {"type": "Point", "coordinates": [-14557039.625540776, 7636604.963930331]}}, {"type": "Feature", "geometry": {"type": "Point", "coordinates": [-5245698.363953244, 3556301.594274872]}}, {"type": "Feature", "geometry": {"type": "Point", "coordinates": [-12995624.26537998, 8379544.9858927075]}}, {"type": "Feature", "geometry": {"type": "Point", "coordinates": [-12989816.057632785, 8389361.081953885]}}, {"type": "Feature", "geometry": {"type": "Point", "coordinates": [-14370855.127165481, 9644802.678940332]}}, {"type": "Feature", "geometry": {"type": "Point", "coordinates": [-14214163.679022737, 8239946.362846822]}}, {"type": "Feature", "geometry": {"type": "Point", "coordinates": [-14549558.57253574, 7904364.443223414]}}, {"type": "Feature", "geometry": {"type": "Point", "coordinates": [-13654577.285039485, 8174949.193520486]}}, {"type": "Feature", "geometry": {"type": "Point", "coordinates": [-14442503.62679942, 9180648.192963395]}}, {"type": "Feature", "geometry": {"type": "Point", "coordinates": [-15177134.3786979, 7818507.1370763]}}, {"type": "Feature", "geometry": {"type": "Point", "coordinates": [-14557879.739039274, 7634247.920651225]}}, {"type": "Feature", "geometry": {"type": "Point", "coordinates": [-14956840.218433145, 6636240.261847589]}}, {"type": "Feature", "geometry": {"type": "Point", "coordinates": [-14261273.135590453, 8093476.868251162]}}, {"type": "Feature", "geometry": {"type": "Point", "coordinates": [-13799862.31373259, 9299384.950891843]}}, {"type": "Feature", "geometry": {"type": "Point", "coordinates": [-13966445.876807082, 8327400.068760041]}}, {"type": "Feature", "geometry": {"type": "Point", "coordinates": [-15835296.328192452, 8445674.93174154]}}, {"type": "Feature", "geometry": {"type": "Point", "coordinates": [14545617.394849716, -13420159.735925317]}}, {"type": "Feature", "geometry": {"type": "Point", "coordinates": [-14355616.28347505, 7660763.145327464]}}, {"type": "Feature", "geometry": {"type": "Point", "coordinates": [-15112452.936591055, 7127996.190593456]}}, {"type": "Feature", "geometry": {"type": "Point", "coordinates": [-5446075.029587829, 3518050.6863106736]}}, {"type": "Feature", "geometry": {"type": "Point", "coordinates": [-6011756.374677432, 3938764.0852047377]}}, {"type": "Feature", "geometry": {"type": "Point", "coordinates": [-12995210.810651716, 8376737.770110975]}}, {"type": "Feature", "geometry": {"type": "Point", "coordinates": [-14481454.491909336, 8139922.10914482]}}, {"type": "Feature", "geometry": {"type": "Point", "coordinates": [-14149159.67748435, 8673155.741983231]}}, {"type": "Feature", "geometry": {"type": "Point", "coordinates": [-13741907.226188613, 9060722.932017474]}}, {"type": "Feature", "geometry": {"type": "Point", "coordinates": [-14475591.56007899, 7658730.235026328]}}, {"type": "Feature", "geometry": {"type": "Point", "coordinates": [-14054983.608278614, 8946253.426109781]}}, {"type": "Feature", "geometry": {"type": "Point", "coordinates": [-14373000.31741019, 9623021.315339386]}}, {"type": "Feature", "geometry": {"type": "Point", "coordinates": [-15197554.038351139, 8060915.514016714]}}, {"type": "Feature", "geometry": {"type": "Point", "coordinates": [-15098972.647692695, 7107606.510809728]}}, {"type": "Feature", "geometry": {"type": "Point", "coordinates": [-14771125.998293651, 7418885.888219721]}}, {"type": "Feature", "geometry": {"type": "Point", "coordinates": [-15156609.988711668, 8273803.415320208]}}, {"type": "Feature", "geometry": {"type": "Point", "coordinates": [-15027799.763127508, 7657024.5635363115]}}, {"type": "Feature", "geometry": {"type": "Point", "coordinates": [-16109855.246451724, 9468071.681707533]}}, {"type": "Feature", "geometry": {"type": "Point", "coordinates": [-13486429.635856885, 8339556.045341617]}}, {"type": "Feature", "geometry": {"type": "Point", "coordinates": [-14373095.477210911, 9624844.519986458]}}, {"type": "Feature", "geometry": {"type": "Point", "coordinates": [10957860.304578984, -15966601.692269454]}}, {"type": "Feature", "geometry": {"type": "Point", "coordinates": [11728593.848024482, -13186416.153898336]}}, {"type": "Feature", "geometry": {"type": "Point", "coordinates": [-14382484.410245724, 9648436.139822092]}}, {"type": "Feature", "geometry": {"type": "Point", "coordinates": [-14071703.264254289, 7835230.364924043]}}, {"type": "Feature", "geometry": {"type": "Point", "coordinates": [-14182435.531442244, 10859591.837668294]}}, {"type": "Feature", "geometry": {"type": "Point", "coordinates": [-14077130.23009533, 7800624.27254999]}}, {"type": "Feature", "geometry": {"type": "Point", "coordinates": [-14170465.406767044, 8053236.62578438]}}, {"type": "Feature", "geometry": {"type": "Point", "coordinates": [-12981932.979537442, 8394875.103961345]}}, {"type": "Feature", "geometry": {"type": "Point", "coordinates": [8560240.37049003, -16485083.216517441]}}, {"type": "Feature", "geometry": {"type": "Point", "coordinates": [13754069.160614114, -13006834.562747234]}}, {"type": "Feature", "geometry": {"type": "Point", "coordinates": [-5448279.645744167, 3520012.8589573675]}}, {"type": "Feature", "geometry": {"type": "Point", "coordinates": [-15616223.675922142, 8548302.792589473]}}, {"type": "Feature", "geometry": {"type": "Point", "coordinates": [-5120868.247987426, 4114018.6189302476]}}, {"type": "Feature", "geometry": {"type": "Point", "coordinates": [10765744.248573761, -13499781.01485626]}}, {"type": "Feature", "geometry": {"type": "Point", "coordinates": [-15071998.14606637, 8078016.178484425]}}, {"type": "Feature", "geometry": {"type": "Point", "coordinates": [-14370603.948884344, 9624396.20278593]}}, {"type": "Feature", "geometry": {"type": "Point", "coordinates": [-15999845.642457964, 8460795.140849622]}}, {"type": "Feature", "geometry": {"type": "Point", "coordinates": [10738957.29632439, -13491882.394102613]}}, {"type": "Feature", "geometry": {"type": "Point", "coordinates": [-14054852.711389935, 8946514.405109733]}}, {"type": "Feature", "geometry": {"type": "Point", "coordinates": [-15161484.424587237, 8280525.396867446]}}, {"type": "Feature", "geometry": {"type": "Point", "coordinates": [-13288617.731753368, 8514408.684717203]}}, {"type": "Feature", "geometry": {"type": "Point", "coordinates": [11881491.713323561, -13174008.910859352]}}, {"type": "Feature", "geometry": {"type": "Point", "coordinates": [-15300673.423050452, 7677013.915150742]}}, {"type": "Feature", "geometry": {"type": "Point", "coordinates": [-13407494.131163653, 8368077.7369771]}}, {"type": "Feature", "geometry": {"type": "Point", "coordinates": [-15418595.474681206, 8786997.478356289]}}, {"type": "Feature", "geometry": {"type": "Point", "coordinates": [-13965341.893975366, 8175429.758368832]}}, {"type": "Feature", "geometry": {"type": "Point", "coordinates": [-16109739.627461268, 9468208.544252379]}}, {"type": "Feature", "geometry": {"type": "Point", "coordinates": [-13490136.53448053, 8341752.498744213]}}, {"type": "Feature", "geometry": {"type": "Point", "coordinates": [-13797469.19428863, 9308915.368195958]}}, {"type": "Feature", "geometry": {"type": "Point", "coordinates": [-13745487.991644708, 9065757.328024078]}}, {"type": "Feature", "geometry": {"type": "Point", "coordinates": [-4646991.781863116, 3985485.996648209]}}, {"type": "Feature", "geometry": {"type": "Point", "coordinates": [-14180352.931952635, 8763600.461280547]}}, {"type": "Feature", "geometry": {"type": "Point", "coordinates": [-5448333.709856258, 3520033.365111018]}}, {"type": "Feature", "geometry": {"type": "Point", "coordinates": [-14014753.527271058, 8226087.024158749]}}, {"type": "Feature", "geometry": {"type": "Point", "coordinates": [-14987738.637084741, 7779987.413691058]}}, {"type": "Feature", "geometry": {"type": "Point", "coordinates": [-13486424.677564638, 8341776.672269547]}}, {"type": "Feature", "geometry": {"type": "Point", "coordinates": [-14376681.99159863, 9622635.853821248]}}, {"type": "Feature", "geometry": {"type": "Point", "coordinates": [-13993876.040573303, 7735222.204690821]}}, {"type": "Feature", "geometry": {"type": "Point", "coordinates": [-15413012.59307858, 8791541.011919506]}}, {"type": "Feature", "geometry": {"type": "Point", "coordinates": [-13407414.150491642, 8367305.047765301]}}, {"type": "Feature", "geometry": {"type": "Point", "coordinates": [-13652154.53075332, 8171338.388967787]}}, {"type": "Feature", "geometry": {"type": "Point", "coordinates": [-12994199.253316537, 8384766.322498371]}}, {"type": "Feature", "geometry": {"type": "Point", "coordinates": [-13575244.039377213, 8025311.517963392]}}, {"type": "Feature", "geometry": {"type": "Point", "coordinates": [-14374135.716537116, 9584766.808242358]}}, {"type": "Feature", "geometry": {"type": "Point", "coordinates": [-14368417.377288032, 9563392.896463903]}}, {"type": "Feature", "geometry": {"type": "Point", "coordinates": [-15633115.603768079, 8642107.982082004]}}, {"type": "Feature", "geometry": {"type": "Point", "coordinates": [-13295035.811172182, 9039218.520074455]}}, {"type": "Feature", "geometry": {"type": "Point", "coordinates": [-14038181.05828226, 7916266.304037186]}}, {"type": "Feature", "geometry": {"type": "Point", "coordinates": [-15418431.559346518, 8786823.456626037]}}, {"type": "Feature", "geometry": {"type": "Point", "coordinates": [-14822962.459239542, 8390705.878751919]}}, {"type": "Feature", "geometry": {"type": "Point", "coordinates": [-15225589.098171348, 6576853.46856173]}}, {"type": "Feature", "geometry": {"type": "Point", "coordinates": [-14829804.094797432, 8124026.60885718]}}, {"type": "Feature", "geometry": {"type": "Point", "coordinates": [-13947525.701279176, 8004802.623624923]}}, {"type": "Feature", "geometry": {"type": "Point", "coordinates": [-15412121.349414984, 8776919.018158719]}}, {"type": "Feature", "geometry": {"type": "Point", "coordinates": [-6432968.267993739, 7791749.143442821]}}, {"type": "Feature", "geometry": {"type": "Point", "coordinates": [-5739765.488681565, 3351428.209683351]}}, {"type": "Feature", "geometry": {"type": "Point", "coordinates": [-14321523.310613764, 8941438.76748653]}}, {"type": "Feature", "geometry": {"type": "Point", "coordinates": [-14441898.11655141, 9180613.935638517]}}, {"type": "Feature", "geometry": {"type": "Point", "coordinates": [-15710825.330780175, 8348528.22551489]}}]}